Rental ID,Rental Date,Month,Day of Week,Season,Customer Type,Rental Item,Rental Duration,Quantity,Unit Price,Add-on,Add-on Revenue,Discount Amount,Total Revenue,Employee Name,Launch Site,Payment Method,Weather
WSR-2026-0001,2026-01-01,January,Thursday,Winter,Resort Guest,Fishing Kayak,2 Hours,1,50.00,None,0.00,0.00,50.00,Isaac Patel,Lagoon Launch,Credit Card,Sunny
WSR-2026-0002,2026-01-01,January,Thursday,Winter,Group/Event,Single Kayak,2 Hours,1,38.00,None,0.00,0.00,38.00,Finn Johnson,Harbor Dock,Credit Card,Rainy
WSR-2026-0003,2026-01-02,January,Friday,Winter,Online Booking,Fishing Kayak,Half Day,1,76.00,Phone Pouch,5.00,0.00,81.00,Emma Wilson,Harbor Dock,Credit Card,Sunny
WSR-2026-0004,2026-01-02,January,Friday,Winter,Resort Guest,Tandem Kayak,Half Day,1,78.00,Phone Pouch,5.00,0.00,83.00,Chloe Nguyen,Beachfront Hut,Credit Card,Sunny
WSR-2026-0005,2026-01-02,January,Friday,Winter,Walk-in,Surfboard,2 Hours,1,36.00,None,0.00,0.00,36.00,Isaac Patel,Resort Pier,Debit Card,Sunny
WSR-2026-0006,2026-01-02,January,Friday,Winter,Member,Tandem Kayak,2 Hours,1,52.00,None,0.00,5.20,46.80,Chloe Nguyen,Marina Kiosk,Debit Card,Rainy
WSR-2026-0007,2026-01-03,January,Saturday,Winter,Online Booking,Tandem Kayak,2 Hours,1,56.16,None,0.00,0.00,56.16,Ben Carter,Harbor Dock,Credit Card,Cloudy
WSR-2026-0008,2026-01-03,January,Saturday,Winter,Walk-in,Tandem Kayak,1 Hour,1,36.72,GoPro Mount,8.00,0.00,44.72,Ava Martinez,Lagoon Launch,Cash,Sunny
WSR-2026-0009,2026-01-03,January,Saturday,Winter,Walk-in,Snorkel Set,1 Hour,1,12.96,None,0.00,0.00,12.96,Mia Thompson,Marina Kiosk,Debit Card,Sunny
WSR-2026-0010,2026-01-04,January,Sunday,Winter,Group/Event,Tandem Kayak,2 Hours,1,56.16,None,0.00,5.62,50.54,Mia Thompson,Resort Pier,Debit Card,Cloudy
WSR-2026-0011,2026-01-04,January,Sunday,Winter,Walk-in,Single Kayak,Half Day,1,62.64,Premium Life Jacket,7.00,0.00,69.64,Hannah Brooks,Beachfront Hut,Credit Card,Sunny
WSR-2026-0012,2026-01-04,January,Sunday,Winter,Group/Event,Snorkel Set,1 Hour,1,12.96,None,0.00,1.30,11.66,Chloe Nguyen,Harbor Dock,Credit Card,Cloudy
WSR-2026-0013,2026-01-05,January,Monday,Winter,Online Booking,Surfboard,Half Day,1,54.00,Waterproof Speaker,12.00,3.30,62.70,Grace Lee,Resort Pier,Debit Card,Sunny
WSR-2026-0014,2026-01-08,January,Thursday,Winter,Online Booking,Stand-Up Paddle Board,1 Hour,1,26.00,GoPro Mount,8.00,0.00,34.00,Mia Thompson,Resort Pier,Cash,Windy
WSR-2026-0015,2026-01-08,January,Thursday,Winter,Group/Event,Fishing Kayak,Half Day,1,76.00,None,0.00,7.60,68.40,Emma Wilson,Resort Pier,Debit Card,Sunny
WSR-2026-0016,2026-01-08,January,Thursday,Winter,Resort Guest,Stand-Up Paddle Board,2 Hours,1,42.00,None,0.00,0.00,42.00,Isaac Patel,Beachfront Hut,Credit Card,Cloudy
WSR-2026-0017,2026-01-08,January,Thursday,Winter,Walk-in,Tandem Kayak,2 Hours,1,52.00,GoPro Mount,8.00,0.00,60.00,Isaac Patel,Harbor Dock,Gift Card,Sunny
WSR-2026-0018,2026-01-09,January,Friday,Winter,Resort Guest,Stand-Up Paddle Board,Half Day,1,62.00,None,0.00,0.00,62.00,Finn Johnson,Harbor Dock,Credit Card,Sunny
WSR-2026-0019,2026-01-09,January,Friday,Winter,Resort Guest,Pedal Boat,Half Day,1,86.00,Cooler Rental,10.00,0.00,96.00,Emma Wilson,Beachfront Hut,Credit Card,Cloudy
WSR-2026-0020,2026-01-09,January,Friday,Winter,Online Booking,Stand-Up Paddle Board,Half Day,1,62.00,Dry Bag,6.00,0.00,68.00,Isaac Patel,Beachfront Hut,Mobile Pay,Sunny
WSR-2026-0021,2026-01-09,January,Friday,Winter,Resort Guest,Stand-Up Paddle Board,Full Day,1,88.00,None,0.00,0.00,88.00,Emma Wilson,Harbor Dock,Debit Card,Sunny
WSR-2026-0022,2026-01-10,January,Saturday,Winter,Member,Surfboard,2 Hours,1,38.88,None,0.00,5.83,33.05,Diego Ramirez,Lagoon Launch,Cash,Cloudy
WSR-2026-0023,2026-01-11,January,Sunday,Winter,Walk-in,Tandem Kayak,2 Hours,1,56.16,Dry Bag,6.00,0.00,62.16,Isaac Patel,Beachfront Hut,Debit Card,Sunny
WSR-2026-0024,2026-01-11,January,Sunday,Winter,Resort Guest,Stand-Up Paddle Board,1 Hour,1,28.08,GoPro Mount,8.00,1.80,34.28,Mia Thompson,Beachfront Hut,Debit Card,Sunny
WSR-2026-0025,2026-01-11,January,Sunday,Winter,Walk-in,Tandem Kayak,Half Day,1,84.24,Premium Life Jacket,7.00,0.00,91.24,Diego Ramirez,Marina Kiosk,Mobile Pay,Cloudy
WSR-2026-0026,2026-01-11,January,Sunday,Winter,Online Booking,Tandem Kayak,1 Hour,1,36.72,Phone Pouch,5.00,0.00,41.72,Ava Martinez,Lagoon Launch,Debit Card,Cloudy
WSR-2026-0027,2026-01-11,January,Sunday,Winter,Online Booking,Tandem Kayak,Half Day,1,84.24,None,0.00,0.00,84.24,Chloe Nguyen,Lagoon Launch,Credit Card,Windy
WSR-2026-0028,2026-01-12,January,Monday,Winter,Walk-in,Fishing Kayak,1 Hour,1,32.00,GoPro Mount,8.00,0.00,40.00,Hannah Brooks,Resort Pier,Credit Card,Sunny
WSR-2026-0029,2026-01-13,January,Tuesday,Winter,Online Booking,Single Kayak,1 Hour,1,24.00,None,0.00,0.00,24.00,Diego Ramirez,Harbor Dock,Debit Card,Rainy
WSR-2026-0030,2026-01-13,January,Tuesday,Winter,Resort Guest,Pedal Boat,2 Hours,1,58.00,Phone Pouch,5.00,0.00,63.00,Emma Wilson,Lagoon Launch,Debit Card,Windy
WSR-2026-0031,2026-01-13,January,Tuesday,Winter,Walk-in,Pedal Boat,Half Day,1,86.00,None,0.00,0.00,86.00,Chloe Nguyen,Resort Pier,Cash,Sunny
WSR-2026-0032,2026-01-13,January,Tuesday,Winter,Walk-in,Snorkel Set,2 Hours,1,18.00,None,0.00,0.00,18.00,Chloe Nguyen,Lagoon Launch,Credit Card,Cloudy
WSR-2026-0033,2026-01-13,January,Tuesday,Winter,Walk-in,Stand-Up Paddle Board,1 Hour,1,26.00,Phone Pouch,5.00,0.00,31.00,Finn Johnson,Marina Kiosk,Mobile Pay,Cloudy
WSR-2026-0034,2026-01-13,January,Tuesday,Winter,Walk-in,Fishing Kayak,2 Hours,1,50.00,None,0.00,0.00,50.00,Ben Carter,Beachfront Hut,Credit Card,Rainy
WSR-2026-0035,2026-01-14,January,Wednesday,Winter,Walk-in,Fishing Kayak,Full Day,1,110.00,Cooler Rental,10.00,0.00,120.00,Ava Martinez,Lagoon Launch,Debit Card,Sunny
WSR-2026-0036,2026-01-15,January,Thursday,Winter,Walk-in,Bodyboard,1 Hour,1,14.00,GoPro Mount,8.00,0.00,22.00,Hannah Brooks,Marina Kiosk,Cash,Windy
WSR-2026-0037,2026-01-16,January,Friday,Winter,Online Booking,Single Kayak,2 Hours,1,38.00,None,0.00,0.00,38.00,Ava Martinez,Resort Pier,Credit Card,Sunny
WSR-2026-0038,2026-01-16,January,Friday,Winter,Resort Guest,Single Kayak,1 Hour,1,24.00,None,0.00,0.00,24.00,Finn Johnson,Beachfront Hut,Credit Card,Rainy
WSR-2026-0039,2026-01-17,January,Saturday,Winter,Online Booking,Stand-Up Paddle Board,1 Hour,1,28.08,None,0.00,0.00,28.08,Ava Martinez,Lagoon Launch,Credit Card,Cloudy
WSR-2026-0040,2026-01-17,January,Saturday,Winter,Resort Guest,Surfboard,2 Hours,1,38.88,None,0.00,0.00,38.88,Emma Wilson,Beachfront Hut,Credit Card,Rainy
WSR-2026-0041,2026-01-19,January,Monday,Winter,Walk-in,Pedal Boat,1 Hour,1,36.00,Premium Life Jacket,7.00,0.00,43.00,Ava Martinez,Resort Pier,Credit Card,Sunny
WSR-2026-0042,2026-01-19,January,Monday,Winter,Group/Event,Bodyboard,1 Hour,1,14.00,None,0.00,1.40,12.60,Finn Johnson,Resort Pier,Gift Card,Cloudy
WSR-2026-0043,2026-01-20,January,Tuesday,Winter,Resort Guest,Bodyboard,1 Hour,1,14.00,None,0.00,0.00,14.00,Finn Johnson,Marina Kiosk,Debit Card,Sunny
WSR-2026-0044,2026-01-21,January,Wednesday,Winter,Online Booking,Snorkel Set,1 Hour,1,12.00,None,0.00,0.00,12.00,Finn Johnson,Beachfront Hut,Credit Card,Rainy
WSR-2026-0045,2026-01-22,January,Thursday,Winter,Walk-in,Surfboard,2 Hours,1,36.00,GoPro Mount,8.00,0.00,44.00,Finn Johnson,Lagoon Launch,Mobile Pay,Rainy
WSR-2026-0046,2026-01-23,January,Friday,Winter,Walk-in,Stand-Up Paddle Board,2 Hours,1,42.00,Dry Bag,6.00,0.00,48.00,Grace Lee,Marina Kiosk,Credit Card,Sunny
WSR-2026-0047,2026-01-23,January,Friday,Winter,Resort Guest,Bodyboard,Full Day,1,48.00,Phone Pouch,5.00,0.00,53.00,Ava Martinez,Resort Pier,Credit Card,Windy
WSR-2026-0048,2026-01-23,January,Friday,Winter,Online Booking,Fishing Kayak,2 Hours,1,50.00,Premium Life Jacket,7.00,0.00,57.00,Ava Martinez,Beachfront Hut,Mobile Pay,Windy
WSR-2026-0049,2026-01-24,January,Saturday,Winter,Online Booking,Stand-Up Paddle Board,Half Day,1,66.96,None,0.00,0.00,66.96,Isaac Patel,Harbor Dock,Mobile Pay,Cloudy
WSR-2026-0050,2026-01-25,January,Sunday,Winter,Online Booking,Tandem Kayak,2 Hours,1,56.16,Phone Pouch,5.00,0.00,61.16,Ava Martinez,Lagoon Launch,Credit Card,Sunny
WSR-2026-0051,2026-01-25,January,Sunday,Winter,Online Booking,Wetsuit Rental,1 Hour,1,10.80,Cooler Rental,10.00,0.00,20.80,Grace Lee,Beachfront Hut,Credit Card,Cloudy
WSR-2026-0052,2026-01-26,January,Monday,Winter,Walk-in,Single Kayak,Full Day,1,84.00,None,0.00,0.00,84.00,Hannah Brooks,Marina Kiosk,Credit Card,Sunny
WSR-2026-0053,2026-01-26,January,Monday,Winter,Resort Guest,Stand-Up Paddle Board,1 Hour,1,26.00,Cooler Rental,10.00,0.00,36.00,Ben Carter,Marina Kiosk,Credit Card,Sunny
WSR-2026-0054,2026-01-28,January,Wednesday,Winter,Walk-in,Single Kayak,1 Hour,1,24.00,Phone Pouch,5.00,0.00,29.00,Hannah Brooks,Resort Pier,Cash,Sunny
WSR-2026-0055,2026-01-29,January,Thursday,Winter,Online Booking,Wetsuit Rental,Half Day,1,24.00,Phone Pouch,5.00,0.00,29.00,Emma Wilson,Beachfront Hut,Debit Card,Cloudy
WSR-2026-0056,2026-01-30,January,Friday,Winter,Resort Guest,Bodyboard,1 Hour,1,14.00,Cooler Rental,10.00,0.00,24.00,Ava Martinez,Beachfront Hut,Debit Card,Cloudy
WSR-2026-0057,2026-01-30,January,Friday,Winter,Resort Guest,Surfboard,1 Hour,1,22.00,None,0.00,0.00,22.00,Chloe Nguyen,Resort Pier,Credit Card,Cloudy
WSR-2026-0058,2026-01-30,January,Friday,Winter,Online Booking,Stand-Up Paddle Board,1 Hour,1,26.00,GoPro Mount,8.00,0.00,34.00,Isaac Patel,Marina Kiosk,Credit Card,Rainy
WSR-2026-0059,2026-01-31,January,Saturday,Winter,Online Booking,Snorkel Set,1 Hour,1,12.96,None,0.00,0.00,12.96,Isaac Patel,Resort Pier,Mobile Pay,Cloudy
WSR-2026-0060,2026-02-01,February,Sunday,Winter,Resort Guest,Fishing Kayak,2 Hours,1,54.00,None,0.00,0.00,54.00,Isaac Patel,Beachfront Hut,Mobile Pay,Sunny
WSR-2026-0061,2026-02-01,February,Sunday,Winter,Resort Guest,Hydro Bike,2 Hours,1,51.84,None,0.00,0.00,51.84,Ava Martinez,Beachfront Hut,Credit Card,Sunny
WSR-2026-0062,2026-02-02,February,Monday,Winter,Online Booking,Bodyboard,Half Day,1,34.00,None,0.00,0.00,34.00,Mia Thompson,Marina Kiosk,Credit Card,Windy
WSR-2026-0063,2026-02-02,February,Monday,Winter,Online Booking,Snorkel Set,1 Hour,1,12.00,None,0.00,0.00,12.00,Diego Ramirez,Marina Kiosk,Cash,Sunny
WSR-2026-0064,2026-02-02,February,Monday,Winter,Walk-in,Stand-Up Paddle Board,Half Day,1,62.00,Phone Pouch,5.00,0.00,67.00,Ben Carter,Marina Kiosk,Credit Card,Cloudy
WSR-2026-0065,2026-02-03,February,Tuesday,Winter,Walk-in,Surfboard,Full Day,1,76.00,Phone Pouch,5.00,0.00,81.00,Emma Wilson,Resort Pier,Debit Card,Cloudy
WSR-2026-0066,2026-02-03,February,Tuesday,Winter,Online Booking,Wetsuit Rental,1 Hour,1,10.00,Phone Pouch,5.00,0.00,15.00,Diego Ramirez,Resort Pier,Debit Card,Sunny
WSR-2026-0067,2026-02-04,February,Wednesday,Winter,Online Booking,Fishing Kayak,2 Hours,1,50.00,Phone Pouch,5.00,0.00,55.00,Diego Ramirez,Lagoon Launch,Gift Card,Cloudy
WSR-2026-0068,2026-02-04,February,Wednesday,Winter,Resort Guest,Single Kayak,2 Hours,1,38.00,GoPro Mount,8.00,0.00,46.00,Grace Lee,Lagoon Launch,Cash,Rainy
WSR-2026-0069,2026-02-05,February,Thursday,Winter,Online Booking,Bodyboard,1 Hour,1,14.00,None,0.00,0.00,14.00,Grace Lee,Beachfront Hut,Debit Card,Cloudy
WSR-2026-0070,2026-02-05,February,Thursday,Winter,Walk-in,Stand-Up Paddle Board,1 Hour,1,26.00,Dry Bag,6.00,0.00,32.00,Grace Lee,Marina Kiosk,Debit Card,Rainy
WSR-2026-0071,2026-02-05,February,Thursday,Winter,Online Booking,Surfboard,Half Day,1,54.00,None,0.00,0.00,54.00,Diego Ramirez,Harbor Dock,Debit Card,Sunny
WSR-2026-0072,2026-02-05,February,Thursday,Winter,Walk-in,Snorkel Set,1 Hour,1,12.00,None,0.00,0.00,12.00,Grace Lee,Lagoon Launch,Credit Card,Cloudy
WSR-2026-0073,2026-02-05,February,Thursday,Winter,Online Booking,Stand-Up Paddle Board,2 Hours,1,42.00,Phone Pouch,5.00,0.00,47.00,Chloe Nguyen,Resort Pier,Credit Card,Cloudy
WSR-2026-0074,2026-02-05,February,Thursday,Winter,Resort Guest,Hydro Bike,Half Day,1,72.00,None,0.00,0.00,72.00,Diego Ramirez,Lagoon Launch,Mobile Pay,Sunny
WSR-2026-0075,2026-02-06,February,Friday,Winter,Group/Event,Snorkel Set,1 Hour,1,12.00,Cooler Rental,10.00,1.10,20.90,Isaac Patel,Lagoon Launch,Cash,Cloudy
WSR-2026-0076,2026-02-06,February,Friday,Winter,Member,Bodyboard,Half Day,1,34.00,None,0.00,3.40,30.60,Mia Thompson,Harbor Dock,Credit Card,Sunny
WSR-2026-0077,2026-02-07,February,Saturday,Winter,Online Booking,Surfboard,2 Hours,1,38.88,Dry Bag,6.00,0.00,44.88,Finn Johnson,Lagoon Launch,Credit Card,Cloudy
WSR-2026-0078,2026-02-07,February,Saturday,Winter,Group/Event,Wetsuit Rental,1 Hour,1,10.80,Dry Bag,6.00,1.68,15.12,Finn Johnson,Lagoon Launch,Debit Card,Cloudy
WSR-2026-0079,2026-02-07,February,Saturday,Winter,Walk-in,Stand-Up Paddle Board,Half Day,1,66.96,None,0.00,0.00,66.96,Ava Martinez,Resort Pier,Credit Card,Cloudy
WSR-2026-0080,2026-02-07,February,Saturday,Winter,Group/Event,Stand-Up Paddle Board,2 Hours,1,45.36,Phone Pouch,5.00,2.52,47.84,Diego Ramirez,Beachfront Hut,Mobile Pay,Cloudy
WSR-2026-0081,2026-02-07,February,Saturday,Winter,Resort Guest,Stand-Up Paddle Board,2 Hours,1,45.36,Phone Pouch,5.00,0.00,50.36,Diego Ramirez,Beachfront Hut,Mobile Pay,Cloudy
WSR-2026-0082,2026-02-08,February,Sunday,Winter,Resort Guest,Bodyboard,Full Day,1,51.84,None,0.00,0.00,51.84,Mia Thompson,Marina Kiosk,Credit Card,Windy
WSR-2026-0083,2026-02-08,February,Sunday,Winter,Resort Guest,Single Kayak,2 Hours,1,41.04,Dry Bag,6.00,0.00,47.04,Emma Wilson,Lagoon Launch,Mobile Pay,Sunny
WSR-2026-0084,2026-02-08,February,Sunday,Winter,Walk-in,Surfboard,Full Day,1,82.08,Premium Life Jacket,7.00,0.00,89.08,Ava Martinez,Harbor Dock,Credit Card,Cloudy
WSR-2026-0085,2026-02-08,February,Sunday,Winter,Group/Event,Tandem Kayak,Half Day,1,84.24,None,0.00,8.42,75.82,Isaac Patel,Marina Kiosk,Debit Card,Rainy
WSR-2026-0086,2026-02-08,February,Sunday,Winter,Online Booking,Snorkel Set,1 Hour,1,12.96,None,0.00,0.00,12.96,Ava Martinez,Lagoon Launch,Debit Card,Cloudy
WSR-2026-0087,2026-02-09,February,Monday,Winter,Online Booking,Tandem Kayak,1 Hour,1,34.00,Phone Pouch,5.00,0.00,39.00,Ava Martinez,Harbor Dock,Debit Card,Cloudy
WSR-2026-0088,2026-02-09,February,Monday,Winter,Online Booking,Bodyboard,Half Day,1,34.00,Phone Pouch,5.00,0.00,39.00,Mia Thompson,Harbor Dock,Credit Card,Cloudy
WSR-2026-0089,2026-02-10,February,Tuesday,Winter,Group/Event,Bodyboard,1 Hour,1,14.00,None,0.00,1.40,12.60,Ava Martinez,Beachfront Hut,Debit Card,Sunny
WSR-2026-0090,2026-02-11,February,Wednesday,Winter,Online Booking,Stand-Up Paddle Board,Half Day,1,62.00,Premium Life Jacket,7.00,0.00,69.00,Grace Lee,Lagoon Launch,Mobile Pay,Sunny
WSR-2026-0091,2026-02-11,February,Wednesday,Winter,Walk-in,Fishing Kayak,1 Hour,1,32.00,Dry Bag,6.00,0.00,38.00,Finn Johnson,Harbor Dock,Credit Card,Windy
WSR-2026-0092,2026-02-11,February,Wednesday,Winter,Online Booking,Fishing Kayak,2 Hours,1,50.00,Phone Pouch,5.00,0.00,55.00,Ben Carter,Beachfront Hut,Debit Card,Sunny
WSR-2026-0093,2026-02-12,February,Thursday,Winter,Online Booking,Single Kayak,Half Day,1,58.00,None,0.00,0.00,58.00,Mia Thompson,Resort Pier,Debit Card,Cloudy
WSR-2026-0094,2026-02-12,February,Thursday,Winter,Walk-in,Stand-Up Paddle Board,1 Hour,1,26.00,Phone Pouch,5.00,0.00,31.00,Chloe Nguyen,Beachfront Hut,Debit Card,Sunny
WSR-2026-0095,2026-02-13,February,Friday,Winter,Walk-in,Tandem Kayak,1 Hour,1,34.00,Dry Bag,6.00,0.00,40.00,Grace Lee,Resort Pier,Credit Card,Cloudy
WSR-2026-0096,2026-02-13,February,Friday,Winter,Walk-in,Hydro Bike,Full Day,1,104.00,None,0.00,0.00,104.00,Grace Lee,Marina Kiosk,Credit Card,Sunny
WSR-2026-0097,2026-02-14,February,Saturday,Winter,Online Booking,Snorkel Set,2 Hours,1,19.44,None,0.00,0.00,19.44,Emma Wilson,Harbor Dock,Credit Card,Cloudy
WSR-2026-0098,2026-02-14,February,Saturday,Winter,Walk-in,Pedal Boat,Half Day,1,92.88,Dry Bag,6.00,0.00,98.88,Isaac Patel,Harbor Dock,Cash,Rainy
WSR-2026-0099,2026-02-14,February,Saturday,Winter,Group/Event,Pedal Boat,2 Hours,1,62.64,Dry Bag,6.00,6.86,61.78,Ben Carter,Harbor Dock,Debit Card,Cloudy
WSR-2026-0100,2026-02-15,February,Sunday,Winter,Resort Guest,Wetsuit Rental,2 Hours,1,17.28,None,0.00,0.00,17.28,Hannah Brooks,Lagoon Launch,Credit Card,Cloudy
WSR-2026-0101,2026-02-17,February,Tuesday,Winter,Walk-in,Single Kayak,2 Hours,1,38.00,None,0.00,0.00,38.00,Mia Thompson,Beachfront Hut,Cash,Sunny
WSR-2026-0102,2026-02-18,February,Wednesday,Winter,Online Booking,Single Kayak,2 Hours,1,38.00,Cooler Rental,10.00,0.00,48.00,Grace Lee,Lagoon Launch,Credit Card,Windy
WSR-2026-0103,2026-02-21,February,Saturday,Winter,Walk-in,Tandem Kayak,1 Hour,1,36.72,Phone Pouch,5.00,0.00,41.72,Hannah Brooks,Marina Kiosk,Debit Card,Cloudy
WSR-2026-0104,2026-02-21,February,Saturday,Winter,Walk-in,Single Kayak,Full Day,1,90.72,Phone Pouch,5.00,0.00,95.72,Isaac Patel,Lagoon Launch,Debit Card,Cloudy
WSR-2026-0105,2026-02-21,February,Saturday,Winter,Online Booking,Stand-Up Paddle Board,2 Hours,1,45.36,Cooler Rental,10.00,0.00,55.36,Chloe Nguyen,Beachfront Hut,Debit Card,Sunny
WSR-2026-0106,2026-02-21,February,Saturday,Winter,Online Booking,Fishing Kayak,2 Hours,1,54.00,Dry Bag,6.00,0.00,60.00,Ben Carter,Beachfront Hut,Credit Card,Cloudy
WSR-2026-0107,2026-02-22,February,Sunday,Winter,Walk-in,Tandem Kayak,1 Hour,1,36.72,Dry Bag,6.00,0.00,42.72,Grace Lee,Marina Kiosk,Cash,Windy
WSR-2026-0108,2026-02-22,February,Sunday,Winter,Walk-in,Surfboard,2 Hours,1,38.88,None,0.00,0.00,38.88,Ava Martinez,Harbor Dock,Credit Card,Cloudy
WSR-2026-0109,2026-02-23,February,Monday,Winter,Group/Event,Single Kayak,2 Hours,1,38.00,None,0.00,0.00,38.00,Chloe Nguyen,Beachfront Hut,Debit Card,Sunny
WSR-2026-0110,2026-02-23,February,Monday,Winter,Group/Event,Wetsuit Rental,2 Hours,1,16.00,Phone Pouch,5.00,1.05,19.95,Mia Thompson,Beachfront Hut,Credit Card,Rainy
WSR-2026-0111,2026-02-23,February,Monday,Winter,Resort Guest,Fishing Kayak,1 Hour,1,32.00,Dry Bag,6.00,0.00,38.00,Isaac Patel,Beachfront Hut,Debit Card,Cloudy
WSR-2026-0112,2026-02-24,February,Tuesday,Winter,Group/Event,Single Kayak,Half Day,1,58.00,Dry Bag,6.00,0.00,64.00,Chloe Nguyen,Marina Kiosk,Credit Card,Sunny
WSR-2026-0113,2026-02-25,February,Wednesday,Winter,Resort Guest,Surfboard,Full Day,1,76.00,Cooler Rental,10.00,0.00,86.00,Ben Carter,Resort Pier,Debit Card,Rainy
WSR-2026-0114,2026-02-25,February,Wednesday,Winter,Walk-in,Surfboard,Half Day,1,54.00,Phone Pouch,5.00,0.00,59.00,Finn Johnson,Harbor Dock,Mobile Pay,Windy
WSR-2026-0115,2026-02-25,February,Wednesday,Winter,Walk-in,Bodyboard,2 Hours,1,22.00,None,0.00,0.00,22.00,Chloe Nguyen,Marina Kiosk,Cash,Sunny
WSR-2026-0116,2026-02-26,February,Thursday,Winter,Resort Guest,Surfboard,Half Day,1,54.00,Phone Pouch,5.00,0.00,59.00,Ben Carter,Marina Kiosk,Cash,Rainy
WSR-2026-0117,2026-02-26,February,Thursday,Winter,Online Booking,Single Kayak,2 Hours,1,38.00,None,0.00,1.90,36.10,Hannah Brooks,Harbor Dock,Debit Card,Sunny
WSR-2026-0118,2026-02-26,February,Thursday,Winter,Resort Guest,Single Kayak,2 Hours,1,38.00,None,0.00,0.00,38.00,Ben Carter,Resort Pier,Credit Card,Windy
WSR-2026-0119,2026-02-27,February,Friday,Winter,Walk-in,Stand-Up Paddle Board,2 Hours,1,42.00,Phone Pouch,5.00,0.00,47.00,Diego Ramirez,Resort Pier,Debit Card,Sunny
WSR-2026-0120,2026-02-27,February,Friday,Winter,Walk-in,Surfboard,1 Hour,1,22.00,None,0.00,0.00,22.00,Hannah Brooks,Harbor Dock,Cash,Cloudy
WSR-2026-0121,2026-02-27,February,Friday,Winter,Walk-in,Snorkel Set,1 Hour,1,12.00,None,0.00,0.00,12.00,Finn Johnson,Harbor Dock,Credit Card,Rainy
WSR-2026-0122,2026-02-27,February,Friday,Winter,Walk-in,Single Kayak,1 Hour,1,24.00,Waterproof Speaker,12.00,0.00,36.00,Ava Martinez,Beachfront Hut,Credit Card,Cloudy
WSR-2026-0123,2026-02-28,February,Saturday,Winter,Online Booking,Snorkel Set,Full Day,1,43.20,Phone Pouch,5.00,0.00,48.20,Mia Thompson,Harbor Dock,Mobile Pay,Windy
WSR-2026-0124,2026-02-28,February,Saturday,Winter,Walk-in,Bodyboard,2 Hours,1,23.76,Phone Pouch,5.00,0.00,28.76,Chloe Nguyen,Harbor Dock,Cash,Cloudy
WSR-2026-0125,2026-02-28,February,Saturday,Winter,Resort Guest,Snorkel Set,2 Hours,1,19.44,None,0.00,0.00,19.44,Mia Thompson,Harbor Dock,Gift Card,Windy
WSR-2026-0126,2026-03-01,March,Sunday,Spring,Online Booking,Stand-Up Paddle Board,2 Hours,1,45.36,Dry Bag,6.00,0.00,51.36,Ava Martinez,Harbor Dock,Debit Card,Cloudy
WSR-2026-0127,2026-03-01,March,Sunday,Spring,Walk-in,Surfboard,2 Hours,1,38.88,GoPro Mount,8.00,0.00,46.88,Mia Thompson,Marina Kiosk,Mobile Pay,Cloudy
WSR-2026-0128,2026-03-01,March,Sunday,Spring,Walk-in,Tandem Kayak,2 Hours,1,56.16,None,0.00,0.00,56.16,Mia Thompson,Resort Pier,Mobile Pay,Windy
WSR-2026-0129,2026-03-01,March,Sunday,Spring,Resort Guest,Hydro Bike,2 Hours,1,51.84,Premium Life Jacket,7.00,0.00,58.84,Hannah Brooks,Lagoon Launch,Mobile Pay,Sunny
WSR-2026-0130,2026-03-02,March,Monday,Spring,Walk-in,Stand-Up Paddle Board,2 Hours,1,42.00,None,0.00,0.00,42.00,Grace Lee,Beachfront Hut,Debit Card,Sunny
WSR-2026-0131,2026-03-03,March,Tuesday,Spring,Online Booking,Stand-Up Paddle Board,Full Day,1,88.00,None,0.00,0.00,88.00,Chloe Nguyen,Harbor Dock,Credit Card,Cloudy
WSR-2026-0132,2026-03-03,March,Tuesday,Spring,Walk-in,Stand-Up Paddle Board,2 Hours,1,42.00,None,0.00,0.00,42.00,Finn Johnson,Beachfront Hut,Mobile Pay,Cloudy
WSR-2026-0133,2026-03-03,March,Tuesday,Spring,Walk-in,Fishing Kayak,2 Hours,1,50.00,Phone Pouch,5.00,0.00,55.00,Ben Carter,Beachfront Hut,Mobile Pay,Windy
WSR-2026-0134,2026-03-03,March,Tuesday,Spring,Walk-in,Stand-Up Paddle Board,Half Day,1,62.00,None,0.00,0.00,62.00,Emma Wilson,Harbor Dock,Cash,Sunny
WSR-2026-0135,2026-03-04,March,Wednesday,Spring,Online Booking,Single Kayak,2 Hours,1,38.00,Dry Bag,6.00,0.00,44.00,Mia Thompson,Lagoon Launch,Debit Card,Rainy
WSR-2026-0136,2026-03-05,March,Thursday,Spring,Walk-in,Fishing Kayak,1 Hour,1,32.00,Dry Bag,6.00,1.90,36.10,Hannah Brooks,Marina Kiosk,Mobile Pay,Sunny
WSR-2026-0137,2026-03-05,March,Thursday,Spring,Resort Guest,Stand-Up Paddle Board,Half Day,1,62.00,None,0.00,0.00,62.00,Emma Wilson,Lagoon Launch,Debit Card,Sunny
WSR-2026-0138,2026-03-05,March,Thursday,Spring,Walk-in,Tandem Kayak,2 Hours,1,52.00,Dry Bag,6.00,0.00,58.00,Finn Johnson,Beachfront Hut,Credit Card,Rainy
WSR-2026-0139,2026-03-06,March,Friday,Spring,Online Booking,Stand-Up Paddle Board,1 Hour,1,26.00,None,0.00,0.00,26.00,Diego Ramirez,Marina Kiosk,Credit Card,Sunny
WSR-2026-0140,2026-03-06,March,Friday,Spring,Walk-in,Single Kayak,2 Hours,1,38.00,None,0.00,0.00,38.00,Chloe Nguyen,Marina Kiosk,Mobile Pay,Sunny
WSR-2026-0141,2026-03-06,March,Friday,Spring,Online Booking,Hydro Bike,Half Day,1,72.00,None,0.00,0.00,72.00,Ben Carter,Resort Pier,Debit Card,Sunny
WSR-2026-0142,2026-03-06,March,Friday,Spring,Group/Event,Stand-Up Paddle Board,1 Hour,1,26.00,None,0.00,0.00,26.00,Grace Lee,Harbor Dock,Credit Card,Sunny
WSR-2026-0143,2026-03-07,March,Saturday,Spring,Resort Guest,Pedal Boat,1 Hour,1,38.88,None,0.00,0.00,38.88,Finn Johnson,Lagoon Launch,Credit Card,Sunny
WSR-2026-0144,2026-03-07,March,Saturday,Spring,Online Booking,Stand-Up Paddle Board,Half Day,1,66.96,Dry Bag,6.00,0.00,72.96,Emma Wilson,Lagoon Launch,Credit Card,Cloudy
WSR-2026-0145,2026-03-07,March,Saturday,Spring,Group/Event,Stand-Up Paddle Board,Half Day,1,66.96,None,0.00,3.35,63.61,Emma Wilson,Beachfront Hut,Mobile Pay,Cloudy
WSR-2026-0146,2026-03-07,March,Saturday,Spring,Online Booking,Fishing Kayak,2 Hours,1,54.00,None,0.00,0.00,54.00,Ava Martinez,Lagoon Launch,Credit Card,Sunny
WSR-2026-0147,2026-03-07,March,Saturday,Spring,Resort Guest,Tandem Kayak,1 Hour,1,36.72,None,0.00,0.00,36.72,Isaac Patel,Lagoon Launch,Cash,Sunny
WSR-2026-0148,2026-03-08,March,Sunday,Spring,Group/Event,Stand-Up Paddle Board,1 Hour,1,28.08,None,0.00,0.00,28.08,Grace Lee,Harbor Dock,Credit Card,Sunny
WSR-2026-0149,2026-03-08,March,Sunday,Spring,Online Booking,Single Kayak,Full Day,1,90.72,None,0.00,0.00,90.72,Emma Wilson,Harbor Dock,Credit Card,Cloudy
WSR-2026-0150,2026-03-08,March,Sunday,Spring,Online Booking,Single Kayak,Full Day,1,90.72,None,0.00,0.00,90.72,Emma Wilson,Beachfront Hut,Credit Card,Windy
WSR-2026-0151,2026-03-08,March,Sunday,Spring,Group/Event,Single Kayak,2 Hours,1,41.04,None,0.00,2.05,38.99,Emma Wilson,Resort Pier,Mobile Pay,Sunny
WSR-2026-0152,2026-03-08,March,Sunday,Spring,Online Booking,Single Kayak,Full Day,1,90.72,Dry Bag,6.00,0.00,96.72,Hannah Brooks,Resort Pier,Credit Card,Cloudy
WSR-2026-0153,2026-03-08,March,Sunday,Spring,Online Booking,Surfboard,Full Day,1,82.08,None,0.00,0.00,82.08,Chloe Nguyen,Marina Kiosk,Credit Card,Sunny
WSR-2026-0154,2026-03-09,March,Monday,Spring,Group/Event,Single Kayak,Half Day,1,58.00,None,0.00,2.90,55.10,Emma Wilson,Marina Kiosk,Mobile Pay,Sunny
WSR-2026-0155,2026-03-09,March,Monday,Spring,Walk-in,Single Kayak,2 Hours,1,38.00,None,0.00,1.90,36.10,Diego Ramirez,Marina Kiosk,Mobile Pay,Sunny
WSR-2026-0156,2026-03-09,March,Monday,Spring,Online Booking,Tandem Kayak,Half Day,1,78.00,Cooler Rental,10.00,0.00,88.00,Ava Martinez,Beachfront Hut,Debit Card,Cloudy
WSR-2026-0157,2026-03-10,March,Tuesday,Spring,Walk-in,Bodyboard,Half Day,1,34.00,Phone Pouch,5.00,0.00,39.00,Chloe Nguyen,Beachfront Hut,Mobile Pay,Sunny
WSR-2026-0158,2026-03-10,March,Tuesday,Spring,Online Booking,Tandem Kayak,2 Hours,1,52.00,None,0.00,0.00,52.00,Ben Carter,Harbor Dock,Credit Card,Rainy
WSR-2026-0159,2026-03-10,March,Tuesday,Spring,Walk-in,Single Kayak,Full Day,1,84.00,None,0.00,0.00,84.00,Ava Martinez,Harbor Dock,Credit Card,Sunny
WSR-2026-0160,2026-03-11,March,Wednesday,Spring,Resort Guest,Stand-Up Paddle Board,1 Hour,1,26.00,Premium Life Jacket,7.00,0.00,33.00,Hannah Brooks,Lagoon Launch,Credit Card,Cloudy
WSR-2026-0161,2026-03-11,March,Wednesday,Spring,Online Booking,Single Kayak,1 Hour,1,24.00,Dry Bag,6.00,0.00,30.00,Mia Thompson,Lagoon Launch,Cash,Windy
WSR-2026-0162,2026-03-11,March,Wednesday,Spring,Walk-in,Single Kayak,Half Day,1,58.00,GoPro Mount,8.00,0.00,66.00,Hannah Brooks,Harbor Dock,Credit Card,Cloudy
WSR-2026-0163,2026-03-11,March,Wednesday,Spring,Walk-in,Single Kayak,2 Hours,1,38.00,None,0.00,0.00,38.00,Mia Thompson,Beachfront Hut,Debit Card,Sunny
WSR-2026-0164,2026-03-12,March,Thursday,Spring,Walk-in,Wetsuit Rental,2 Hours,1,16.00,Phone Pouch,5.00,0.00,21.00,Isaac Patel,Beachfront Hut,Gift Card,Sunny
WSR-2026-0165,2026-03-12,March,Thursday,Spring,Resort Guest,Stand-Up Paddle Board,1 Hour,1,26.00,Dry Bag,6.00,0.00,32.00,Chloe Nguyen,Harbor Dock,Debit Card,Cloudy
WSR-2026-0166,2026-03-12,March,Thursday,Spring,Resort Guest,Snorkel Set,1 Hour,1,12.00,None,0.00,0.00,12.00,Grace Lee,Lagoon Launch,Mobile Pay,Rainy
WSR-2026-0167,2026-03-12,March,Thursday,Spring,Online Booking,Bodyboard,1 Hour,1,14.00,Phone Pouch,5.00,0.00,19.00,Ben Carter,Beachfront Hut,Credit Card,Cloudy
WSR-2026-0168,2026-03-13,March,Friday,Spring,Group/Event,Bodyboard,2 Hours,1,22.00,Phone Pouch,5.00,0.00,27.00,Grace Lee,Lagoon Launch,Cash,Sunny
WSR-2026-0169,2026-03-13,March,Friday,Spring,Online Booking,Single Kayak,Half Day,1,58.00,Dry Bag,6.00,0.00,64.00,Finn Johnson,Resort Pier,Credit Card,Cloudy
WSR-2026-0170,2026-03-13,March,Friday,Spring,Group/Event,Tandem Kayak,Half Day,1,78.00,Dry Bag,6.00,0.00,84.00,Emma Wilson,Marina Kiosk,Credit Card,Sunny
WSR-2026-0171,2026-03-13,March,Friday,Spring,Online Booking,Stand-Up Paddle Board,1 Hour,1,26.00,None,0.00,0.00,26.00,Ava Martinez,Lagoon Launch,Cash,Sunny
WSR-2026-0172,2026-03-13,March,Friday,Spring,Online Booking,Snorkel Set,2 Hours,1,18.00,None,0.00,0.00,18.00,Emma Wilson,Resort Pier,Credit Card,Sunny
WSR-2026-0173,2026-03-13,March,Friday,Spring,Walk-in,Stand-Up Paddle Board,1 Hour,1,26.00,Phone Pouch,5.00,1.55,29.45,Mia Thompson,Beachfront Hut,Mobile Pay,Sunny
WSR-2026-0174,2026-03-13,March,Friday,Spring,Online Booking,Stand-Up Paddle Board,1 Hour,1,26.00,Cooler Rental,10.00,0.00,36.00,Emma Wilson,Resort Pier,Credit Card,Sunny
WSR-2026-0175,2026-03-14,March,Saturday,Spring,Group/Event,Bodyboard,1 Hour,1,15.12,None,0.00,0.76,14.36,Mia Thompson,Harbor Dock,Debit Card,Cloudy
WSR-2026-0176,2026-03-14,March,Saturday,Spring,Group/Event,Stand-Up Paddle Board,Half Day,1,66.96,Cooler Rental,10.00,7.70,69.26,Ava Martinez,Resort Pier,Credit Card,Sunny
WSR-2026-0177,2026-03-14,March,Saturday,Spring,Member,Single Kayak,1 Hour,1,25.92,Premium Life Jacket,7.00,3.29,29.63,Ava Martinez,Beachfront Hut,Debit Card,Sunny
WSR-2026-0178,2026-03-14,March,Saturday,Spring,Online Booking,Surfboard,1 Hour,1,23.76,None,0.00,0.00,23.76,Diego Ramirez,Harbor Dock,Cash,Cloudy
WSR-2026-0179,2026-03-14,March,Saturday,Spring,Online Booking,Bodyboard,Half Day,1,36.72,None,0.00,0.00,36.72,Finn Johnson,Resort Pier,Credit Card,Sunny
WSR-2026-0180,2026-03-14,March,Saturday,Spring,Walk-in,Wetsuit Rental,2 Hours,1,17.28,None,0.00,0.00,17.28,Chloe Nguyen,Lagoon Launch,Credit Card,Cloudy
WSR-2026-0181,2026-03-15,March,Sunday,Spring,Walk-in,Pedal Boat,1 Hour,1,38.88,Dry Bag,6.00,0.00,44.88,Finn Johnson,Lagoon Launch,Credit Card,Sunny
WSR-2026-0182,2026-03-15,March,Sunday,Spring,Walk-in,Wetsuit Rental,1 Hour,1,10.80,None,0.00,0.54,10.26,Ben Carter,Lagoon Launch,Credit Card,Rainy
WSR-2026-0183,2026-03-15,March,Sunday,Spring,Resort Guest,Tandem Kayak,1 Hour,1,36.72,Premium Life Jacket,7.00,0.00,43.72,Mia Thompson,Resort Pier,Debit Card,Windy
WSR-2026-0184,2026-03-15,March,Sunday,Spring,Walk-in,Single Kayak,1 Hour,1,25.92,None,0.00,0.00,25.92,Finn Johnson,Beachfront Hut,Credit Card,Sunny
WSR-2026-0185,2026-03-15,March,Sunday,Spring,Walk-in,Surfboard,2 Hours,1,38.88,None,0.00,0.00,38.88,Emma Wilson,Marina Kiosk,Cash,Cloudy
WSR-2026-0186,2026-03-15,March,Sunday,Spring,Online Booking,Surfboard,Full Day,1,82.08,None,0.00,0.00,82.08,Finn Johnson,Harbor Dock,Cash,Windy
WSR-2026-0187,2026-03-16,March,Monday,Spring,Online Booking,Stand-Up Paddle Board,Half Day,1,62.00,Waterproof Speaker,12.00,0.00,74.00,Hannah Brooks,Resort Pier,Mobile Pay,Cloudy
WSR-2026-0188,2026-03-16,March,Monday,Spring,Online Booking,Bodyboard,1 Hour,1,14.00,None,0.00,0.00,14.00,Chloe Nguyen,Beachfront Hut,Credit Card,Cloudy
WSR-2026-0189,2026-03-16,March,Monday,Spring,Resort Guest,Wetsuit Rental,Full Day,1,34.00,Dry Bag,6.00,0.00,40.00,Emma Wilson,Marina Kiosk,Credit Card,Sunny
WSR-2026-0190,2026-03-17,March,Tuesday,Spring,Online Booking,Stand-Up Paddle Board,Half Day,1,62.00,None,0.00,0.00,62.00,Emma Wilson,Beachfront Hut,Cash,Sunny
WSR-2026-0191,2026-03-17,March,Tuesday,Spring,Online Booking,Tandem Kayak,2 Hours,1,52.00,Dry Bag,6.00,0.00,58.00,Emma Wilson,Beachfront Hut,Credit Card,Cloudy
WSR-2026-0192,2026-03-17,March,Tuesday,Spring,Walk-in,Stand-Up Paddle Board,Full Day,1,88.00,Phone Pouch,5.00,0.00,93.00,Diego Ramirez,Lagoon Launch,Credit Card,Cloudy
WSR-2026-0193,2026-03-18,March,Wednesday,Spring,Walk-in,Snorkel Set,1 Hour,1,12.00,Cooler Rental,10.00,0.00,22.00,Finn Johnson,Marina Kiosk,Credit Card,Windy
WSR-2026-0194,2026-03-18,March,Wednesday,Spring,Resort Guest,Tandem Kayak,2 Hours,1,52.00,Cooler Rental,10.00,0.00,62.00,Ava Martinez,Resort Pier,Mobile Pay,Windy
WSR-2026-0195,2026-03-18,March,Wednesday,Spring,Resort Guest,Hydro Bike,1 Hour,1,30.00,None,0.00,0.00,30.00,Ava Martinez,Beachfront Hut,Cash,Sunny
WSR-2026-0196,2026-03-19,March,Thursday,Spring,Online Booking,Surfboard,Half Day,1,54.00,Phone Pouch,5.00,0.00,59.00,Grace Lee,Harbor Dock,Credit Card,Windy
WSR-2026-0197,2026-03-19,March,Thursday,Spring,Walk-in,Surfboard,1 Hour,1,22.00,None,0.00,0.00,22.00,Chloe Nguyen,Marina Kiosk,Debit Card,Sunny
WSR-2026-0198,2026-03-20,March,Friday,Spring,Group/Event,Stand-Up Paddle Board,1 Hour,1,26.00,Phone Pouch,5.00,0.00,31.00,Ava Martinez,Marina Kiosk,Credit Card,Sunny
WSR-2026-0199,2026-03-20,March,Friday,Spring,Walk-in,Wetsuit Rental,1 Hour,1,10.00,Cooler Rental,10.00,0.00,20.00,Ben Carter,Resort Pier,Mobile Pay,Cloudy
WSR-2026-0200,2026-03-20,March,Friday,Spring,Group/Event,Snorkel Set,1 Hour,1,12.00,None,0.00,0.60,11.40,Diego Ramirez,Beachfront Hut,Credit Card,Cloudy
WSR-2026-0201,2026-03-20,March,Friday,Spring,Member,Stand-Up Paddle Board,1 Hour,1,26.00,Premium Life Jacket,7.00,4.95,28.05,Hannah Brooks,Lagoon Launch,Mobile Pay,Windy
WSR-2026-0202,2026-03-20,March,Friday,Spring,Online Booking,Hydro Bike,1 Hour,1,30.00,None,0.00,0.00,30.00,Mia Thompson,Beachfront Hut,Credit Card,Sunny
WSR-2026-0203,2026-03-21,March,Saturday,Spring,Online Booking,Wetsuit Rental,2 Hours,1,17.28,None,0.00,0.00,17.28,Ben Carter,Lagoon Launch,Mobile Pay,Sunny
WSR-2026-0204,2026-03-21,March,Saturday,Spring,Walk-in,Surfboard,1 Hour,1,23.76,Dry Bag,6.00,0.00,29.76,Isaac Patel,Lagoon Launch,Debit Card,Windy
WSR-2026-0205,2026-03-21,March,Saturday,Spring,Group/Event,Fishing Kayak,2 Hours,1,54.00,GoPro Mount,8.00,6.20,55.80,Mia Thompson,Beachfront Hut,Credit Card,Cloudy
WSR-2026-0206,2026-03-21,March,Saturday,Spring,Walk-in,Wetsuit Rental,1 Hour,1,10.80,Cooler Rental,10.00,0.00,20.80,Hannah Brooks,Marina Kiosk,Mobile Pay,Sunny
WSR-2026-0207,2026-03-21,March,Saturday,Spring,Online Booking,Snorkel Set,Half Day,1,30.24,Phone Pouch,5.00,0.00,35.24,Ben Carter,Beachfront Hut,Credit Card,Cloudy
WSR-2026-0208,2026-03-21,March,Saturday,Spring,Online Booking,Bodyboard,1 Hour,1,15.12,None,0.00,0.00,15.12,Grace Lee,Lagoon Launch,Credit Card,Cloudy
WSR-2026-0209,2026-03-21,March,Saturday,Spring,Online Booking,Single Kayak,Half Day,1,62.64,Phone Pouch,5.00,0.00,67.64,Diego Ramirez,Marina Kiosk,Credit Card,Sunny
WSR-2026-0210,2026-03-21,March,Saturday,Spring,Walk-in,Single Kayak,Half Day,1,62.64,None,0.00,0.00,62.64,Hannah Brooks,Beachfront Hut,Cash,Sunny
WSR-2026-0211,2026-03-21,March,Saturday,Spring,Group/Event,Fishing Kayak,Full Day,1,118.80,Dry Bag,6.00,6.24,118.56,Isaac Patel,Beachfront Hut,Credit Card,Cloudy
WSR-2026-0212,2026-03-21,March,Saturday,Spring,Resort Guest,Bodyboard,Half Day,1,36.72,None,0.00,0.00,36.72,Finn Johnson,Resort Pier,Debit Card,Windy
WSR-2026-0213,2026-03-21,March,Saturday,Spring,Online Booking,Hydro Bike,2 Hours,1,51.84,Cooler Rental,10.00,3.09,58.75,Mia Thompson,Resort Pier,Debit Card,Rainy
WSR-2026-0214,2026-03-22,March,Sunday,Spring,Resort Guest,Single Kayak,2 Hours,1,41.04,Premium Life Jacket,7.00,0.00,48.04,Emma Wilson,Lagoon Launch,Cash,Sunny
WSR-2026-0215,2026-03-22,March,Sunday,Spring,Group/Event,Single Kayak,1 Hour,1,25.92,Phone Pouch,5.00,0.00,30.92,Emma Wilson,Marina Kiosk,Credit Card,Sunny
WSR-2026-0216,2026-03-22,March,Sunday,Spring,Group/Event,Tandem Kayak,2 Hours,1,56.16,Dry Bag,6.00,3.11,59.05,Diego Ramirez,Marina Kiosk,Credit Card,Sunny
WSR-2026-0217,2026-03-22,March,Sunday,Spring,Group/Event,Fishing Kayak,Full Day,1,118.80,None,0.00,5.94,112.86,Grace Lee,Beachfront Hut,Cash,Sunny
WSR-2026-0218,2026-03-22,March,Sunday,Spring,Online Booking,Single Kayak,2 Hours,1,41.04,Dry Bag,6.00,0.00,47.04,Hannah Brooks,Resort Pier,Debit Card,Sunny
WSR-2026-0219,2026-03-22,March,Sunday,Spring,Walk-in,Surfboard,1 Hour,1,23.76,None,0.00,0.00,23.76,Isaac Patel,Beachfront Hut,Mobile Pay,Sunny
WSR-2026-0220,2026-03-23,March,Monday,Spring,Walk-in,Snorkel Set,2 Hours,1,18.00,GoPro Mount,8.00,0.00,26.00,Finn Johnson,Harbor Dock,Mobile Pay,Rainy
WSR-2026-0221,2026-03-23,March,Monday,Spring,Walk-in,Single Kayak,Half Day,1,58.00,Dry Bag,6.00,0.00,64.00,Hannah Brooks,Resort Pier,Mobile Pay,Sunny
WSR-2026-0222,2026-03-23,March,Monday,Spring,Online Booking,Surfboard,2 Hours,1,36.00,None,0.00,0.00,36.00,Chloe Nguyen,Resort Pier,Credit Card,Cloudy
WSR-2026-0223,2026-03-24,March,Tuesday,Spring,Walk-in,Hydro Bike,1 Hour,1,30.00,None,0.00,0.00,30.00,Ben Carter,Harbor Dock,Debit Card,Windy
WSR-2026-0224,2026-03-24,March,Tuesday,Spring,Walk-in,Tandem Kayak,Full Day,1,112.00,None,0.00,0.00,112.00,Grace Lee,Resort Pier,Debit Card,Cloudy
WSR-2026-0225,2026-03-24,March,Tuesday,Spring,Member,Surfboard,2 Hours,1,36.00,GoPro Mount,8.00,6.60,37.40,Mia Thompson,Harbor Dock,Cash,Sunny
WSR-2026-0226,2026-03-25,March,Wednesday,Spring,Resort Guest,Fishing Kayak,Half Day,1,76.00,Cooler Rental,10.00,0.00,86.00,Emma Wilson,Harbor Dock,Debit Card,Sunny
WSR-2026-0227,2026-03-25,March,Wednesday,Spring,Resort Guest,Surfboard,2 Hours,1,36.00,Dry Bag,6.00,0.00,42.00,Grace Lee,Resort Pier,Gift Card,Sunny
WSR-2026-0228,2026-03-25,March,Wednesday,Spring,Member,Snorkel Set,Full Day,1,40.00,None,0.00,6.00,34.00,Chloe Nguyen,Resort Pier,Gift Card,Sunny
WSR-2026-0229,2026-03-25,March,Wednesday,Spring,Online Booking,Single Kayak,2 Hours,1,38.00,Phone Pouch,5.00,0.00,43.00,Ben Carter,Resort Pier,Credit Card,Sunny
WSR-2026-0230,2026-03-26,March,Thursday,Spring,Online Booking,Tandem Kayak,1 Hour,1,34.00,GoPro Mount,8.00,0.00,42.00,Ben Carter,Resort Pier,Gift Card,Sunny
WSR-2026-0231,2026-03-27,March,Friday,Spring,Online Booking,Stand-Up Paddle Board,2 Hours,1,42.00,None,0.00,0.00,42.00,Chloe Nguyen,Harbor Dock,Credit Card,Sunny
WSR-2026-0232,2026-03-27,March,Friday,Spring,Resort Guest,Stand-Up Paddle Board,1 Hour,1,26.00,None,0.00,0.00,26.00,Finn Johnson,Harbor Dock,Mobile Pay,Sunny
WSR-2026-0233,2026-03-27,March,Friday,Spring,Online Booking,Pedal Boat,Full Day,1,124.00,None,0.00,6.20,117.80,Ben Carter,Beachfront Hut,Debit Card,Windy
WSR-2026-0234,2026-03-27,March,Friday,Spring,Resort Guest,Surfboard,2 Hours,1,36.00,None,0.00,0.00,36.00,Isaac Patel,Lagoon Launch,Debit Card,Cloudy
WSR-2026-0235,2026-03-27,March,Friday,Spring,Online Booking,Surfboard,1 Hour,1,22.00,None,0.00,0.00,22.00,Hannah Brooks,Harbor Dock,Mobile Pay,Sunny
WSR-2026-0236,2026-03-28,March,Saturday,Spring,Online Booking,Single Kayak,Full Day,1,90.72,Cooler Rental,10.00,0.00,100.72,Diego Ramirez,Resort Pier,Credit Card,Cloudy
WSR-2026-0237,2026-03-28,March,Saturday,Spring,Resort Guest,Tandem Kayak,Half Day,1,84.24,None,0.00,0.00,84.24,Isaac Patel,Lagoon Launch,Credit Card,Rainy
WSR-2026-0238,2026-03-28,March,Saturday,Spring,Walk-in,Tandem Kayak,1 Hour,1,36.72,GoPro Mount,8.00,0.00,44.72,Mia Thompson,Marina Kiosk,Debit Card,Cloudy
WSR-2026-0239,2026-03-28,March,Saturday,Spring,Walk-in,Fishing Kayak,1 Hour,1,34.56,Dry Bag,6.00,0.00,40.56,Chloe Nguyen,Lagoon Launch,Credit Card,Windy
WSR-2026-0240,2026-03-28,March,Saturday,Spring,Resort Guest,Pedal Boat,Full Day,1,133.92,None,0.00,0.00,133.92,Emma Wilson,Resort Pier,Credit Card,Sunny
WSR-2026-0241,2026-03-28,March,Saturday,Spring,Group/Event,Single Kayak,Half Day,1,62.64,None,0.00,0.00,62.64,Ava Martinez,Lagoon Launch,Credit Card,Cloudy
WSR-2026-0242,2026-03-28,March,Saturday,Spring,Walk-in,Bodyboard,1 Hour,1,15.12,None,0.00,0.00,15.12,Hannah Brooks,Harbor Dock,Credit Card,Sunny
WSR-2026-0243,2026-03-29,March,Sunday,Spring,Online Booking,Single Kayak,Full Day,1,90.72,None,0.00,0.00,90.72,Finn Johnson,Lagoon Launch,Credit Card,Cloudy
WSR-2026-0244,2026-03-29,March,Sunday,Spring,Walk-in,Tandem Kayak,1 Hour,1,36.72,Dry Bag,6.00,0.00,42.72,Emma Wilson,Beachfront Hut,Credit Card,Windy
WSR-2026-0245,2026-03-29,March,Sunday,Spring,Walk-in,Single Kayak,2 Hours,1,41.04,None,0.00,0.00,41.04,Isaac Patel,Marina Kiosk,Debit Card,Sunny
WSR-2026-0246,2026-03-29,March,Sunday,Spring,Resort Guest,Hydro Bike,Half Day,1,77.76,Dry Bag,6.00,0.00,83.76,Hannah Brooks,Marina Kiosk,Debit Card,Sunny
WSR-2026-0247,2026-03-29,March,Sunday,Spring,Walk-in,Hydro Bike,Half Day,1,77.76,None,0.00,0.00,77.76,Hannah Brooks,Marina Kiosk,Credit Card,Sunny
WSR-2026-0248,2026-03-29,March,Sunday,Spring,Group/Event,Pedal Boat,2 Hours,1,62.64,None,0.00,6.26,56.38,Mia Thompson,Lagoon Launch,Cash,Windy
WSR-2026-0249,2026-03-29,March,Sunday,Spring,Online Booking,Stand-Up Paddle Board,1 Hour,1,28.08,None,0.00,0.00,28.08,Ben Carter,Lagoon Launch,Debit Card,Sunny
WSR-2026-0250,2026-03-29,March,Sunday,Spring,Resort Guest,Single Kayak,Half Day,1,62.64,None,0.00,0.00,62.64,Hannah Brooks,Resort Pier,Debit Card,Cloudy
WSR-2026-0251,2026-03-29,March,Sunday,Spring,Walk-in,Tandem Kayak,1 Hour,1,36.72,Dry Bag,6.00,0.00,42.72,Ben Carter,Resort Pier,Credit Card,Rainy
WSR-2026-0252,2026-03-29,March,Sunday,Spring,Resort Guest,Surfboard,2 Hours,1,38.88,None,0.00,0.00,38.88,Hannah Brooks,Resort Pier,Mobile Pay,Sunny
WSR-2026-0253,2026-03-30,March,Monday,Spring,Walk-in,Surfboard,1 Hour,1,22.00,None,0.00,0.00,22.00,Diego Ramirez,Resort Pier,Credit Card,Windy
WSR-2026-0254,2026-03-31,March,Tuesday,Spring,Online Booking,Snorkel Set,2 Hours,1,18.00,Phone Pouch,5.00,0.00,23.00,Isaac Patel,Resort Pier,Mobile Pay,Cloudy
WSR-2026-0255,2026-03-31,March,Tuesday,Spring,Walk-in,Single Kayak,1 Hour,1,24.00,Dry Bag,6.00,0.00,30.00,Finn Johnson,Beachfront Hut,Credit Card,Windy
WSR-2026-0256,2026-04-01,April,Wednesday,Spring,Online Booking,Tandem Kayak,Half Day,1,78.00,Waterproof Speaker,12.00,0.00,90.00,Grace Lee,Lagoon Launch,Gift Card,Cloudy
WSR-2026-0257,2026-04-01,April,Wednesday,Spring,Group/Event,Bodyboard,2 Hours,1,22.00,Cooler Rental,10.00,0.00,32.00,Diego Ramirez,Resort Pier,Mobile Pay,Sunny
WSR-2026-0258,2026-04-01,April,Wednesday,Spring,Walk-in,Surfboard,Full Day,1,76.00,None,0.00,3.80,72.20,Emma Wilson,Resort Pier,Credit Card,Sunny
WSR-2026-0259,2026-04-02,April,Thursday,Spring,Online Booking,Stand-Up Paddle Board,2 Hours,1,42.00,Phone Pouch,5.00,0.00,47.00,Ben Carter,Marina Kiosk,Mobile Pay,Sunny
WSR-2026-0260,2026-04-02,April,Thursday,Spring,Group/Event,Stand-Up Paddle Board,1 Hour,1,26.00,None,0.00,0.00,26.00,Ava Martinez,Harbor Dock,Credit Card,Windy
WSR-2026-0261,2026-04-02,April,Thursday,Spring,Walk-in,Bodyboard,Full Day,1,48.00,None,0.00,0.00,48.00,Isaac Patel,Resort Pier,Mobile Pay,Cloudy
WSR-2026-0262,2026-04-02,April,Thursday,Spring,Resort Guest,Stand-Up Paddle Board,2 Hours,1,42.00,None,0.00,0.00,42.00,Diego Ramirez,Harbor Dock,Debit Card,Windy
WSR-2026-0263,2026-04-02,April,Thursday,Spring,Online Booking,Tandem Kayak,2 Hours,1,52.00,Dry Bag,6.00,0.00,58.00,Mia Thompson,Resort Pier,Debit Card,Sunny
WSR-2026-0264,2026-04-03,April,Friday,Spring,Walk-in,Surfboard,Full Day,1,76.00,Phone Pouch,5.00,0.00,81.00,Isaac Patel,Lagoon Launch,Debit Card,Sunny
WSR-2026-0265,2026-04-03,April,Friday,Spring,Online Booking,Fishing Kayak,1 Hour,1,32.00,GoPro Mount,8.00,0.00,40.00,Ava Martinez,Resort Pier,Cash,Sunny
WSR-2026-0266,2026-04-03,April,Friday,Spring,Resort Guest,Single Kayak,2 Hours,1,38.00,None,0.00,0.00,38.00,Emma Wilson,Lagoon Launch,Credit Card,Rainy
WSR-2026-0267,2026-04-03,April,Friday,Spring,Walk-in,Hydro Bike,1 Hour,1,30.00,Waterproof Speaker,12.00,0.00,42.00,Grace Lee,Resort Pier,Credit Card,Cloudy
WSR-2026-0268,2026-04-03,April,Friday,Spring,Online Booking,Surfboard,2 Hours,1,36.00,None,0.00,0.00,36.00,Ava Martinez,Marina Kiosk,Credit Card,Sunny
WSR-2026-0269,2026-04-03,April,Friday,Spring,Walk-in,Pedal Boat,1 Hour,1,36.00,None,0.00,0.00,36.00,Ava Martinez,Harbor Dock,Debit Card,Windy
WSR-2026-0270,2026-04-03,April,Friday,Spring,Walk-in,Snorkel Set,2 Hours,1,18.00,None,0.00,0.00,18.00,Chloe Nguyen,Beachfront Hut,Cash,Windy
WSR-2026-0271,2026-04-03,April,Friday,Spring,Walk-in,Stand-Up Paddle Board,1 Hour,1,26.00,Waterproof Speaker,12.00,0.00,38.00,Emma Wilson,Marina Kiosk,Cash,Sunny
WSR-2026-0272,2026-04-03,April,Friday,Spring,Walk-in,Stand-Up Paddle Board,2 Hours,1,42.00,Phone Pouch,5.00,0.00,47.00,Grace Lee,Harbor Dock,Credit Card,Sunny
WSR-2026-0273,2026-04-03,April,Friday,Spring,Member,Stand-Up Paddle Board,2 Hours,1,42.00,Waterproof Speaker,12.00,5.40,48.60,Diego Ramirez,Marina Kiosk,Debit Card,Sunny
WSR-2026-0274,2026-04-04,April,Saturday,Spring,Group/Event,Fishing Kayak,1 Hour,1,34.56,None,0.00,3.46,31.10,Chloe Nguyen,Resort Pier,Debit Card,Sunny
WSR-2026-0275,2026-04-04,April,Saturday,Spring,Member,Fishing Kayak,2 Hours,1,54.00,None,0.00,8.10,45.90,Chloe Nguyen,Lagoon Launch,Cash,Sunny
WSR-2026-0276,2026-04-04,April,Saturday,Spring,Resort Guest,Surfboard,2 Hours,1,38.88,None,0.00,0.00,38.88,Hannah Brooks,Resort Pier,Credit Card,Cloudy
WSR-2026-0277,2026-04-04,April,Saturday,Spring,Resort Guest,Tandem Kayak,2 Hours,1,56.16,Cooler Rental,10.00,3.31,62.85,Ava Martinez,Harbor Dock,Debit Card,Sunny
WSR-2026-0278,2026-04-04,April,Saturday,Spring,Walk-in,Snorkel Set,1 Hour,1,12.96,Dry Bag,6.00,0.95,18.01,Finn Johnson,Beachfront Hut,Mobile Pay,Cloudy
WSR-2026-0279,2026-04-04,April,Saturday,Spring,Group/Event,Snorkel Set,1 Hour,1,12.96,None,0.00,1.30,11.66,Hannah Brooks,Resort Pier,Cash,Sunny
WSR-2026-0280,2026-04-04,April,Saturday,Spring,Walk-in,Single Kayak,1 Hour,1,25.92,Phone Pouch,5.00,0.00,30.92,Emma Wilson,Lagoon Launch,Cash,Cloudy
WSR-2026-0281,2026-04-04,April,Saturday,Spring,Walk-in,Bodyboard,Half Day,1,36.72,GoPro Mount,8.00,0.00,44.72,Ava Martinez,Marina Kiosk,Credit Card,Sunny
WSR-2026-0282,2026-04-04,April,Saturday,Spring,Online Booking,Wetsuit Rental,1 Hour,1,10.80,Dry Bag,6.00,0.00,16.80,Finn Johnson,Beachfront Hut,Debit Card,Sunny
WSR-2026-0283,2026-04-05,April,Sunday,Spring,Online Booking,Surfboard,2 Hours,1,38.88,None,0.00,0.00,38.88,Chloe Nguyen,Harbor Dock,Credit Card,Cloudy
WSR-2026-0284,2026-04-05,April,Sunday,Spring,Group/Event,Tandem Kayak,2 Hours,1,56.16,None,0.00,5.62,50.54,Ava Martinez,Harbor Dock,Debit Card,Sunny
WSR-2026-0285,2026-04-05,April,Sunday,Spring,Online Booking,Snorkel Set,Full Day,1,43.20,Dry Bag,6.00,0.00,49.20,Emma Wilson,Marina Kiosk,Credit Card,Cloudy
WSR-2026-0286,2026-04-05,April,Sunday,Spring,Walk-in,Hydro Bike,1 Hour,1,32.40,None,0.00,0.00,32.40,Hannah Brooks,Harbor Dock,Debit Card,Windy
WSR-2026-0287,2026-04-05,April,Sunday,Spring,Online Booking,Stand-Up Paddle Board,Half Day,1,66.96,Phone Pouch,5.00,0.00,71.96,Ava Martinez,Resort Pier,Mobile Pay,Sunny
WSR-2026-0288,2026-04-05,April,Sunday,Spring,Walk-in,Pedal Boat,Half Day,1,92.88,None,0.00,0.00,92.88,Mia Thompson,Beachfront Hut,Credit Card,Sunny
WSR-2026-0289,2026-04-05,April,Sunday,Spring,Online Booking,Single Kayak,Half Day,1,62.64,Cooler Rental,10.00,0.00,72.64,Ben Carter,Harbor Dock,Credit Card,Cloudy
WSR-2026-0290,2026-04-05,April,Sunday,Spring,Walk-in,Surfboard,2 Hours,1,38.88,Dry Bag,6.00,0.00,44.88,Emma Wilson,Marina Kiosk,Mobile Pay,Sunny
WSR-2026-0291,2026-04-06,April,Monday,Spring,Resort Guest,Stand-Up Paddle Board,2 Hours,1,42.00,None,0.00,0.00,42.00,Grace Lee,Resort Pier,Credit Card,Cloudy
WSR-2026-0292,2026-04-06,April,Monday,Spring,Online Booking,Fishing Kayak,1 Hour,1,32.00,Waterproof Speaker,12.00,2.20,41.80,Ben Carter,Harbor Dock,Debit Card,Windy
WSR-2026-0293,2026-04-06,April,Monday,Spring,Walk-in,Single Kayak,Half Day,1,58.00,None,0.00,2.90,55.10,Chloe Nguyen,Harbor Dock,Credit Card,Sunny
WSR-2026-0294,2026-04-06,April,Monday,Spring,Walk-in,Surfboard,Half Day,1,54.00,Dry Bag,6.00,0.00,60.00,Chloe Nguyen,Beachfront Hut,Credit Card,Windy
WSR-2026-0295,2026-04-06,April,Monday,Spring,Walk-in,Wetsuit Rental,Half Day,1,24.00,Premium Life Jacket,7.00,0.00,31.00,Ben Carter,Beachfront Hut,Cash,Cloudy
WSR-2026-0296,2026-04-06,April,Monday,Spring,Walk-in,Stand-Up Paddle Board,1 Hour,1,26.00,None,0.00,0.00,26.00,Finn Johnson,Marina Kiosk,Credit Card,Cloudy
WSR-2026-0297,2026-04-07,April,Tuesday,Spring,Online Booking,Single Kayak,Half Day,1,58.00,None,0.00,0.00,58.00,Isaac Patel,Harbor Dock,Credit Card,Sunny
WSR-2026-0298,2026-04-07,April,Tuesday,Spring,Group/Event,Single Kayak,2 Hours,1,38.00,None,0.00,1.90,36.10,Grace Lee,Beachfront Hut,Credit Card,Sunny
WSR-2026-0299,2026-04-07,April,Tuesday,Spring,Walk-in,Stand-Up Paddle Board,1 Hour,1,26.00,Phone Pouch,5.00,0.00,31.00,Grace Lee,Resort Pier,Mobile Pay,Cloudy
WSR-2026-0300,2026-04-07,April,Tuesday,Spring,Walk-in,Hydro Bike,2 Hours,1,48.00,None,0.00,0.00,48.00,Emma Wilson,Harbor Dock,Debit Card,Windy
WSR-2026-0301,2026-04-07,April,Tuesday,Spring,Online Booking,Wetsuit Rental,2 Hours,1,16.00,Phone Pouch,5.00,0.00,21.00,Ava Martinez,Harbor Dock,Cash,Cloudy
WSR-2026-0302,2026-04-07,April,Tuesday,Spring,Walk-in,Wetsuit Rental,2 Hours,1,16.00,Phone Pouch,5.00,1.05,19.95,Grace Lee,Lagoon Launch,Credit Card,Sunny
WSR-2026-0303,2026-04-08,April,Wednesday,Spring,Online Booking,Bodyboard,Full Day,1,48.00,None,0.00,2.40,45.60,Emma Wilson,Beachfront Hut,Cash,Sunny
WSR-2026-0304,2026-04-08,April,Wednesday,Spring,Resort Guest,Single Kayak,Full Day,1,84.00,Dry Bag,6.00,0.00,90.00,Ben Carter,Lagoon Launch,Credit Card,Sunny
WSR-2026-0305,2026-04-08,April,Wednesday,Spring,Online Booking,Tandem Kayak,1 Hour,1,34.00,None,0.00,0.00,34.00,Ava Martinez,Resort Pier,Debit Card,Windy
WSR-2026-0306,2026-04-08,April,Wednesday,Spring,Online Booking,Single Kayak,Full Day,1,84.00,None,0.00,0.00,84.00,Grace Lee,Lagoon Launch,Gift Card,Sunny
WSR-2026-0307,2026-04-08,April,Wednesday,Spring,Walk-in,Single Kayak,Half Day,1,58.00,None,0.00,0.00,58.00,Emma Wilson,Beachfront Hut,Cash,Sunny
WSR-2026-0308,2026-04-08,April,Wednesday,Spring,Resort Guest,Tandem Kayak,1 Hour,1,34.00,Premium Life Jacket,7.00,0.00,41.00,Finn Johnson,Resort Pier,Mobile Pay,Sunny
WSR-2026-0309,2026-04-09,April,Thursday,Spring,Member,Pedal Boat,2 Hours,1,58.00,Dry Bag,6.00,9.60,54.40,Chloe Nguyen,Marina Kiosk,Cash,Sunny
WSR-2026-0310,2026-04-09,April,Thursday,Spring,Group/Event,Stand-Up Paddle Board,2 Hours,1,42.00,Dry Bag,6.00,0.00,48.00,Mia Thompson,Harbor Dock,Credit Card,Sunny
WSR-2026-0311,2026-04-10,April,Friday,Spring,Online Booking,Wetsuit Rental,Half Day,1,24.00,None,0.00,0.00,24.00,Hannah Brooks,Harbor Dock,Credit Card,Sunny
WSR-2026-0312,2026-04-10,April,Friday,Spring,Resort Guest,Surfboard,1 Hour,1,22.00,Premium Life Jacket,7.00,0.00,29.00,Chloe Nguyen,Harbor Dock,Credit Card,Cloudy
WSR-2026-0313,2026-04-10,April,Friday,Spring,Online Booking,Single Kayak,2 Hours,1,38.00,Dry Bag,6.00,0.00,44.00,Emma Wilson,Beachfront Hut,Mobile Pay,Sunny
WSR-2026-0314,2026-04-10,April,Friday,Spring,Online Booking,Hydro Bike,2 Hours,1,48.00,Phone Pouch,5.00,0.00,53.00,Ava Martinez,Lagoon Launch,Debit Card,Sunny
WSR-2026-0315,2026-04-10,April,Friday,Spring,Online Booking,Snorkel Set,Half Day,1,28.00,Dry Bag,6.00,0.00,34.00,Grace Lee,Resort Pier,Mobile Pay,Cloudy
WSR-2026-0316,2026-04-10,April,Friday,Spring,Online Booking,Single Kayak,Full Day,1,84.00,Cooler Rental,10.00,0.00,94.00,Diego Ramirez,Resort Pier,Credit Card,Sunny
WSR-2026-0317,2026-04-10,April,Friday,Spring,Online Booking,Bodyboard,Half Day,1,34.00,GoPro Mount,8.00,0.00,42.00,Chloe Nguyen,Resort Pier,Credit Card,Sunny
WSR-2026-0318,2026-04-11,April,Saturday,Spring,Member,Wetsuit Rental,2 Hours,1,17.28,None,0.00,1.73,15.55,Chloe Nguyen,Lagoon Launch,Debit Card,Sunny
WSR-2026-0319,2026-04-11,April,Saturday,Spring,Online Booking,Single Kayak,2 Hours,1,41.04,Dry Bag,6.00,0.00,47.04,Emma Wilson,Resort Pier,Debit Card,Sunny
WSR-2026-0320,2026-04-11,April,Saturday,Spring,Resort Guest,Tandem Kayak,2 Hours,1,56.16,Premium Life Jacket,7.00,0.00,63.16,Mia Thompson,Harbor Dock,Credit Card,Windy
WSR-2026-0321,2026-04-11,April,Saturday,Spring,Walk-in,Single Kayak,2 Hours,1,41.04,Premium Life Jacket,7.00,0.00,48.04,Ben Carter,Harbor Dock,Debit Card,Sunny
WSR-2026-0322,2026-04-11,April,Saturday,Spring,Online Booking,Fishing Kayak,2 Hours,1,54.00,None,0.00,0.00,54.00,Finn Johnson,Beachfront Hut,Debit Card,Sunny
WSR-2026-0323,2026-04-11,April,Saturday,Spring,Walk-in,Snorkel Set,1 Hour,1,12.96,None,0.00,0.00,12.96,Isaac Patel,Resort Pier,Debit Card,Sunny
WSR-2026-0324,2026-04-11,April,Saturday,Spring,Walk-in,Stand-Up Paddle Board,2 Hours,1,45.36,Dry Bag,6.00,0.00,51.36,Isaac Patel,Marina Kiosk,Credit Card,Cloudy
WSR-2026-0325,2026-04-11,April,Saturday,Spring,Resort Guest,Fishing Kayak,1 Hour,1,34.56,None,0.00,0.00,34.56,Chloe Nguyen,Harbor Dock,Credit Card,Sunny
WSR-2026-0326,2026-04-11,April,Saturday,Spring,Walk-in,Wetsuit Rental,2 Hours,1,17.28,Dry Bag,6.00,0.00,23.28,Ben Carter,Beachfront Hut,Credit Card,Sunny
WSR-2026-0327,2026-04-12,April,Sunday,Spring,Online Booking,Wetsuit Rental,2 Hours,1,17.28,None,0.00,0.00,17.28,Grace Lee,Lagoon Launch,Gift Card,Sunny
WSR-2026-0328,2026-04-12,April,Sunday,Spring,Online Booking,Stand-Up Paddle Board,Full Day,1,95.04,None,0.00,4.75,90.29,Mia Thompson,Beachfront Hut,Mobile Pay,Windy
WSR-2026-0329,2026-04-12,April,Sunday,Spring,Online Booking,Single Kayak,Full Day,1,90.72,Dry Bag,6.00,0.00,96.72,Chloe Nguyen,Lagoon Launch,Mobile Pay,Cloudy
WSR-2026-0330,2026-04-12,April,Sunday,Spring,Resort Guest,Wetsuit Rental,2 Hours,1,17.28,Phone Pouch,5.00,0.00,22.28,Diego Ramirez,Harbor Dock,Cash,Windy
WSR-2026-0331,2026-04-12,April,Sunday,Spring,Walk-in,Single Kayak,2 Hours,1,41.04,None,0.00,0.00,41.04,Emma Wilson,Harbor Dock,Credit Card,Cloudy
WSR-2026-0332,2026-04-12,April,Sunday,Spring,Resort Guest,Tandem Kayak,2 Hours,1,56.16,GoPro Mount,8.00,0.00,64.16,Ava Martinez,Marina Kiosk,Debit Card,Rainy
WSR-2026-0333,2026-04-13,April,Monday,Spring,Online Booking,Wetsuit Rental,2 Hours,1,16.00,Dry Bag,6.00,0.00,22.00,Ava Martinez,Lagoon Launch,Credit Card,Cloudy
WSR-2026-0334,2026-04-13,April,Monday,Spring,Walk-in,Stand-Up Paddle Board,2 Hours,1,42.00,None,0.00,0.00,42.00,Emma Wilson,Resort Pier,Credit Card,Cloudy
WSR-2026-0335,2026-04-13,April,Monday,Spring,Resort Guest,Stand-Up Paddle Board,Full Day,1,88.00,None,0.00,0.00,88.00,Mia Thompson,Marina Kiosk,Cash,Sunny
WSR-2026-0336,2026-04-13,April,Monday,Spring,Walk-in,Pedal Boat,2 Hours,1,58.00,None,0.00,0.00,58.00,Emma Wilson,Lagoon Launch,Credit Card,Rainy
WSR-2026-0337,2026-04-13,April,Monday,Spring,Online Booking,Snorkel Set,1 Hour,1,12.00,Waterproof Speaker,12.00,0.00,24.00,Finn Johnson,Resort Pier,Cash,Sunny
WSR-2026-0338,2026-04-13,April,Monday,Spring,Online Booking,Tandem Kayak,2 Hours,1,52.00,None,0.00,0.00,52.00,Isaac Patel,Lagoon Launch,Debit Card,Cloudy
WSR-2026-0339,2026-04-14,April,Tuesday,Spring,Walk-in,Tandem Kayak,Half Day,1,78.00,None,0.00,0.00,78.00,Grace Lee,Harbor Dock,Debit Card,Windy
WSR-2026-0340,2026-04-14,April,Tuesday,Spring,Resort Guest,Stand-Up Paddle Board,2 Hours,1,42.00,None,0.00,0.00,42.00,Chloe Nguyen,Harbor Dock,Debit Card,Sunny
WSR-2026-0341,2026-04-14,April,Tuesday,Spring,Walk-in,Stand-Up Paddle Board,2 Hours,1,42.00,Phone Pouch,5.00,0.00,47.00,Isaac Patel,Lagoon Launch,Debit Card,Cloudy
WSR-2026-0342,2026-04-14,April,Tuesday,Spring,Walk-in,Pedal Boat,1 Hour,1,36.00,None,0.00,0.00,36.00,Ben Carter,Beachfront Hut,Credit Card,Sunny
WSR-2026-0343,2026-04-14,April,Tuesday,Spring,Walk-in,Bodyboard,Full Day,1,48.00,None,0.00,0.00,48.00,Ava Martinez,Beachfront Hut,Cash,Sunny
WSR-2026-0344,2026-04-14,April,Tuesday,Spring,Online Booking,Single Kayak,Half Day,1,58.00,Cooler Rental,10.00,0.00,68.00,Grace Lee,Lagoon Launch,Credit Card,Cloudy
WSR-2026-0345,2026-04-15,April,Wednesday,Spring,Walk-in,Stand-Up Paddle Board,2 Hours,1,42.00,None,0.00,0.00,42.00,Chloe Nguyen,Marina Kiosk,Credit Card,Windy
WSR-2026-0346,2026-04-15,April,Wednesday,Spring,Online Booking,Single Kayak,1 Hour,1,24.00,Cooler Rental,10.00,0.00,34.00,Finn Johnson,Resort Pier,Mobile Pay,Cloudy
WSR-2026-0347,2026-04-16,April,Thursday,Spring,Online Booking,Snorkel Set,Half Day,1,28.00,Waterproof Speaker,12.00,0.00,40.00,Ben Carter,Harbor Dock,Debit Card,Sunny
WSR-2026-0348,2026-04-16,April,Thursday,Spring,Group/Event,Stand-Up Paddle Board,Half Day,1,62.00,Dry Bag,6.00,3.40,64.60,Ben Carter,Lagoon Launch,Credit Card,Windy
WSR-2026-0349,2026-04-16,April,Thursday,Spring,Walk-in,Tandem Kayak,Half Day,1,78.00,None,0.00,0.00,78.00,Ben Carter,Harbor Dock,Credit Card,Cloudy
WSR-2026-0350,2026-04-16,April,Thursday,Spring,Online Booking,Single Kayak,1 Hour,1,24.00,None,0.00,0.00,24.00,Ava Martinez,Resort Pier,Debit Card,Sunny
WSR-2026-0351,2026-04-16,April,Thursday,Spring,Walk-in,Fishing Kayak,1 Hour,1,32.00,None,0.00,0.00,32.00,Ben Carter,Resort Pier,Credit Card,Windy
WSR-2026-0352,2026-04-16,April,Thursday,Spring,Walk-in,Tandem Kayak,2 Hours,1,52.00,Cooler Rental,10.00,0.00,62.00,Mia Thompson,Lagoon Launch,Credit Card,Windy
WSR-2026-0353,2026-04-17,April,Friday,Spring,Online Booking,Hydro Bike,2 Hours,1,48.00,None,0.00,0.00,48.00,Hannah Brooks,Resort Pier,Credit Card,Sunny
WSR-2026-0354,2026-04-17,April,Friday,Spring,Online Booking,Tandem Kayak,Full Day,1,112.00,Premium Life Jacket,7.00,0.00,119.00,Ben Carter,Resort Pier,Mobile Pay,Sunny
WSR-2026-0355,2026-04-17,April,Friday,Spring,Online Booking,Snorkel Set,1 Hour,1,12.00,None,0.00,0.00,12.00,Mia Thompson,Marina Kiosk,Credit Card,Sunny
WSR-2026-0356,2026-04-17,April,Friday,Spring,Walk-in,Single Kayak,Full Day,1,84.00,None,0.00,0.00,84.00,Hannah Brooks,Lagoon Launch,Debit Card,Sunny
WSR-2026-0357,2026-04-17,April,Friday,Spring,Walk-in,Stand-Up Paddle Board,1 Hour,1,26.00,Dry Bag,6.00,0.00,32.00,Mia Thompson,Marina Kiosk,Credit Card,Sunny
WSR-2026-0358,2026-04-18,April,Saturday,Spring,Group/Event,Wetsuit Rental,2 Hours,1,17.28,Cooler Rental,10.00,1.36,25.92,Mia Thompson,Lagoon Launch,Credit Card,Rainy
WSR-2026-0359,2026-04-18,April,Saturday,Spring,Online Booking,Stand-Up Paddle Board,1 Hour,1,28.08,Phone Pouch,5.00,0.00,33.08,Ben Carter,Marina Kiosk,Debit Card,Rainy
WSR-2026-0360,2026-04-18,April,Saturday,Spring,Walk-in,Snorkel Set,Full Day,1,43.20,None,0.00,0.00,43.20,Ben Carter,Marina Kiosk,Credit Card,Windy
WSR-2026-0361,2026-04-18,April,Saturday,Spring,Resort Guest,Snorkel Set,1 Hour,1,12.96,Dry Bag,6.00,0.00,18.96,Hannah Brooks,Marina Kiosk,Credit Card,Cloudy
WSR-2026-0362,2026-04-18,April,Saturday,Spring,Online Booking,Wetsuit Rental,Full Day,1,36.72,None,0.00,0.00,36.72,Ben Carter,Marina Kiosk,Debit Card,Cloudy
WSR-2026-0363,2026-04-18,April,Saturday,Spring,Walk-in,Single Kayak,1 Hour,1,25.92,None,0.00,0.00,25.92,Mia Thompson,Marina Kiosk,Debit Card,Sunny
WSR-2026-0364,2026-04-18,April,Saturday,Spring,Resort Guest,Tandem Kayak,2 Hours,1,56.16,Phone Pouch,5.00,0.00,61.16,Emma Wilson,Marina Kiosk,Credit Card,Cloudy
WSR-2026-0365,2026-04-18,April,Saturday,Spring,Walk-in,Stand-Up Paddle Board,1 Hour,1,28.08,Cooler Rental,10.00,0.00,38.08,Mia Thompson,Harbor Dock,Gift Card,Windy
WSR-2026-0366,2026-04-18,April,Saturday,Spring,Group/Event,Single Kayak,2 Hours,1,41.04,None,0.00,0.00,41.04,Ava Martinez,Resort Pier,Debit Card,Cloudy
WSR-2026-0367,2026-04-19,April,Sunday,Spring,Online Booking,Fishing Kayak,1 Hour,1,34.56,None,0.00,0.00,34.56,Hannah Brooks,Resort Pier,Debit Card,Cloudy
WSR-2026-0368,2026-04-19,April,Sunday,Spring,Online Booking,Snorkel Set,2 Hours,1,19.44,Cooler Rental,10.00,0.00,29.44,Diego Ramirez,Marina Kiosk,Debit Card,Sunny
WSR-2026-0369,2026-04-19,April,Sunday,Spring,Walk-in,Bodyboard,Half Day,1,36.72,None,0.00,0.00,36.72,Ben Carter,Lagoon Launch,Credit Card,Cloudy
WSR-2026-0370,2026-04-19,April,Sunday,Spring,Walk-in,Single Kayak,Full Day,1,90.72,None,0.00,0.00,90.72,Diego Ramirez,Lagoon Launch,Credit Card,Sunny
WSR-2026-0371,2026-04-19,April,Sunday,Spring,Walk-in,Tandem Kayak,1 Hour,1,36.72,Phone Pouch,5.00,0.00,41.72,Ava Martinez,Beachfront Hut,Credit Card,Sunny
WSR-2026-0372,2026-04-19,April,Sunday,Spring,Online Booking,Stand-Up Paddle Board,Half Day,1,66.96,Waterproof Speaker,12.00,0.00,78.96,Grace Lee,Resort Pier,Credit Card,Sunny
WSR-2026-0373,2026-04-20,April,Monday,Spring,Walk-in,Surfboard,1 Hour,1,22.00,Dry Bag,6.00,0.00,28.00,Ben Carter,Marina Kiosk,Debit Card,Cloudy
WSR-2026-0374,2026-04-20,April,Monday,Spring,Walk-in,Stand-Up Paddle Board,2 Hours,1,42.00,None,0.00,0.00,42.00,Isaac Patel,Harbor Dock,Mobile Pay,Sunny
WSR-2026-0375,2026-04-20,April,Monday,Spring,Member,Tandem Kayak,1 Hour,1,34.00,None,0.00,3.40,30.60,Finn Johnson,Harbor Dock,Cash,Cloudy
WSR-2026-0376,2026-04-20,April,Monday,Spring,Online Booking,Surfboard,1 Hour,1,22.00,Dry Bag,6.00,0.00,28.00,Diego Ramirez,Harbor Dock,Debit Card,Sunny
WSR-2026-0377,2026-04-20,April,Monday,Spring,Online Booking,Hydro Bike,2 Hours,1,48.00,None,0.00,0.00,48.00,Finn Johnson,Marina Kiosk,Debit Card,Sunny
WSR-2026-0378,2026-04-20,April,Monday,Spring,Online Booking,Fishing Kayak,2 Hours,1,50.00,None,0.00,0.00,50.00,Grace Lee,Marina Kiosk,Credit Card,Cloudy
WSR-2026-0379,2026-04-20,April,Monday,Spring,Group/Event,Hydro Bike,Half Day,1,72.00,Waterproof Speaker,12.00,8.40,75.60,Finn Johnson,Resort Pier,Credit Card,Sunny
WSR-2026-0380,2026-04-21,April,Tuesday,Spring,Resort Guest,Tandem Kayak,Half Day,1,78.00,Cooler Rental,10.00,0.00,88.00,Isaac Patel,Harbor Dock,Debit Card,Windy
WSR-2026-0381,2026-04-21,April,Tuesday,Spring,Walk-in,Tandem Kayak,1 Hour,1,34.00,Phone Pouch,5.00,0.00,39.00,Chloe Nguyen,Beachfront Hut,Credit Card,Sunny
WSR-2026-0382,2026-04-21,April,Tuesday,Spring,Online Booking,Pedal Boat,2 Hours,1,58.00,None,0.00,0.00,58.00,Ava Martinez,Beachfront Hut,Credit Card,Sunny
WSR-2026-0383,2026-04-22,April,Wednesday,Spring,Online Booking,Hydro Bike,1 Hour,1,30.00,Phone Pouch,5.00,1.75,33.25,Grace Lee,Harbor Dock,Credit Card,Windy
WSR-2026-0384,2026-04-23,April,Thursday,Spring,Walk-in,Stand-Up Paddle Board,1 Hour,1,26.00,Premium Life Jacket,7.00,0.00,33.00,Grace Lee,Harbor Dock,Credit Card,Windy
WSR-2026-0385,2026-04-23,April,Thursday,Spring,Online Booking,Pedal Boat,1 Hour,1,36.00,Dry Bag,6.00,0.00,42.00,Grace Lee,Resort Pier,Mobile Pay,Windy
WSR-2026-0386,2026-04-23,April,Thursday,Spring,Walk-in,Tandem Kayak,Half Day,1,78.00,None,0.00,0.00,78.00,Chloe Nguyen,Resort Pier,Cash,Windy
WSR-2026-0387,2026-04-23,April,Thursday,Spring,Walk-in,Snorkel Set,Full Day,1,40.00,None,0.00,0.00,40.00,Chloe Nguyen,Marina Kiosk,Credit Card,Cloudy
WSR-2026-0388,2026-04-23,April,Thursday,Spring,Member,Stand-Up Paddle Board,2 Hours,1,42.00,None,0.00,6.30,35.70,Emma Wilson,Beachfront Hut,Mobile Pay,Windy
WSR-2026-0389,2026-04-24,April,Friday,Spring,Resort Guest,Wetsuit Rental,2 Hours,1,16.00,Cooler Rental,10.00,1.30,24.70,Mia Thompson,Resort Pier,Credit Card,Cloudy
WSR-2026-0390,2026-04-24,April,Friday,Spring,Group/Event,Hydro Bike,1 Hour,1,30.00,Phone Pouch,5.00,1.75,33.25,Finn Johnson,Lagoon Launch,Debit Card,Cloudy
WSR-2026-0391,2026-04-24,April,Friday,Spring,Online Booking,Fishing Kayak,Half Day,1,76.00,None,0.00,0.00,76.00,Ava Martinez,Marina Kiosk,Mobile Pay,Windy
WSR-2026-0392,2026-04-24,April,Friday,Spring,Resort Guest,Stand-Up Paddle Board,Full Day,1,88.00,None,0.00,0.00,88.00,Ben Carter,Marina Kiosk,Debit Card,Windy
WSR-2026-0393,2026-04-24,April,Friday,Spring,Walk-in,Snorkel Set,2 Hours,1,18.00,Cooler Rental,10.00,0.00,28.00,Mia Thompson,Marina Kiosk,Cash,Windy
WSR-2026-0394,2026-04-24,April,Friday,Spring,Group/Event,Stand-Up Paddle Board,2 Hours,1,42.00,None,0.00,0.00,42.00,Grace Lee,Resort Pier,Credit Card,Sunny
WSR-2026-0395,2026-04-24,April,Friday,Spring,Walk-in,Snorkel Set,2 Hours,1,18.00,Phone Pouch,5.00,0.00,23.00,Grace Lee,Beachfront Hut,Debit Card,Cloudy
WSR-2026-0396,2026-04-24,April,Friday,Spring,Online Booking,Single Kayak,2 Hours,1,38.00,None,0.00,0.00,38.00,Ben Carter,Resort Pier,Cash,Cloudy
WSR-2026-0397,2026-04-24,April,Friday,Spring,Online Booking,Bodyboard,1 Hour,1,14.00,None,0.00,0.00,14.00,Emma Wilson,Beachfront Hut,Credit Card,Cloudy
WSR-2026-0398,2026-04-25,April,Saturday,Spring,Walk-in,Pedal Boat,Half Day,1,92.88,None,0.00,0.00,92.88,Isaac Patel,Resort Pier,Credit Card,Rainy
WSR-2026-0399,2026-04-25,April,Saturday,Spring,Online Booking,Fishing Kayak,2 Hours,1,54.00,Waterproof Speaker,12.00,0.00,66.00,Ben Carter,Beachfront Hut,Credit Card,Cloudy
WSR-2026-0400,2026-04-25,April,Saturday,Spring,Member,Surfboard,1 Hour,1,23.76,None,0.00,2.38,21.38,Ava Martinez,Resort Pier,Credit Card,Windy
WSR-2026-0401,2026-04-25,April,Saturday,Spring,Walk-in,Stand-Up Paddle Board,Half Day,1,66.96,Phone Pouch,5.00,0.00,71.96,Isaac Patel,Lagoon Launch,Credit Card,Sunny
WSR-2026-0402,2026-04-25,April,Saturday,Spring,Online Booking,Single Kayak,Half Day,1,62.64,Premium Life Jacket,7.00,0.00,69.64,Grace Lee,Marina Kiosk,Credit Card,Cloudy
WSR-2026-0403,2026-04-25,April,Saturday,Spring,Walk-in,Single Kayak,Full Day,1,90.72,None,0.00,0.00,90.72,Finn Johnson,Marina Kiosk,Credit Card,Sunny
WSR-2026-0404,2026-04-25,April,Saturday,Spring,Online Booking,Fishing Kayak,Full Day,1,118.80,None,0.00,0.00,118.80,Diego Ramirez,Resort Pier,Credit Card,Sunny
WSR-2026-0405,2026-04-25,April,Saturday,Spring,Walk-in,Single Kayak,2 Hours,1,41.04,Waterproof Speaker,12.00,0.00,53.04,Mia Thompson,Resort Pier,Debit Card,Windy
WSR-2026-0406,2026-04-26,April,Sunday,Spring,Online Booking,Single Kayak,2 Hours,1,41.04,Premium Life Jacket,7.00,0.00,48.04,Ben Carter,Resort Pier,Credit Card,Sunny
WSR-2026-0407,2026-04-26,April,Sunday,Spring,Walk-in,Single Kayak,2 Hours,1,41.04,None,0.00,0.00,41.04,Grace Lee,Marina Kiosk,Credit Card,Sunny
WSR-2026-0408,2026-04-26,April,Sunday,Spring,Group/Event,Single Kayak,1 Hour,1,25.92,Cooler Rental,10.00,3.59,32.33,Diego Ramirez,Marina Kiosk,Credit Card,Windy
WSR-2026-0409,2026-04-26,April,Sunday,Spring,Walk-in,Bodyboard,Half Day,1,36.72,None,0.00,0.00,36.72,Chloe Nguyen,Marina Kiosk,Cash,Sunny
WSR-2026-0410,2026-04-26,April,Sunday,Spring,Resort Guest,Pedal Boat,2 Hours,1,62.64,None,0.00,0.00,62.64,Chloe Nguyen,Harbor Dock,Debit Card,Sunny
WSR-2026-0411,2026-04-26,April,Sunday,Spring,Group/Event,Stand-Up Paddle Board,1 Hour,1,28.08,Dry Bag,6.00,1.70,32.38,Diego Ramirez,Resort Pier,Debit Card,Sunny
WSR-2026-0412,2026-04-26,April,Sunday,Spring,Walk-in,Pedal Boat,Half Day,1,92.88,None,0.00,0.00,92.88,Ben Carter,Beachfront Hut,Cash,Windy
WSR-2026-0413,2026-04-26,April,Sunday,Spring,Walk-in,Surfboard,2 Hours,1,38.88,Premium Life Jacket,7.00,2.29,43.59,Hannah Brooks,Beachfront Hut,Credit Card,Sunny
WSR-2026-0414,2026-04-26,April,Sunday,Spring,Group/Event,Snorkel Set,Half Day,1,30.24,None,0.00,3.02,27.22,Mia Thompson,Harbor Dock,Credit Card,Cloudy
WSR-2026-0415,2026-04-26,April,Sunday,Spring,Walk-in,Wetsuit Rental,Half Day,1,25.92,None,0.00,0.00,25.92,Grace Lee,Marina Kiosk,Debit Card,Sunny
WSR-2026-0416,2026-04-26,April,Sunday,Spring,Walk-in,Bodyboard,1 Hour,1,15.12,Phone Pouch,5.00,0.00,20.12,Mia Thompson,Resort Pier,Credit Card,Windy
WSR-2026-0417,2026-04-26,April,Sunday,Spring,Resort Guest,Hydro Bike,1 Hour,1,32.40,GoPro Mount,8.00,0.00,40.40,Finn Johnson,Harbor Dock,Credit Card,Sunny
WSR-2026-0418,2026-04-26,April,Sunday,Spring,Walk-in,Wetsuit Rental,Half Day,1,25.92,Cooler Rental,10.00,0.00,35.92,Hannah Brooks,Lagoon Launch,Debit Card,Rainy
WSR-2026-0419,2026-04-26,April,Sunday,Spring,Group/Event,Single Kayak,1 Hour,1,25.92,Phone Pouch,5.00,1.55,29.37,Mia Thompson,Resort Pier,Credit Card,Cloudy
WSR-2026-0420,2026-04-26,April,Sunday,Spring,Online Booking,Pedal Boat,2 Hours,1,62.64,Cooler Rental,10.00,0.00,72.64,Finn Johnson,Marina Kiosk,Credit Card,Sunny
WSR-2026-0421,2026-04-27,April,Monday,Spring,Online Booking,Stand-Up Paddle Board,1 Hour,1,26.00,None,0.00,0.00,26.00,Mia Thompson,Beachfront Hut,Debit Card,Cloudy
WSR-2026-0422,2026-04-27,April,Monday,Spring,Online Booking,Wetsuit Rental,2 Hours,1,16.00,None,0.00,0.00,16.00,Ava Martinez,Marina Kiosk,Credit Card,Rainy
WSR-2026-0423,2026-04-27,April,Monday,Spring,Walk-in,Snorkel Set,1 Hour,1,12.00,None,0.00,0.00,12.00,Finn Johnson,Harbor Dock,Debit Card,Sunny
WSR-2026-0424,2026-04-27,April,Monday,Spring,Resort Guest,Stand-Up Paddle Board,2 Hours,1,42.00,GoPro Mount,8.00,0.00,50.00,Finn Johnson,Resort Pier,Credit Card,Cloudy
WSR-2026-0425,2026-04-27,April,Monday,Spring,Group/Event,Stand-Up Paddle Board,Half Day,1,62.00,None,0.00,3.10,58.90,Isaac Patel,Lagoon Launch,Credit Card,Cloudy
WSR-2026-0426,2026-04-27,April,Monday,Spring,Resort Guest,Snorkel Set,2 Hours,1,18.00,None,0.00,0.00,18.00,Hannah Brooks,Beachfront Hut,Credit Card,Cloudy
WSR-2026-0427,2026-04-27,April,Monday,Spring,Walk-in,Bodyboard,Half Day,1,34.00,Dry Bag,6.00,2.00,38.00,Ava Martinez,Beachfront Hut,Debit Card,Sunny
WSR-2026-0428,2026-04-27,April,Monday,Spring,Resort Guest,Stand-Up Paddle Board,2 Hours,1,42.00,Phone Pouch,5.00,0.00,47.00,Hannah Brooks,Resort Pier,Credit Card,Cloudy
WSR-2026-0429,2026-04-28,April,Tuesday,Spring,Walk-in,Snorkel Set,2 Hours,1,18.00,None,0.00,0.90,17.10,Ava Martinez,Harbor Dock,Debit Card,Sunny
WSR-2026-0430,2026-04-28,April,Tuesday,Spring,Walk-in,Single Kayak,2 Hours,1,38.00,None,0.00,0.00,38.00,Isaac Patel,Resort Pier,Credit Card,Sunny
WSR-2026-0431,2026-04-28,April,Tuesday,Spring,Walk-in,Stand-Up Paddle Board,2 Hours,1,42.00,None,0.00,0.00,42.00,Grace Lee,Marina Kiosk,Debit Card,Windy
WSR-2026-0432,2026-04-29,April,Wednesday,Spring,Online Booking,Surfboard,1 Hour,1,22.00,Cooler Rental,10.00,1.60,30.40,Ava Martinez,Marina Kiosk,Gift Card,Windy
WSR-2026-0433,2026-04-29,April,Wednesday,Spring,Online Booking,Snorkel Set,2 Hours,1,18.00,None,0.00,0.00,18.00,Emma Wilson,Resort Pier,Cash,Windy
WSR-2026-0434,2026-04-29,April,Wednesday,Spring,Walk-in,Fishing Kayak,Half Day,1,76.00,None,0.00,3.80,72.20,Finn Johnson,Resort Pier,Credit Card,Windy
WSR-2026-0435,2026-04-29,April,Wednesday,Spring,Online Booking,Stand-Up Paddle Board,2 Hours,1,42.00,Waterproof Speaker,12.00,0.00,54.00,Grace Lee,Harbor Dock,Credit Card,Cloudy
WSR-2026-0436,2026-04-29,April,Wednesday,Spring,Online Booking,Stand-Up Paddle Board,2 Hours,1,42.00,Dry Bag,6.00,0.00,48.00,Mia Thompson,Marina Kiosk,Credit Card,Sunny
WSR-2026-0437,2026-04-30,April,Thursday,Spring,Resort Guest,Snorkel Set,Full Day,1,40.00,Phone Pouch,5.00,0.00,45.00,Hannah Brooks,Beachfront Hut,Debit Card,Sunny
WSR-2026-0438,2026-05-01,May,Friday,Spring,Walk-in,Snorkel Set,2 Hours,1,18.00,None,0.00,0.00,18.00,Ava Martinez,Marina Kiosk,Mobile Pay,Sunny
WSR-2026-0439,2026-05-01,May,Friday,Spring,Member,Tandem Kayak,2 Hours,1,52.00,None,0.00,7.80,44.20,Diego Ramirez,Beachfront Hut,Credit Card,Windy
WSR-2026-0440,2026-05-01,May,Friday,Spring,Walk-in,Surfboard,Half Day,1,54.00,None,0.00,0.00,54.00,Finn Johnson,Marina Kiosk,Credit Card,Sunny
WSR-2026-0441,2026-05-01,May,Friday,Spring,Group/Event,Stand-Up Paddle Board,1 Hour,1,26.00,None,0.00,0.00,26.00,Isaac Patel,Resort Pier,Debit Card,Sunny
WSR-2026-0442,2026-05-01,May,Friday,Spring,Resort Guest,Single Kayak,Full Day,1,84.00,Premium Life Jacket,7.00,0.00,91.00,Mia Thompson,Resort Pier,Debit Card,Windy
WSR-2026-0443,2026-05-01,May,Friday,Spring,Online Booking,Single Kayak,2 Hours,1,38.00,None,0.00,0.00,38.00,Ben Carter,Lagoon Launch,Credit Card,Sunny
WSR-2026-0444,2026-05-02,May,Saturday,Spring,Resort Guest,Stand-Up Paddle Board,2 Hours,1,45.36,None,0.00,0.00,45.36,Chloe Nguyen,Beachfront Hut,Credit Card,Sunny
WSR-2026-0445,2026-05-02,May,Saturday,Spring,Walk-in,Wetsuit Rental,Half Day,1,25.92,Cooler Rental,10.00,0.00,35.92,Chloe Nguyen,Beachfront Hut,Credit Card,Sunny
WSR-2026-0446,2026-05-02,May,Saturday,Spring,Resort Guest,Snorkel Set,2 Hours,1,19.44,None,0.00,0.00,19.44,Diego Ramirez,Beachfront Hut,Credit Card,Sunny
WSR-2026-0447,2026-05-02,May,Saturday,Spring,Member,Fishing Kayak,Full Day,1,118.80,Dry Bag,6.00,18.72,106.08,Mia Thompson,Marina Kiosk,Credit Card,Sunny
WSR-2026-0448,2026-05-02,May,Saturday,Spring,Walk-in,Hydro Bike,Full Day,1,112.32,None,0.00,0.00,112.32,Ben Carter,Harbor Dock,Credit Card,Sunny
WSR-2026-0449,2026-05-02,May,Saturday,Spring,Online Booking,Fishing Kayak,1 Hour,1,34.56,Premium Life Jacket,7.00,0.00,41.56,Hannah Brooks,Resort Pier,Gift Card,Sunny
WSR-2026-0450,2026-05-02,May,Saturday,Spring,Group/Event,Fishing Kayak,Half Day,1,82.08,Phone Pouch,5.00,4.35,82.73,Mia Thompson,Harbor Dock,Cash,Windy
WSR-2026-0451,2026-05-02,May,Saturday,Spring,Online Booking,Bodyboard,1 Hour,1,15.12,Phone Pouch,5.00,0.00,20.12,Finn Johnson,Resort Pier,Debit Card,Cloudy
WSR-2026-0452,2026-05-02,May,Saturday,Spring,Online Booking,Fishing Kayak,Half Day,1,82.08,None,0.00,0.00,82.08,Ava Martinez,Lagoon Launch,Credit Card,Cloudy
WSR-2026-0453,2026-05-02,May,Saturday,Spring,Online Booking,Fishing Kayak,2 Hours,1,54.00,None,0.00,0.00,54.00,Chloe Nguyen,Lagoon Launch,Cash,Sunny
WSR-2026-0454,2026-05-02,May,Saturday,Spring,Online Booking,Single Kayak,Half Day,1,62.64,None,0.00,0.00,62.64,Grace Lee,Resort Pier,Credit Card,Sunny
WSR-2026-0455,2026-05-03,May,Sunday,Spring,Walk-in,Stand-Up Paddle Board,2 Hours,1,45.36,None,0.00,0.00,45.36,Ben Carter,Lagoon Launch,Debit Card,Sunny
WSR-2026-0456,2026-05-03,May,Sunday,Spring,Resort Guest,Stand-Up Paddle Board,1 Hour,1,28.08,Dry Bag,6.00,0.00,34.08,Mia Thompson,Resort Pier,Mobile Pay,Sunny
WSR-2026-0457,2026-05-03,May,Sunday,Spring,Group/Event,Tandem Kayak,2 Hours,1,56.16,Dry Bag,6.00,0.00,62.16,Grace Lee,Resort Pier,Cash,Sunny
WSR-2026-0458,2026-05-03,May,Sunday,Spring,Resort Guest,Surfboard,1 Hour,1,23.76,None,0.00,0.00,23.76,Diego Ramirez,Marina Kiosk,Credit Card,Sunny
WSR-2026-0459,2026-05-03,May,Sunday,Spring,Online Booking,Fishing Kayak,2 Hours,1,54.00,None,0.00,0.00,54.00,Finn Johnson,Resort Pier,Cash,Windy
WSR-2026-0460,2026-05-03,May,Sunday,Spring,Member,Surfboard,2 Hours,1,38.88,Phone Pouch,5.00,6.58,37.30,Grace Lee,Marina Kiosk,Cash,Sunny
WSR-2026-0461,2026-05-03,May,Sunday,Spring,Walk-in,Single Kayak,Half Day,1,62.64,Phone Pouch,5.00,0.00,67.64,Ava Martinez,Beachfront Hut,Credit Card,Sunny
WSR-2026-0462,2026-05-03,May,Sunday,Spring,Group/Event,Single Kayak,2 Hours,1,41.04,None,0.00,2.05,38.99,Ava Martinez,Lagoon Launch,Debit Card,Sunny
WSR-2026-0463,2026-05-03,May,Sunday,Spring,Member,Single Kayak,2 Hours,1,41.04,None,0.00,6.16,34.88,Ava Martinez,Beachfront Hut,Credit Card,Cloudy
WSR-2026-0464,2026-05-03,May,Sunday,Spring,Group/Event,Single Kayak,Full Day,1,90.72,None,0.00,9.07,81.65,Emma Wilson,Harbor Dock,Debit Card,Sunny
WSR-2026-0465,2026-05-03,May,Sunday,Spring,Walk-in,Single Kayak,2 Hours,1,41.04,None,0.00,0.00,41.04,Diego Ramirez,Resort Pier,Credit Card,Sunny
WSR-2026-0466,2026-05-03,May,Sunday,Spring,Resort Guest,Bodyboard,Half Day,1,36.72,None,0.00,0.00,36.72,Ava Martinez,Resort Pier,Debit Card,Sunny
WSR-2026-0467,2026-05-03,May,Sunday,Spring,Online Booking,Tandem Kayak,2 Hours,1,56.16,Premium Life Jacket,7.00,0.00,63.16,Hannah Brooks,Harbor Dock,Mobile Pay,Cloudy
WSR-2026-0468,2026-05-03,May,Sunday,Spring,Resort Guest,Surfboard,Half Day,1,58.32,Dry Bag,6.00,0.00,64.32,Finn Johnson,Beachfront Hut,Mobile Pay,Sunny
WSR-2026-0469,2026-05-04,May,Monday,Spring,Online Booking,Snorkel Set,Full Day,1,40.00,GoPro Mount,8.00,0.00,48.00,Ava Martinez,Resort Pier,Credit Card,Sunny
WSR-2026-0470,2026-05-04,May,Monday,Spring,Resort Guest,Hydro Bike,1 Hour,1,30.00,Cooler Rental,10.00,0.00,40.00,Hannah Brooks,Resort Pier,Credit Card,Cloudy
WSR-2026-0471,2026-05-04,May,Monday,Spring,Walk-in,Stand-Up Paddle Board,Full Day,1,88.00,None,0.00,4.40,83.60,Emma Wilson,Marina Kiosk,Credit Card,Sunny
WSR-2026-0472,2026-05-04,May,Monday,Spring,Walk-in,Single Kayak,1 Hour,1,24.00,None,0.00,0.00,24.00,Chloe Nguyen,Marina Kiosk,Debit Card,Sunny
WSR-2026-0473,2026-05-05,May,Tuesday,Spring,Resort Guest,Wetsuit Rental,1 Hour,1,10.00,None,0.00,0.00,10.00,Ben Carter,Lagoon Launch,Credit Card,Rainy
WSR-2026-0474,2026-05-05,May,Tuesday,Spring,Walk-in,Fishing Kayak,1 Hour,1,32.00,Dry Bag,6.00,0.00,38.00,Emma Wilson,Resort Pier,Credit Card,Sunny
WSR-2026-0475,2026-05-05,May,Tuesday,Spring,Online Booking,Single Kayak,2 Hours,1,38.00,Dry Bag,6.00,0.00,44.00,Chloe Nguyen,Harbor Dock,Credit Card,Rainy
WSR-2026-0476,2026-05-05,May,Tuesday,Spring,Online Booking,Bodyboard,1 Hour,1,14.00,GoPro Mount,8.00,0.00,22.00,Diego Ramirez,Harbor Dock,Mobile Pay,Sunny
WSR-2026-0477,2026-05-05,May,Tuesday,Spring,Online Booking,Hydro Bike,1 Hour,1,30.00,None,0.00,0.00,30.00,Mia Thompson,Resort Pier,Credit Card,Sunny
WSR-2026-0478,2026-05-05,May,Tuesday,Spring,Walk-in,Stand-Up Paddle Board,Half Day,1,62.00,Premium Life Jacket,7.00,3.45,65.55,Mia Thompson,Marina Kiosk,Credit Card,Sunny
WSR-2026-0479,2026-05-06,May,Wednesday,Spring,Group/Event,Snorkel Set,Full Day,1,40.00,None,0.00,4.00,36.00,Chloe Nguyen,Beachfront Hut,Cash,Cloudy
WSR-2026-0480,2026-05-06,May,Wednesday,Spring,Walk-in,Stand-Up Paddle Board,2 Hours,1,42.00,None,0.00,0.00,42.00,Chloe Nguyen,Marina Kiosk,Credit Card,Sunny
WSR-2026-0481,2026-05-07,May,Thursday,Spring,Member,Hydro Bike,Half Day,1,72.00,Phone Pouch,5.00,11.55,65.45,Chloe Nguyen,Lagoon Launch,Credit Card,Sunny
WSR-2026-0482,2026-05-07,May,Thursday,Spring,Resort Guest,Surfboard,1 Hour,1,22.00,Phone Pouch,5.00,1.35,25.65,Emma Wilson,Harbor Dock,Debit Card,Sunny
WSR-2026-0483,2026-05-07,May,Thursday,Spring,Resort Guest,Fishing Kayak,Half Day,1,76.00,Dry Bag,6.00,0.00,82.00,Grace Lee,Harbor Dock,Debit Card,Windy
WSR-2026-0484,2026-05-07,May,Thursday,Spring,Walk-in,Hydro Bike,2 Hours,1,48.00,Premium Life Jacket,7.00,0.00,55.00,Finn Johnson,Marina Kiosk,Credit Card,Cloudy
WSR-2026-0485,2026-05-07,May,Thursday,Spring,Online Booking,Snorkel Set,1 Hour,1,12.00,Waterproof Speaker,12.00,0.00,24.00,Chloe Nguyen,Harbor Dock,Cash,Cloudy
WSR-2026-0486,2026-05-08,May,Friday,Spring,Resort Guest,Snorkel Set,1 Hour,1,12.00,Phone Pouch,5.00,0.00,17.00,Chloe Nguyen,Marina Kiosk,Mobile Pay,Sunny
WSR-2026-0487,2026-05-08,May,Friday,Spring,Online Booking,Stand-Up Paddle Board,Half Day,1,62.00,None,0.00,0.00,62.00,Grace Lee,Harbor Dock,Mobile Pay,Cloudy
WSR-2026-0488,2026-05-08,May,Friday,Spring,Online Booking,Surfboard,2 Hours,1,36.00,Dry Bag,6.00,0.00,42.00,Finn Johnson,Harbor Dock,Debit Card,Cloudy
WSR-2026-0489,2026-05-08,May,Friday,Spring,Group/Event,Single Kayak,Full Day,1,84.00,Cooler Rental,10.00,9.40,84.60,Hannah Brooks,Beachfront Hut,Mobile Pay,Sunny
WSR-2026-0490,2026-05-08,May,Friday,Spring,Online Booking,Wetsuit Rental,Half Day,1,24.00,Phone Pouch,5.00,0.00,29.00,Ava Martinez,Marina Kiosk,Debit Card,Rainy
WSR-2026-0491,2026-05-08,May,Friday,Spring,Online Booking,Single Kayak,Full Day,1,84.00,Premium Life Jacket,7.00,0.00,91.00,Grace Lee,Marina Kiosk,Debit Card,Sunny
WSR-2026-0492,2026-05-08,May,Friday,Spring,Walk-in,Single Kayak,Half Day,1,58.00,Waterproof Speaker,12.00,0.00,70.00,Chloe Nguyen,Marina Kiosk,Credit Card,Sunny
WSR-2026-0493,2026-05-08,May,Friday,Spring,Resort Guest,Surfboard,1 Hour,1,22.00,Premium Life Jacket,7.00,0.00,29.00,Ava Martinez,Beachfront Hut,Credit Card,Sunny
WSR-2026-0494,2026-05-08,May,Friday,Spring,Walk-in,Single Kayak,2 Hours,1,38.00,None,0.00,1.90,36.10,Hannah Brooks,Lagoon Launch,Mobile Pay,Sunny
WSR-2026-0495,2026-05-08,May,Friday,Spring,Resort Guest,Stand-Up Paddle Board,Full Day,1,88.00,Cooler Rental,10.00,0.00,98.00,Chloe Nguyen,Harbor Dock,Cash,Cloudy
WSR-2026-0496,2026-05-09,May,Saturday,Spring,Online Booking,Snorkel Set,2 Hours,1,19.44,None,0.00,0.00,19.44,Ava Martinez,Lagoon Launch,Mobile Pay,Cloudy
WSR-2026-0497,2026-05-09,May,Saturday,Spring,Group/Event,Hydro Bike,1 Hour,1,32.40,None,0.00,3.24,29.16,Finn Johnson,Harbor Dock,Credit Card,Sunny
WSR-2026-0498,2026-05-09,May,Saturday,Spring,Online Booking,Single Kayak,Half Day,1,62.64,Dry Bag,6.00,0.00,68.64,Isaac Patel,Resort Pier,Credit Card,Sunny
WSR-2026-0499,2026-05-09,May,Saturday,Spring,Online Booking,Hydro Bike,Half Day,1,77.76,None,0.00,0.00,77.76,Hannah Brooks,Marina Kiosk,Debit Card,Cloudy
WSR-2026-0500,2026-05-09,May,Saturday,Spring,Resort Guest,Single Kayak,1 Hour,1,25.92,Dry Bag,6.00,0.00,31.92,Mia Thompson,Beachfront Hut,Debit Card,Sunny
WSR-2026-0501,2026-05-09,May,Saturday,Spring,Online Booking,Stand-Up Paddle Board,Half Day,1,66.96,None,0.00,0.00,66.96,Ava Martinez,Lagoon Launch,Debit Card,Sunny
WSR-2026-0502,2026-05-09,May,Saturday,Spring,Online Booking,Bodyboard,2 Hours,1,23.76,Dry Bag,6.00,0.00,29.76,Emma Wilson,Resort Pier,Credit Card,Sunny
WSR-2026-0503,2026-05-09,May,Saturday,Spring,Resort Guest,Single Kayak,2 Hours,1,41.04,None,0.00,0.00,41.04,Isaac Patel,Harbor Dock,Credit Card,Sunny
WSR-2026-0504,2026-05-09,May,Saturday,Spring,Resort Guest,Tandem Kayak,Full Day,1,120.96,None,0.00,0.00,120.96,Grace Lee,Marina Kiosk,Debit Card,Sunny
WSR-2026-0505,2026-05-09,May,Saturday,Spring,Online Booking,Surfboard,Full Day,1,82.08,None,0.00,0.00,82.08,Emma Wilson,Harbor Dock,Debit Card,Windy
WSR-2026-0506,2026-05-09,May,Saturday,Spring,Online Booking,Bodyboard,Half Day,1,36.72,None,0.00,0.00,36.72,Hannah Brooks,Lagoon Launch,Cash,Sunny
WSR-2026-0507,2026-05-09,May,Saturday,Spring,Walk-in,Stand-Up Paddle Board,Half Day,1,66.96,None,0.00,0.00,66.96,Finn Johnson,Beachfront Hut,Credit Card,Sunny
WSR-2026-0508,2026-05-10,May,Sunday,Spring,Walk-in,Surfboard,Half Day,1,58.32,None,0.00,0.00,58.32,Ben Carter,Lagoon Launch,Cash,Sunny
WSR-2026-0509,2026-05-10,May,Sunday,Spring,Walk-in,Surfboard,1 Hour,1,23.76,Cooler Rental,10.00,0.00,33.76,Ava Martinez,Beachfront Hut,Credit Card,Cloudy
WSR-2026-0510,2026-05-10,May,Sunday,Spring,Walk-in,Single Kayak,Full Day,1,90.72,None,0.00,0.00,90.72,Grace Lee,Resort Pier,Gift Card,Rainy
WSR-2026-0511,2026-05-10,May,Sunday,Spring,Walk-in,Fishing Kayak,Half Day,1,82.08,None,0.00,0.00,82.08,Hannah Brooks,Beachfront Hut,Debit Card,Cloudy
WSR-2026-0512,2026-05-10,May,Sunday,Spring,Online Booking,Stand-Up Paddle Board,2 Hours,1,45.36,Waterproof Speaker,12.00,0.00,57.36,Finn Johnson,Resort Pier,Credit Card,Sunny
WSR-2026-0513,2026-05-10,May,Sunday,Spring,Walk-in,Tandem Kayak,2 Hours,1,56.16,None,0.00,0.00,56.16,Finn Johnson,Marina Kiosk,Credit Card,Sunny
WSR-2026-0514,2026-05-10,May,Sunday,Spring,Walk-in,Stand-Up Paddle Board,2 Hours,1,45.36,Dry Bag,6.00,0.00,51.36,Grace Lee,Resort Pier,Credit Card,Sunny
WSR-2026-0515,2026-05-11,May,Monday,Spring,Online Booking,Tandem Kayak,Half Day,1,78.00,Dry Bag,6.00,0.00,84.00,Emma Wilson,Resort Pier,Credit Card,Windy
WSR-2026-0516,2026-05-11,May,Monday,Spring,Walk-in,Surfboard,1 Hour,1,22.00,None,0.00,0.00,22.00,Diego Ramirez,Lagoon Launch,Credit Card,Sunny
WSR-2026-0517,2026-05-11,May,Monday,Spring,Walk-in,Single Kayak,Half Day,1,58.00,None,0.00,0.00,58.00,Chloe Nguyen,Resort Pier,Credit Card,Cloudy
WSR-2026-0518,2026-05-11,May,Monday,Spring,Online Booking,Stand-Up Paddle Board,2 Hours,1,42.00,None,0.00,0.00,42.00,Hannah Brooks,Lagoon Launch,Credit Card,Sunny
WSR-2026-0519,2026-05-11,May,Monday,Spring,Walk-in,Stand-Up Paddle Board,1 Hour,1,26.00,Waterproof Speaker,12.00,0.00,38.00,Emma Wilson,Resort Pier,Debit Card,Cloudy
WSR-2026-0520,2026-05-11,May,Monday,Spring,Walk-in,Fishing Kayak,1 Hour,1,32.00,None,0.00,0.00,32.00,Ben Carter,Lagoon Launch,Credit Card,Cloudy
WSR-2026-0521,2026-05-11,May,Monday,Spring,Walk-in,Snorkel Set,Half Day,1,28.00,Dry Bag,6.00,0.00,34.00,Isaac Patel,Resort Pier,Mobile Pay,Sunny
WSR-2026-0522,2026-05-11,May,Monday,Spring,Resort Guest,Tandem Kayak,Half Day,1,78.00,None,0.00,0.00,78.00,Finn Johnson,Harbor Dock,Debit Card,Sunny
WSR-2026-0523,2026-05-11,May,Monday,Spring,Online Booking,Snorkel Set,1 Hour,1,12.00,None,0.00,0.00,12.00,Emma Wilson,Resort Pier,Debit Card,Cloudy
WSR-2026-0524,2026-05-11,May,Monday,Spring,Walk-in,Stand-Up Paddle Board,Half Day,1,62.00,None,0.00,0.00,62.00,Diego Ramirez,Marina Kiosk,Credit Card,Sunny
WSR-2026-0525,2026-05-11,May,Monday,Spring,Online Booking,Surfboard,2 Hours,1,36.00,None,0.00,0.00,36.00,Ava Martinez,Lagoon Launch,Credit Card,Sunny
WSR-2026-0526,2026-05-11,May,Monday,Spring,Resort Guest,Snorkel Set,2 Hours,1,18.00,Dry Bag,6.00,0.00,24.00,Ava Martinez,Harbor Dock,Mobile Pay,Sunny
WSR-2026-0527,2026-05-12,May,Tuesday,Spring,Online Booking,Wetsuit Rental,2 Hours,1,16.00,Dry Bag,6.00,0.00,22.00,Isaac Patel,Marina Kiosk,Credit Card,Sunny
WSR-2026-0528,2026-05-12,May,Tuesday,Spring,Walk-in,Surfboard,1 Hour,1,22.00,Dry Bag,6.00,0.00,28.00,Isaac Patel,Harbor Dock,Credit Card,Cloudy
WSR-2026-0529,2026-05-13,May,Wednesday,Spring,Online Booking,Single Kayak,Half Day,1,58.00,None,0.00,0.00,58.00,Mia Thompson,Marina Kiosk,Credit Card,Sunny
WSR-2026-0530,2026-05-13,May,Wednesday,Spring,Walk-in,Bodyboard,1 Hour,1,14.00,Dry Bag,6.00,0.00,20.00,Isaac Patel,Marina Kiosk,Credit Card,Rainy
WSR-2026-0531,2026-05-13,May,Wednesday,Spring,Resort Guest,Single Kayak,2 Hours,1,38.00,None,0.00,0.00,38.00,Ben Carter,Beachfront Hut,Credit Card,Windy
WSR-2026-0532,2026-05-13,May,Wednesday,Spring,Online Booking,Bodyboard,1 Hour,1,14.00,None,0.00,0.00,14.00,Grace Lee,Marina Kiosk,Credit Card,Sunny
WSR-2026-0533,2026-05-13,May,Wednesday,Spring,Online Booking,Single Kayak,1 Hour,1,24.00,GoPro Mount,8.00,0.00,32.00,Mia Thompson,Marina Kiosk,Debit Card,Cloudy
WSR-2026-0534,2026-05-13,May,Wednesday,Spring,Group/Event,Snorkel Set,1 Hour,1,12.00,None,0.00,1.20,10.80,Isaac Patel,Lagoon Launch,Credit Card,Windy
WSR-2026-0535,2026-05-14,May,Thursday,Spring,Walk-in,Pedal Boat,2 Hours,1,58.00,Dry Bag,6.00,0.00,64.00,Diego Ramirez,Beachfront Hut,Debit Card,Sunny
WSR-2026-0536,2026-05-14,May,Thursday,Spring,Group/Event,Snorkel Set,1 Hour,1,12.00,None,0.00,1.20,10.80,Emma Wilson,Harbor Dock,Debit Card,Cloudy
WSR-2026-0537,2026-05-14,May,Thursday,Spring,Member,Tandem Kayak,2 Hours,1,52.00,Dry Bag,6.00,8.70,49.30,Ava Martinez,Harbor Dock,Debit Card,Cloudy
WSR-2026-0538,2026-05-14,May,Thursday,Spring,Walk-in,Stand-Up Paddle Board,1 Hour,1,26.00,None,0.00,1.30,24.70,Grace Lee,Marina Kiosk,Credit Card,Cloudy
WSR-2026-0539,2026-05-14,May,Thursday,Spring,Walk-in,Pedal Boat,2 Hours,1,58.00,None,0.00,0.00,58.00,Chloe Nguyen,Marina Kiosk,Debit Card,Sunny
WSR-2026-0540,2026-05-15,May,Friday,Spring,Member,Surfboard,1 Hour,1,22.00,None,0.00,3.30,18.70,Isaac Patel,Beachfront Hut,Mobile Pay,Cloudy
WSR-2026-0541,2026-05-15,May,Friday,Spring,Resort Guest,Single Kayak,1 Hour,1,24.00,None,0.00,0.00,24.00,Ava Martinez,Lagoon Launch,Credit Card,Sunny
WSR-2026-0542,2026-05-15,May,Friday,Spring,Online Booking,Tandem Kayak,1 Hour,1,34.00,None,0.00,0.00,34.00,Isaac Patel,Resort Pier,Debit Card,Cloudy
WSR-2026-0543,2026-05-15,May,Friday,Spring,Walk-in,Fishing Kayak,2 Hours,1,50.00,None,0.00,2.50,47.50,Hannah Brooks,Beachfront Hut,Mobile Pay,Sunny
WSR-2026-0544,2026-05-16,May,Saturday,Spring,Online Booking,Tandem Kayak,1 Hour,1,36.72,Premium Life Jacket,7.00,0.00,43.72,Ben Carter,Harbor Dock,Credit Card,Windy
WSR-2026-0545,2026-05-16,May,Saturday,Spring,Walk-in,Hydro Bike,Half Day,1,77.76,None,0.00,0.00,77.76,Ava Martinez,Lagoon Launch,Credit Card,Cloudy
WSR-2026-0546,2026-05-16,May,Saturday,Spring,Online Booking,Bodyboard,Full Day,1,51.84,None,0.00,0.00,51.84,Ava Martinez,Lagoon Launch,Credit Card,Sunny
WSR-2026-0547,2026-05-16,May,Saturday,Spring,Online Booking,Stand-Up Paddle Board,2 Hours,1,45.36,None,0.00,0.00,45.36,Grace Lee,Lagoon Launch,Credit Card,Windy
WSR-2026-0548,2026-05-16,May,Saturday,Spring,Online Booking,Stand-Up Paddle Board,Half Day,1,66.96,Premium Life Jacket,7.00,0.00,73.96,Hannah Brooks,Resort Pier,Credit Card,Rainy
WSR-2026-0549,2026-05-16,May,Saturday,Spring,Resort Guest,Surfboard,Full Day,1,82.08,Phone Pouch,5.00,0.00,87.08,Grace Lee,Lagoon Launch,Credit Card,Cloudy
WSR-2026-0550,2026-05-16,May,Saturday,Spring,Resort Guest,Snorkel Set,Full Day,1,43.20,None,0.00,2.16,41.04,Mia Thompson,Marina Kiosk,Credit Card,Cloudy
WSR-2026-0551,2026-05-16,May,Saturday,Spring,Member,Tandem Kayak,2 Hours,1,56.16,None,0.00,5.62,50.54,Chloe Nguyen,Marina Kiosk,Cash,Cloudy
WSR-2026-0552,2026-05-16,May,Saturday,Spring,Walk-in,Single Kayak,2 Hours,1,41.04,None,0.00,0.00,41.04,Ava Martinez,Resort Pier,Gift Card,Sunny
WSR-2026-0553,2026-05-16,May,Saturday,Spring,Walk-in,Fishing Kayak,1 Hour,1,34.56,GoPro Mount,8.00,2.13,40.43,Hannah Brooks,Marina Kiosk,Debit Card,Sunny
WSR-2026-0554,2026-05-16,May,Saturday,Spring,Walk-in,Single Kayak,Half Day,1,62.64,None,0.00,0.00,62.64,Mia Thompson,Beachfront Hut,Cash,Cloudy
WSR-2026-0555,2026-05-17,May,Sunday,Spring,Online Booking,Tandem Kayak,Half Day,1,84.24,None,0.00,0.00,84.24,Ava Martinez,Marina Kiosk,Credit Card,Sunny
WSR-2026-0556,2026-05-17,May,Sunday,Spring,Walk-in,Bodyboard,1 Hour,1,15.12,None,0.00,0.00,15.12,Isaac Patel,Beachfront Hut,Credit Card,Sunny
WSR-2026-0557,2026-05-17,May,Sunday,Spring,Resort Guest,Snorkel Set,1 Hour,1,12.96,None,0.00,0.00,12.96,Chloe Nguyen,Lagoon Launch,Debit Card,Rainy
WSR-2026-0558,2026-05-17,May,Sunday,Spring,Online Booking,Tandem Kayak,Half Day,1,84.24,Premium Life Jacket,7.00,0.00,91.24,Diego Ramirez,Marina Kiosk,Credit Card,Sunny
WSR-2026-0559,2026-05-17,May,Sunday,Spring,Group/Event,Snorkel Set,Half Day,1,30.24,GoPro Mount,8.00,0.00,38.24,Hannah Brooks,Marina Kiosk,Mobile Pay,Cloudy
WSR-2026-0560,2026-05-17,May,Sunday,Spring,Walk-in,Fishing Kayak,2 Hours,1,54.00,Phone Pouch,5.00,0.00,59.00,Emma Wilson,Marina Kiosk,Credit Card,Cloudy
WSR-2026-0561,2026-05-17,May,Sunday,Spring,Resort Guest,Stand-Up Paddle Board,2 Hours,1,45.36,None,0.00,0.00,45.36,Ava Martinez,Resort Pier,Cash,Sunny
WSR-2026-0562,2026-05-18,May,Monday,Spring,Online Booking,Stand-Up Paddle Board,2 Hours,1,42.00,GoPro Mount,8.00,0.00,50.00,Chloe Nguyen,Resort Pier,Credit Card,Windy
WSR-2026-0563,2026-05-18,May,Monday,Spring,Group/Event,Wetsuit Rental,1 Hour,1,10.00,None,0.00,0.50,9.50,Mia Thompson,Lagoon Launch,Debit Card,Sunny
WSR-2026-0564,2026-05-18,May,Monday,Spring,Online Booking,Snorkel Set,Half Day,1,28.00,Waterproof Speaker,12.00,0.00,40.00,Chloe Nguyen,Harbor Dock,Mobile Pay,Sunny
WSR-2026-0565,2026-05-18,May,Monday,Spring,Online Booking,Snorkel Set,1 Hour,1,12.00,None,0.00,0.00,12.00,Mia Thompson,Beachfront Hut,Credit Card,Cloudy
WSR-2026-0566,2026-05-18,May,Monday,Spring,Walk-in,Wetsuit Rental,Half Day,1,24.00,GoPro Mount,8.00,0.00,32.00,Mia Thompson,Marina Kiosk,Debit Card,Rainy
WSR-2026-0567,2026-05-19,May,Tuesday,Spring,Group/Event,Single Kayak,Full Day,1,84.00,None,0.00,4.20,79.80,Chloe Nguyen,Lagoon Launch,Debit Card,Sunny
WSR-2026-0568,2026-05-19,May,Tuesday,Spring,Resort Guest,Fishing Kayak,2 Hours,1,50.00,GoPro Mount,8.00,0.00,58.00,Isaac Patel,Harbor Dock,Debit Card,Cloudy
WSR-2026-0569,2026-05-19,May,Tuesday,Spring,Resort Guest,Stand-Up Paddle Board,1 Hour,1,26.00,Waterproof Speaker,12.00,0.00,38.00,Chloe Nguyen,Beachfront Hut,Cash,Sunny
WSR-2026-0570,2026-05-20,May,Wednesday,Spring,Online Booking,Single Kayak,Half Day,1,58.00,Phone Pouch,5.00,0.00,63.00,Ben Carter,Lagoon Launch,Credit Card,Sunny
WSR-2026-0571,2026-05-20,May,Wednesday,Spring,Walk-in,Stand-Up Paddle Board,2 Hours,1,42.00,Dry Bag,6.00,0.00,48.00,Ben Carter,Beachfront Hut,Cash,Sunny
WSR-2026-0572,2026-05-21,May,Thursday,Spring,Online Booking,Wetsuit Rental,Half Day,1,24.00,Waterproof Speaker,12.00,0.00,36.00,Grace Lee,Harbor Dock,Credit Card,Sunny
WSR-2026-0573,2026-05-21,May,Thursday,Spring,Online Booking,Tandem Kayak,2 Hours,1,52.00,None,0.00,0.00,52.00,Ava Martinez,Harbor Dock,Credit Card,Rainy
WSR-2026-0574,2026-05-21,May,Thursday,Spring,Walk-in,Bodyboard,Half Day,1,34.00,None,0.00,0.00,34.00,Diego Ramirez,Resort Pier,Gift Card,Cloudy
WSR-2026-0575,2026-05-21,May,Thursday,Spring,Walk-in,Wetsuit Rental,2 Hours,1,16.00,None,0.00,0.00,16.00,Isaac Patel,Lagoon Launch,Cash,Rainy
WSR-2026-0576,2026-05-21,May,Thursday,Spring,Walk-in,Bodyboard,2 Hours,1,22.00,None,0.00,0.00,22.00,Ava Martinez,Marina Kiosk,Mobile Pay,Sunny
WSR-2026-0577,2026-05-21,May,Thursday,Spring,Walk-in,Pedal Boat,Full Day,1,124.00,None,0.00,0.00,124.00,Mia Thompson,Beachfront Hut,Credit Card,Cloudy
WSR-2026-0578,2026-05-21,May,Thursday,Spring,Online Booking,Bodyboard,2 Hours,1,22.00,None,0.00,0.00,22.00,Mia Thompson,Lagoon Launch,Credit Card,Sunny
WSR-2026-0579,2026-05-21,May,Thursday,Spring,Walk-in,Single Kayak,Half Day,1,58.00,None,0.00,0.00,58.00,Diego Ramirez,Resort Pier,Cash,Sunny
WSR-2026-0580,2026-05-22,May,Friday,Spring,Online Booking,Wetsuit Rental,Full Day,1,34.00,Phone Pouch,5.00,0.00,39.00,Ava Martinez,Marina Kiosk,Credit Card,Sunny
WSR-2026-0581,2026-05-22,May,Friday,Spring,Online Booking,Single Kayak,2 Hours,1,38.00,Cooler Rental,10.00,0.00,48.00,Ben Carter,Harbor Dock,Credit Card,Cloudy
WSR-2026-0582,2026-05-22,May,Friday,Spring,Walk-in,Surfboard,Half Day,1,54.00,None,0.00,0.00,54.00,Grace Lee,Beachfront Hut,Credit Card,Sunny
WSR-2026-0583,2026-05-22,May,Friday,Spring,Walk-in,Wetsuit Rental,Half Day,1,24.00,Premium Life Jacket,7.00,1.55,29.45,Mia Thompson,Lagoon Launch,Mobile Pay,Cloudy
WSR-2026-0584,2026-05-22,May,Friday,Spring,Online Booking,Tandem Kayak,1 Hour,1,34.00,Cooler Rental,10.00,0.00,44.00,Ben Carter,Resort Pier,Debit Card,Sunny
WSR-2026-0585,2026-05-22,May,Friday,Spring,Walk-in,Hydro Bike,2 Hours,1,48.00,Dry Bag,6.00,0.00,54.00,Ava Martinez,Lagoon Launch,Credit Card,Cloudy
WSR-2026-0586,2026-05-22,May,Friday,Spring,Online Booking,Snorkel Set,2 Hours,1,18.00,Dry Bag,6.00,0.00,24.00,Hannah Brooks,Beachfront Hut,Credit Card,Sunny
WSR-2026-0587,2026-05-22,May,Friday,Spring,Online Booking,Single Kayak,2 Hours,1,38.00,None,0.00,0.00,38.00,Finn Johnson,Beachfront Hut,Mobile Pay,Rainy
WSR-2026-0588,2026-05-22,May,Friday,Spring,Walk-in,Surfboard,1 Hour,1,22.00,Dry Bag,6.00,0.00,28.00,Mia Thompson,Lagoon Launch,Cash,Cloudy
WSR-2026-0589,2026-05-23,May,Saturday,Spring,Resort Guest,Wetsuit Rental,1 Hour,1,10.80,Dry Bag,6.00,0.00,16.80,Ava Martinez,Marina Kiosk,Credit Card,Windy
WSR-2026-0590,2026-05-23,May,Saturday,Spring,Resort Guest,Tandem Kayak,1 Hour,1,36.72,None,0.00,0.00,36.72,Hannah Brooks,Harbor Dock,Debit Card,Sunny
WSR-2026-0591,2026-05-23,May,Saturday,Spring,Member,Wetsuit Rental,1 Hour,1,10.80,Phone Pouch,5.00,2.37,13.43,Grace Lee,Beachfront Hut,Debit Card,Cloudy
WSR-2026-0592,2026-05-23,May,Saturday,Spring,Walk-in,Stand-Up Paddle Board,Full Day,1,95.04,Cooler Rental,10.00,0.00,105.04,Grace Lee,Beachfront Hut,Debit Card,Sunny
WSR-2026-0593,2026-05-23,May,Saturday,Spring,Online Booking,Pedal Boat,1 Hour,1,38.88,None,0.00,0.00,38.88,Grace Lee,Beachfront Hut,Gift Card,Sunny
WSR-2026-0594,2026-05-23,May,Saturday,Spring,Member,Stand-Up Paddle Board,Half Day,1,66.96,GoPro Mount,8.00,11.24,63.72,Ava Martinez,Lagoon Launch,Credit Card,Windy
WSR-2026-0595,2026-05-23,May,Saturday,Spring,Walk-in,Snorkel Set,2 Hours,1,19.44,None,0.00,0.00,19.44,Isaac Patel,Harbor Dock,Mobile Pay,Cloudy
WSR-2026-0596,2026-05-23,May,Saturday,Spring,Walk-in,Stand-Up Paddle Board,1 Hour,1,28.08,Phone Pouch,5.00,0.00,33.08,Ben Carter,Beachfront Hut,Cash,Sunny
WSR-2026-0597,2026-05-23,May,Saturday,Spring,Group/Event,Bodyboard,2 Hours,1,23.76,None,0.00,0.00,23.76,Diego Ramirez,Marina Kiosk,Debit Card,Sunny
WSR-2026-0598,2026-05-23,May,Saturday,Spring,Online Booking,Single Kayak,2 Hours,1,41.04,Premium Life Jacket,7.00,0.00,48.04,Emma Wilson,Lagoon Launch,Debit Card,Rainy
WSR-2026-0599,2026-05-23,May,Saturday,Spring,Walk-in,Bodyboard,2 Hours,1,23.76,None,0.00,0.00,23.76,Grace Lee,Beachfront Hut,Debit Card,Sunny
WSR-2026-0600,2026-05-23,May,Saturday,Spring,Resort Guest,Snorkel Set,Half Day,1,30.24,GoPro Mount,8.00,0.00,38.24,Grace Lee,Lagoon Launch,Debit Card,Sunny
WSR-2026-0601,2026-05-23,May,Saturday,Spring,Walk-in,Single Kayak,1 Hour,1,25.92,Phone Pouch,5.00,0.00,30.92,Chloe Nguyen,Resort Pier,Debit Card,Cloudy
WSR-2026-0602,2026-05-23,May,Saturday,Spring,Resort Guest,Tandem Kayak,Half Day,1,84.24,None,0.00,0.00,84.24,Grace Lee,Marina Kiosk,Credit Card,Sunny
WSR-2026-0603,2026-05-23,May,Saturday,Spring,Group/Event,Stand-Up Paddle Board,Half Day,1,66.96,Dry Bag,6.00,3.65,69.31,Hannah Brooks,Harbor Dock,Credit Card,Windy
WSR-2026-0604,2026-05-24,May,Sunday,Spring,Walk-in,Hydro Bike,2 Hours,1,51.84,Cooler Rental,10.00,0.00,61.84,Isaac Patel,Harbor Dock,Cash,Sunny
WSR-2026-0605,2026-05-24,May,Sunday,Spring,Group/Event,Bodyboard,1 Hour,1,15.12,Phone Pouch,5.00,0.00,20.12,Finn Johnson,Lagoon Launch,Credit Card,Sunny
WSR-2026-0606,2026-05-24,May,Sunday,Spring,Online Booking,Tandem Kayak,1 Hour,1,36.72,Cooler Rental,10.00,2.34,44.38,Mia Thompson,Resort Pier,Credit Card,Rainy
WSR-2026-0607,2026-05-24,May,Sunday,Spring,Resort Guest,Single Kayak,Full Day,1,90.72,None,0.00,4.54,86.18,Mia Thompson,Lagoon Launch,Debit Card,Sunny
WSR-2026-0608,2026-05-24,May,Sunday,Spring,Online Booking,Surfboard,Half Day,1,58.32,Premium Life Jacket,7.00,0.00,65.32,Emma Wilson,Beachfront Hut,Debit Card,Cloudy
WSR-2026-0609,2026-05-25,May,Monday,Spring,Walk-in,Single Kayak,1 Hour,1,27.60,Cooler Rental,10.00,0.00,37.60,Ben Carter,Resort Pier,Credit Card,Sunny
WSR-2026-0610,2026-05-25,May,Monday,Spring,Walk-in,Single Kayak,2 Hours,1,43.70,None,0.00,0.00,43.70,Mia Thompson,Marina Kiosk,Credit Card,Rainy
WSR-2026-0611,2026-05-25,May,Monday,Spring,Walk-in,Bodyboard,Full Day,1,55.20,None,0.00,0.00,55.20,Chloe Nguyen,Beachfront Hut,Cash,Cloudy
WSR-2026-0612,2026-05-25,May,Monday,Spring,Walk-in,Bodyboard,2 Hours,1,25.30,Cooler Rental,10.00,0.00,35.30,Hannah Brooks,Marina Kiosk,Credit Card,Cloudy
WSR-2026-0613,2026-05-25,May,Monday,Spring,Walk-in,Single Kayak,1 Hour,1,27.60,Dry Bag,6.00,0.00,33.60,Grace Lee,Lagoon Launch,Mobile Pay,Cloudy
WSR-2026-0614,2026-05-25,May,Monday,Spring,Walk-in,Single Kayak,Half Day,1,66.70,None,0.00,0.00,66.70,Chloe Nguyen,Harbor Dock,Cash,Sunny
WSR-2026-0615,2026-05-25,May,Monday,Spring,Online Booking,Surfboard,Half Day,1,62.10,GoPro Mount,8.00,0.00,70.10,Diego Ramirez,Resort Pier,Mobile Pay,Cloudy
WSR-2026-0616,2026-05-25,May,Monday,Spring,Walk-in,Bodyboard,Full Day,1,55.20,Premium Life Jacket,7.00,0.00,62.20,Diego Ramirez,Resort Pier,Debit Card,Windy
WSR-2026-0617,2026-05-25,May,Monday,Spring,Walk-in,Stand-Up Paddle Board,2 Hours,1,48.30,Phone Pouch,5.00,0.00,53.30,Grace Lee,Beachfront Hut,Credit Card,Cloudy
WSR-2026-0618,2026-05-25,May,Monday,Spring,Member,Single Kayak,Half Day,1,66.70,Phone Pouch,5.00,7.17,64.53,Grace Lee,Marina Kiosk,Debit Card,Sunny
WSR-2026-0619,2026-05-25,May,Monday,Spring,Online Booking,Wetsuit Rental,Half Day,1,27.60,None,0.00,0.00,27.60,Mia Thompson,Beachfront Hut,Credit Card,Windy
WSR-2026-0620,2026-05-25,May,Monday,Spring,Walk-in,Wetsuit Rental,2 Hours,1,18.40,None,0.00,0.00,18.40,Grace Lee,Harbor Dock,Credit Card,Sunny
WSR-2026-0621,2026-05-25,May,Monday,Spring,Online Booking,Snorkel Set,2 Hours,1,20.70,Cooler Rental,10.00,0.00,30.70,Diego Ramirez,Resort Pier,Mobile Pay,Sunny
WSR-2026-0622,2026-05-25,May,Monday,Spring,Online Booking,Surfboard,Half Day,1,62.10,Dry Bag,6.00,0.00,68.10,Ava Martinez,Beachfront Hut,Mobile Pay,Cloudy
WSR-2026-0623,2026-05-26,May,Tuesday,Spring,Resort Guest,Snorkel Set,Half Day,1,28.00,None,0.00,0.00,28.00,Mia Thompson,Resort Pier,Debit Card,Sunny
WSR-2026-0624,2026-05-26,May,Tuesday,Spring,Group/Event,Stand-Up Paddle Board,1 Hour,1,26.00,GoPro Mount,8.00,0.00,34.00,Ben Carter,Lagoon Launch,Mobile Pay,Sunny
WSR-2026-0625,2026-05-26,May,Tuesday,Spring,Walk-in,Wetsuit Rental,2 Hours,1,16.00,None,0.00,0.00,16.00,Mia Thompson,Beachfront Hut,Mobile Pay,Windy
WSR-2026-0626,2026-05-26,May,Tuesday,Spring,Online Booking,Pedal Boat,1 Hour,1,36.00,None,0.00,1.80,34.20,Grace Lee,Marina Kiosk,Credit Card,Sunny
WSR-2026-0627,2026-05-26,May,Tuesday,Spring,Resort Guest,Wetsuit Rental,2 Hours,1,16.00,None,0.00,0.00,16.00,Finn Johnson,Marina Kiosk,Credit Card,Sunny
WSR-2026-0628,2026-05-27,May,Wednesday,Spring,Walk-in,Stand-Up Paddle Board,1 Hour,1,26.00,None,0.00,0.00,26.00,Diego Ramirez,Harbor Dock,Credit Card,Sunny
WSR-2026-0629,2026-05-27,May,Wednesday,Spring,Walk-in,Single Kayak,2 Hours,1,38.00,None,0.00,0.00,38.00,Ben Carter,Lagoon Launch,Credit Card,Sunny
WSR-2026-0630,2026-05-27,May,Wednesday,Spring,Walk-in,Tandem Kayak,2 Hours,1,52.00,GoPro Mount,8.00,0.00,60.00,Emma Wilson,Marina Kiosk,Credit Card,Sunny
WSR-2026-0631,2026-05-27,May,Wednesday,Spring,Group/Event,Stand-Up Paddle Board,2 Hours,1,42.00,None,0.00,0.00,42.00,Chloe Nguyen,Beachfront Hut,Credit Card,Cloudy
WSR-2026-0632,2026-05-28,May,Thursday,Spring,Walk-in,Fishing Kayak,1 Hour,1,32.00,None,0.00,0.00,32.00,Chloe Nguyen,Marina Kiosk,Debit Card,Sunny
WSR-2026-0633,2026-05-28,May,Thursday,Spring,Resort Guest,Snorkel Set,1 Hour,1,12.00,GoPro Mount,8.00,0.00,20.00,Grace Lee,Marina Kiosk,Credit Card,Rainy
WSR-2026-0634,2026-05-28,May,Thursday,Spring,Walk-in,Hydro Bike,1 Hour,1,30.00,None,0.00,0.00,30.00,Ava Martinez,Lagoon Launch,Credit Card,Cloudy
WSR-2026-0635,2026-05-28,May,Thursday,Spring,Walk-in,Single Kayak,2 Hours,1,38.00,None,0.00,0.00,38.00,Finn Johnson,Resort Pier,Credit Card,Sunny
WSR-2026-0636,2026-05-28,May,Thursday,Spring,Resort Guest,Single Kayak,1 Hour,1,24.00,Phone Pouch,5.00,0.00,29.00,Emma Wilson,Harbor Dock,Debit Card,Sunny
WSR-2026-0637,2026-05-28,May,Thursday,Spring,Online Booking,Tandem Kayak,Full Day,1,112.00,Phone Pouch,5.00,0.00,117.00,Ben Carter,Harbor Dock,Credit Card,Sunny
WSR-2026-0638,2026-05-28,May,Thursday,Spring,Walk-in,Single Kayak,1 Hour,1,24.00,Cooler Rental,10.00,0.00,34.00,Emma Wilson,Beachfront Hut,Credit Card,Sunny
WSR-2026-0639,2026-05-28,May,Thursday,Spring,Walk-in,Single Kayak,2 Hours,1,38.00,None,0.00,0.00,38.00,Mia Thompson,Marina Kiosk,Credit Card,Windy
WSR-2026-0640,2026-05-28,May,Thursday,Spring,Online Booking,Tandem Kayak,1 Hour,1,34.00,None,0.00,0.00,34.00,Chloe Nguyen,Resort Pier,Credit Card,Sunny
WSR-2026-0641,2026-05-28,May,Thursday,Spring,Walk-in,Wetsuit Rental,2 Hours,1,16.00,None,0.00,0.80,15.20,Finn Johnson,Beachfront Hut,Credit Card,Cloudy
WSR-2026-0642,2026-05-28,May,Thursday,Spring,Online Booking,Stand-Up Paddle Board,Half Day,1,62.00,None,0.00,0.00,62.00,Ben Carter,Marina Kiosk,Credit Card,Sunny
WSR-2026-0643,2026-05-29,May,Friday,Spring,Walk-in,Bodyboard,2 Hours,1,22.00,Premium Life Jacket,7.00,0.00,29.00,Isaac Patel,Beachfront Hut,Debit Card,Windy
WSR-2026-0644,2026-05-29,May,Friday,Spring,Walk-in,Single Kayak,2 Hours,1,38.00,Phone Pouch,5.00,0.00,43.00,Ben Carter,Beachfront Hut,Credit Card,Sunny
WSR-2026-0645,2026-05-29,May,Friday,Spring,Group/Event,Surfboard,1 Hour,1,22.00,Cooler Rental,10.00,3.20,28.80,Mia Thompson,Lagoon Launch,Credit Card,Cloudy
WSR-2026-0646,2026-05-29,May,Friday,Spring,Online Booking,Fishing Kayak,1 Hour,1,32.00,Waterproof Speaker,12.00,0.00,44.00,Ava Martinez,Resort Pier,Credit Card,Rainy
WSR-2026-0647,2026-05-29,May,Friday,Spring,Walk-in,Tandem Kayak,Full Day,1,112.00,Premium Life Jacket,7.00,0.00,119.00,Hannah Brooks,Marina Kiosk,Debit Card,Windy
WSR-2026-0648,2026-05-29,May,Friday,Spring,Resort Guest,Wetsuit Rental,1 Hour,1,10.00,None,0.00,0.00,10.00,Diego Ramirez,Lagoon Launch,Credit Card,Sunny
WSR-2026-0649,2026-05-29,May,Friday,Spring,Walk-in,Surfboard,2 Hours,1,36.00,Waterproof Speaker,12.00,0.00,48.00,Emma Wilson,Resort Pier,Credit Card,Windy
WSR-2026-0650,2026-05-29,May,Friday,Spring,Walk-in,Tandem Kayak,1 Hour,1,34.00,None,0.00,0.00,34.00,Chloe Nguyen,Beachfront Hut,Mobile Pay,Sunny
WSR-2026-0651,2026-05-29,May,Friday,Spring,Walk-in,Single Kayak,Half Day,1,58.00,Premium Life Jacket,7.00,0.00,65.00,Ben Carter,Harbor Dock,Credit Card,Sunny
WSR-2026-0652,2026-05-29,May,Friday,Spring,Walk-in,Bodyboard,2 Hours,1,22.00,Phone Pouch,5.00,0.00,27.00,Grace Lee,Marina Kiosk,Mobile Pay,Sunny
WSR-2026-0653,2026-05-30,May,Saturday,Spring,Walk-in,Wetsuit Rental,2 Hours,1,17.28,None,0.00,0.00,17.28,Chloe Nguyen,Lagoon Launch,Gift Card,Sunny
WSR-2026-0654,2026-05-30,May,Saturday,Spring,Resort Guest,Wetsuit Rental,Half Day,1,25.92,None,0.00,0.00,25.92,Diego Ramirez,Lagoon Launch,Mobile Pay,Cloudy
WSR-2026-0655,2026-05-30,May,Saturday,Spring,Walk-in,Surfboard,Half Day,1,58.32,None,0.00,0.00,58.32,Hannah Brooks,Marina Kiosk,Credit Card,Sunny
WSR-2026-0656,2026-05-30,May,Saturday,Spring,Group/Event,Snorkel Set,2 Hours,1,19.44,None,0.00,0.00,19.44,Emma Wilson,Beachfront Hut,Credit Card,Sunny
WSR-2026-0657,2026-05-30,May,Saturday,Spring,Walk-in,Snorkel Set,2 Hours,1,19.44,None,0.00,0.00,19.44,Diego Ramirez,Resort Pier,Credit Card,Sunny
WSR-2026-0658,2026-05-30,May,Saturday,Spring,Resort Guest,Stand-Up Paddle Board,2 Hours,1,45.36,None,0.00,0.00,45.36,Ben Carter,Harbor Dock,Debit Card,Sunny
WSR-2026-0659,2026-05-30,May,Saturday,Spring,Resort Guest,Single Kayak,Half Day,1,62.64,Phone Pouch,5.00,3.38,64.26,Chloe Nguyen,Harbor Dock,Credit Card,Windy
WSR-2026-0660,2026-05-30,May,Saturday,Spring,Walk-in,Surfboard,Half Day,1,58.32,GoPro Mount,8.00,0.00,66.32,Isaac Patel,Harbor Dock,Credit Card,Sunny
WSR-2026-0661,2026-05-31,May,Sunday,Spring,Walk-in,Surfboard,2 Hours,1,38.88,None,0.00,0.00,38.88,Ava Martinez,Lagoon Launch,Debit Card,Sunny
WSR-2026-0662,2026-05-31,May,Sunday,Spring,Walk-in,Pedal Boat,1 Hour,1,38.88,Dry Bag,6.00,0.00,44.88,Ben Carter,Beachfront Hut,Credit Card,Sunny
WSR-2026-0663,2026-05-31,May,Sunday,Spring,Walk-in,Single Kayak,2 Hours,1,41.04,Cooler Rental,10.00,0.00,51.04,Isaac Patel,Harbor Dock,Debit Card,Rainy
WSR-2026-0664,2026-05-31,May,Sunday,Spring,Walk-in,Tandem Kayak,Full Day,1,120.96,None,0.00,0.00,120.96,Diego Ramirez,Harbor Dock,Mobile Pay,Cloudy
WSR-2026-0665,2026-05-31,May,Sunday,Spring,Online Booking,Tandem Kayak,2 Hours,1,56.16,Phone Pouch,5.00,0.00,61.16,Grace Lee,Lagoon Launch,Debit Card,Sunny
WSR-2026-0666,2026-05-31,May,Sunday,Spring,Online Booking,Fishing Kayak,1 Hour,1,34.56,None,0.00,0.00,34.56,Mia Thompson,Harbor Dock,Cash,Windy
WSR-2026-0667,2026-05-31,May,Sunday,Spring,Walk-in,Wetsuit Rental,Half Day,1,25.92,None,0.00,0.00,25.92,Hannah Brooks,Marina Kiosk,Cash,Sunny
WSR-2026-0668,2026-05-31,May,Sunday,Spring,Walk-in,Stand-Up Paddle Board,Half Day,1,66.96,None,0.00,0.00,66.96,Hannah Brooks,Lagoon Launch,Credit Card,Sunny
WSR-2026-0669,2026-06-01,June,Monday,Summer,Resort Guest,Bodyboard,2 Hours,1,24.64,None,0.00,0.00,24.64,Grace Lee,Beachfront Hut,Credit Card,Sunny
WSR-2026-0670,2026-06-01,June,Monday,Summer,Online Booking,Surfboard,2 Hours,1,40.32,None,0.00,0.00,40.32,Grace Lee,Resort Pier,Debit Card,Sunny
WSR-2026-0671,2026-06-01,June,Monday,Summer,Walk-in,Snorkel Set,Half Day,1,31.36,None,0.00,0.00,31.36,Ava Martinez,Resort Pier,Debit Card,Sunny
WSR-2026-0672,2026-06-01,June,Monday,Summer,Online Booking,Single Kayak,Full Day,1,94.08,Cooler Rental,10.00,0.00,104.08,Ben Carter,Marina Kiosk,Credit Card,Cloudy
WSR-2026-0673,2026-06-01,June,Monday,Summer,Walk-in,Wetsuit Rental,Full Day,1,38.08,Cooler Rental,10.00,2.40,45.68,Ben Carter,Beachfront Hut,Credit Card,Sunny
WSR-2026-0674,2026-06-01,June,Monday,Summer,Resort Guest,Wetsuit Rental,2 Hours,1,17.92,Phone Pouch,5.00,0.00,22.92,Isaac Patel,Beachfront Hut,Credit Card,Sunny
WSR-2026-0675,2026-06-01,June,Monday,Summer,Online Booking,Single Kayak,1 Hour,1,26.88,GoPro Mount,8.00,0.00,34.88,Ben Carter,Beachfront Hut,Cash,Sunny
WSR-2026-0676,2026-06-01,June,Monday,Summer,Walk-in,Tandem Kayak,2 Hours,1,58.24,GoPro Mount,8.00,0.00,66.24,Chloe Nguyen,Beachfront Hut,Credit Card,Sunny
WSR-2026-0677,2026-06-01,June,Monday,Summer,Walk-in,Surfboard,1 Hour,1,24.64,None,0.00,0.00,24.64,Mia Thompson,Marina Kiosk,Debit Card,Cloudy
WSR-2026-0678,2026-06-01,June,Monday,Summer,Resort Guest,Fishing Kayak,2 Hours,1,56.00,None,0.00,0.00,56.00,Mia Thompson,Resort Pier,Credit Card,Windy
WSR-2026-0679,2026-06-01,June,Monday,Summer,Walk-in,Snorkel Set,2 Hours,1,20.16,None,0.00,0.00,20.16,Mia Thompson,Resort Pier,Mobile Pay,Cloudy
WSR-2026-0680,2026-06-02,June,Tuesday,Summer,Online Booking,Stand-Up Paddle Board,1 Hour,1,29.12,Cooler Rental,10.00,0.00,39.12,Hannah Brooks,Marina Kiosk,Credit Card,Sunny
WSR-2026-0681,2026-06-02,June,Tuesday,Summer,Resort Guest,Single Kayak,2 Hours,1,42.56,None,0.00,0.00,42.56,Finn Johnson,Harbor Dock,Credit Card,Sunny
WSR-2026-0682,2026-06-02,June,Tuesday,Summer,Walk-in,Fishing Kayak,1 Hour,1,35.84,Waterproof Speaker,12.00,0.00,47.84,Ava Martinez,Resort Pier,Debit Card,Sunny
WSR-2026-0683,2026-06-02,June,Tuesday,Summer,Walk-in,Snorkel Set,1 Hour,1,13.44,Premium Life Jacket,7.00,1.02,19.42,Diego Ramirez,Lagoon Launch,Mobile Pay,Sunny
WSR-2026-0684,2026-06-02,June,Tuesday,Summer,Online Booking,Tandem Kayak,2 Hours,1,58.24,None,0.00,0.00,58.24,Chloe Nguyen,Resort Pier,Credit Card,Cloudy
WSR-2026-0685,2026-06-02,June,Tuesday,Summer,Online Booking,Single Kayak,2 Hours,1,42.56,Dry Bag,6.00,0.00,48.56,Chloe Nguyen,Beachfront Hut,Debit Card,Sunny
WSR-2026-0686,2026-06-02,June,Tuesday,Summer,Walk-in,Surfboard,Full Day,1,85.12,None,0.00,0.00,85.12,Ben Carter,Beachfront Hut,Gift Card,Sunny
WSR-2026-0687,2026-06-02,June,Tuesday,Summer,Online Booking,Wetsuit Rental,2 Hours,1,17.92,GoPro Mount,8.00,0.00,25.92,Ben Carter,Lagoon Launch,Credit Card,Cloudy
WSR-2026-0688,2026-06-03,June,Wednesday,Summer,Resort Guest,Stand-Up Paddle Board,Full Day,1,98.56,None,0.00,0.00,98.56,Finn Johnson,Harbor Dock,Mobile Pay,Sunny
WSR-2026-0689,2026-06-03,June,Wednesday,Summer,Walk-in,Wetsuit Rental,1 Hour,1,11.20,GoPro Mount,8.00,0.00,19.20,Isaac Patel,Harbor Dock,Debit Card,Sunny
WSR-2026-0690,2026-06-03,June,Wednesday,Summer,Walk-in,Single Kayak,1 Hour,1,26.88,Dry Bag,6.00,0.00,32.88,Ava Martinez,Marina Kiosk,Credit Card,Sunny
WSR-2026-0691,2026-06-03,June,Wednesday,Summer,Online Booking,Tandem Kayak,Half Day,1,87.36,None,0.00,0.00,87.36,Finn Johnson,Harbor Dock,Credit Card,Sunny
WSR-2026-0692,2026-06-03,June,Wednesday,Summer,Resort Guest,Stand-Up Paddle Board,2 Hours,1,47.04,None,0.00,0.00,47.04,Finn Johnson,Lagoon Launch,Credit Card,Sunny
WSR-2026-0693,2026-06-03,June,Wednesday,Summer,Group/Event,Stand-Up Paddle Board,1 Hour,1,29.12,Phone Pouch,5.00,3.41,30.71,Mia Thompson,Harbor Dock,Cash,Sunny
WSR-2026-0694,2026-06-03,June,Wednesday,Summer,Group/Event,Hydro Bike,1 Hour,1,33.60,None,0.00,0.00,33.60,Finn Johnson,Harbor Dock,Credit Card,Cloudy
WSR-2026-0695,2026-06-03,June,Wednesday,Summer,Online Booking,Bodyboard,2 Hours,1,24.64,Dry Bag,6.00,0.00,30.64,Ava Martinez,Beachfront Hut,Cash,Windy
WSR-2026-0696,2026-06-03,June,Wednesday,Summer,Walk-in,Fishing Kayak,Half Day,1,85.12,None,0.00,0.00,85.12,Mia Thompson,Marina Kiosk,Credit Card,Sunny
WSR-2026-0697,2026-06-04,June,Thursday,Summer,Online Booking,Single Kayak,2 Hours,1,42.56,Premium Life Jacket,7.00,0.00,49.56,Ben Carter,Resort Pier,Credit Card,Sunny
WSR-2026-0698,2026-06-04,June,Thursday,Summer,Online Booking,Stand-Up Paddle Board,Full Day,1,98.56,None,0.00,0.00,98.56,Ava Martinez,Harbor Dock,Mobile Pay,Sunny
WSR-2026-0699,2026-06-04,June,Thursday,Summer,Walk-in,Tandem Kayak,2 Hours,1,58.24,None,0.00,0.00,58.24,Chloe Nguyen,Marina Kiosk,Mobile Pay,Sunny
WSR-2026-0700,2026-06-04,June,Thursday,Summer,Resort Guest,Bodyboard,1 Hour,1,15.68,None,0.00,0.00,15.68,Diego Ramirez,Lagoon Launch,Credit Card,Sunny
WSR-2026-0701,2026-06-04,June,Thursday,Summer,Resort Guest,Stand-Up Paddle Board,2 Hours,1,47.04,None,0.00,0.00,47.04,Diego Ramirez,Resort Pier,Credit Card,Sunny
WSR-2026-0702,2026-06-04,June,Thursday,Summer,Walk-in,Snorkel Set,2 Hours,1,20.16,Phone Pouch,5.00,0.00,25.16,Chloe Nguyen,Lagoon Launch,Credit Card,Cloudy
WSR-2026-0703,2026-06-04,June,Thursday,Summer,Walk-in,Fishing Kayak,2 Hours,1,56.00,GoPro Mount,8.00,0.00,64.00,Chloe Nguyen,Harbor Dock,Gift Card,Windy
WSR-2026-0704,2026-06-04,June,Thursday,Summer,Online Booking,Pedal Boat,2 Hours,1,64.96,Dry Bag,6.00,3.55,67.41,Hannah Brooks,Beachfront Hut,Credit Card,Sunny
WSR-2026-0705,2026-06-04,June,Thursday,Summer,Online Booking,Single Kayak,2 Hours,1,42.56,Premium Life Jacket,7.00,0.00,49.56,Finn Johnson,Harbor Dock,Credit Card,Sunny
WSR-2026-0706,2026-06-04,June,Thursday,Summer,Resort Guest,Tandem Kayak,1 Hour,1,38.08,None,0.00,0.00,38.08,Mia Thompson,Marina Kiosk,Credit Card,Sunny
WSR-2026-0707,2026-06-04,June,Thursday,Summer,Resort Guest,Surfboard,2 Hours,1,40.32,None,0.00,0.00,40.32,Diego Ramirez,Beachfront Hut,Debit Card,Sunny
WSR-2026-0708,2026-06-04,June,Thursday,Summer,Online Booking,Stand-Up Paddle Board,1 Hour,1,29.12,Phone Pouch,5.00,0.00,34.12,Grace Lee,Harbor Dock,Gift Card,Cloudy
WSR-2026-0709,2026-06-04,June,Thursday,Summer,Online Booking,Single Kayak,2 Hours,1,42.56,None,0.00,0.00,42.56,Hannah Brooks,Resort Pier,Credit Card,Sunny
WSR-2026-0710,2026-06-04,June,Thursday,Summer,Walk-in,Surfboard,1 Hour,1,24.64,None,0.00,0.00,24.64,Emma Wilson,Marina Kiosk,Credit Card,Cloudy
WSR-2026-0711,2026-06-04,June,Thursday,Summer,Resort Guest,Wetsuit Rental,2 Hours,1,17.92,None,0.00,0.00,17.92,Grace Lee,Marina Kiosk,Credit Card,Sunny
WSR-2026-0712,2026-06-05,June,Friday,Summer,Group/Event,Tandem Kayak,1 Hour,1,38.08,None,0.00,1.90,36.18,Grace Lee,Harbor Dock,Mobile Pay,Sunny
WSR-2026-0713,2026-06-05,June,Friday,Summer,Online Booking,Single Kayak,1 Hour,1,26.88,GoPro Mount,8.00,0.00,34.88,Finn Johnson,Lagoon Launch,Credit Card,Sunny
WSR-2026-0714,2026-06-05,June,Friday,Summer,Online Booking,Stand-Up Paddle Board,2 Hours,1,47.04,Dry Bag,6.00,0.00,53.04,Ava Martinez,Resort Pier,Credit Card,Windy
WSR-2026-0715,2026-06-05,June,Friday,Summer,Online Booking,Stand-Up Paddle Board,Half Day,1,69.44,None,0.00,0.00,69.44,Chloe Nguyen,Beachfront Hut,Debit Card,Sunny
WSR-2026-0716,2026-06-05,June,Friday,Summer,Online Booking,Snorkel Set,Half Day,1,31.36,None,0.00,0.00,31.36,Mia Thompson,Beachfront Hut,Credit Card,Sunny
WSR-2026-0717,2026-06-05,June,Friday,Summer,Walk-in,Single Kayak,Half Day,1,64.96,Dry Bag,6.00,0.00,70.96,Mia Thompson,Resort Pier,Credit Card,Sunny
WSR-2026-0718,2026-06-05,June,Friday,Summer,Online Booking,Single Kayak,2 Hours,1,42.56,None,0.00,0.00,42.56,Mia Thompson,Lagoon Launch,Credit Card,Cloudy
WSR-2026-0719,2026-06-05,June,Friday,Summer,Online Booking,Snorkel Set,Half Day,1,31.36,None,0.00,1.57,29.79,Ava Martinez,Beachfront Hut,Debit Card,Sunny
WSR-2026-0720,2026-06-05,June,Friday,Summer,Online Booking,Surfboard,1 Hour,1,24.64,Dry Bag,6.00,0.00,30.64,Chloe Nguyen,Beachfront Hut,Credit Card,Sunny
WSR-2026-0721,2026-06-05,June,Friday,Summer,Online Booking,Stand-Up Paddle Board,Half Day,1,69.44,Dry Bag,6.00,3.77,71.67,Ava Martinez,Harbor Dock,Credit Card,Sunny
WSR-2026-0722,2026-06-05,June,Friday,Summer,Online Booking,Fishing Kayak,2 Hours,1,56.00,None,0.00,0.00,56.00,Mia Thompson,Resort Pier,Debit Card,Cloudy
WSR-2026-0723,2026-06-05,June,Friday,Summer,Online Booking,Single Kayak,2 Hours,1,42.56,Premium Life Jacket,7.00,0.00,49.56,Ava Martinez,Resort Pier,Cash,Windy
WSR-2026-0724,2026-06-05,June,Friday,Summer,Walk-in,Single Kayak,1 Hour,1,26.88,Dry Bag,6.00,0.00,32.88,Isaac Patel,Harbor Dock,Mobile Pay,Sunny
WSR-2026-0725,2026-06-05,June,Friday,Summer,Resort Guest,Single Kayak,1 Hour,1,26.88,None,0.00,0.00,26.88,Ben Carter,Harbor Dock,Credit Card,Sunny
WSR-2026-0726,2026-06-05,June,Friday,Summer,Online Booking,Tandem Kayak,Half Day,1,87.36,Dry Bag,6.00,0.00,93.36,Ben Carter,Beachfront Hut,Credit Card,Cloudy
WSR-2026-0727,2026-06-05,June,Friday,Summer,Walk-in,Bodyboard,Full Day,1,53.76,GoPro Mount,8.00,0.00,61.76,Ben Carter,Beachfront Hut,Mobile Pay,Sunny
WSR-2026-0728,2026-06-05,June,Friday,Summer,Resort Guest,Fishing Kayak,2 Hours,1,56.00,GoPro Mount,8.00,0.00,64.00,Finn Johnson,Marina Kiosk,Credit Card,Sunny
WSR-2026-0729,2026-06-05,June,Friday,Summer,Online Booking,Fishing Kayak,Half Day,1,85.12,Cooler Rental,10.00,0.00,95.12,Chloe Nguyen,Marina Kiosk,Credit Card,Cloudy
WSR-2026-0730,2026-06-05,June,Friday,Summer,Online Booking,Surfboard,Full Day,1,85.12,None,0.00,0.00,85.12,Chloe Nguyen,Beachfront Hut,Credit Card,Sunny
WSR-2026-0731,2026-06-05,June,Friday,Summer,Resort Guest,Bodyboard,2 Hours,1,24.64,None,0.00,0.00,24.64,Ava Martinez,Lagoon Launch,Credit Card,Sunny
WSR-2026-0732,2026-06-05,June,Friday,Summer,Walk-in,Tandem Kayak,1 Hour,1,38.08,None,0.00,0.00,38.08,Ben Carter,Resort Pier,Credit Card,Sunny
WSR-2026-0733,2026-06-05,June,Friday,Summer,Walk-in,Fishing Kayak,Half Day,1,85.12,Cooler Rental,10.00,0.00,95.12,Hannah Brooks,Lagoon Launch,Cash,Sunny
WSR-2026-0734,2026-06-05,June,Friday,Summer,Walk-in,Single Kayak,2 Hours,1,42.56,None,0.00,0.00,42.56,Emma Wilson,Resort Pier,Credit Card,Sunny
WSR-2026-0735,2026-06-05,June,Friday,Summer,Online Booking,Surfboard,1 Hour,1,24.64,Cooler Rental,10.00,0.00,34.64,Mia Thompson,Lagoon Launch,Credit Card,Windy
WSR-2026-0736,2026-06-05,June,Friday,Summer,Online Booking,Single Kayak,2 Hours,1,42.56,None,0.00,2.13,40.43,Emma Wilson,Marina Kiosk,Cash,Sunny
WSR-2026-0737,2026-06-06,June,Saturday,Summer,Online Booking,Snorkel Set,2 Hours,1,21.60,None,0.00,0.00,21.60,Diego Ramirez,Marina Kiosk,Debit Card,Sunny
WSR-2026-0738,2026-06-06,June,Saturday,Summer,Group/Event,Fishing Kayak,Half Day,1,91.20,None,0.00,0.00,91.20,Ava Martinez,Harbor Dock,Credit Card,Rainy
WSR-2026-0739,2026-06-06,June,Saturday,Summer,Walk-in,Pedal Boat,Half Day,1,103.20,None,0.00,0.00,103.20,Hannah Brooks,Resort Pier,Gift Card,Windy
WSR-2026-0740,2026-06-06,June,Saturday,Summer,Resort Guest,Pedal Boat,1 Hour,1,43.20,None,0.00,0.00,43.20,Ava Martinez,Lagoon Launch,Debit Card,Cloudy
WSR-2026-0741,2026-06-06,June,Saturday,Summer,Group/Event,Stand-Up Paddle Board,Half Day,1,74.40,Dry Bag,6.00,0.00,80.40,Ben Carter,Beachfront Hut,Cash,Cloudy
WSR-2026-0742,2026-06-06,June,Saturday,Summer,Online Booking,Wetsuit Rental,2 Hours,1,19.20,None,0.00,0.00,19.20,Finn Johnson,Marina Kiosk,Gift Card,Sunny
WSR-2026-0743,2026-06-06,June,Saturday,Summer,Walk-in,Snorkel Set,1 Hour,1,14.40,None,0.00,0.00,14.40,Finn Johnson,Beachfront Hut,Debit Card,Sunny
WSR-2026-0744,2026-06-06,June,Saturday,Summer,Member,Tandem Kayak,1 Hour,1,40.80,None,0.00,4.08,36.72,Grace Lee,Marina Kiosk,Cash,Sunny
WSR-2026-0745,2026-06-06,June,Saturday,Summer,Online Booking,Single Kayak,1 Hour,1,28.80,Dry Bag,6.00,0.00,34.80,Hannah Brooks,Lagoon Launch,Debit Card,Sunny
WSR-2026-0746,2026-06-06,June,Saturday,Summer,Walk-in,Pedal Boat,1 Hour,1,43.20,Waterproof Speaker,12.00,0.00,55.20,Emma Wilson,Resort Pier,Debit Card,Cloudy
WSR-2026-0747,2026-06-06,June,Saturday,Summer,Walk-in,Tandem Kayak,1 Hour,1,40.80,None,0.00,0.00,40.80,Grace Lee,Beachfront Hut,Debit Card,Sunny
WSR-2026-0748,2026-06-06,June,Saturday,Summer,Online Booking,Single Kayak,1 Hour,1,28.80,None,0.00,0.00,28.80,Emma Wilson,Lagoon Launch,Credit Card,Windy
WSR-2026-0749,2026-06-06,June,Saturday,Summer,Walk-in,Single Kayak,2 Hours,1,45.60,Dry Bag,6.00,0.00,51.60,Ava Martinez,Lagoon Launch,Credit Card,Sunny
WSR-2026-0750,2026-06-06,June,Saturday,Summer,Walk-in,Stand-Up Paddle Board,Full Day,1,105.60,None,0.00,0.00,105.60,Chloe Nguyen,Resort Pier,Debit Card,Sunny
WSR-2026-0751,2026-06-06,June,Saturday,Summer,Member,Bodyboard,2 Hours,1,26.40,None,0.00,2.64,23.76,Isaac Patel,Resort Pier,Credit Card,Sunny
WSR-2026-0752,2026-06-06,June,Saturday,Summer,Online Booking,Single Kayak,1 Hour,1,28.80,Phone Pouch,5.00,0.00,33.80,Ava Martinez,Lagoon Launch,Debit Card,Sunny
WSR-2026-0753,2026-06-06,June,Saturday,Summer,Resort Guest,Tandem Kayak,2 Hours,1,62.40,None,0.00,3.12,59.28,Ben Carter,Resort Pier,Debit Card,Sunny
WSR-2026-0754,2026-06-06,June,Saturday,Summer,Walk-in,Fishing Kayak,1 Hour,1,38.40,None,0.00,0.00,38.40,Mia Thompson,Beachfront Hut,Mobile Pay,Sunny
WSR-2026-0755,2026-06-06,June,Saturday,Summer,Member,Stand-Up Paddle Board,1 Hour,1,31.20,Cooler Rental,10.00,4.12,37.08,Grace Lee,Harbor Dock,Debit Card,Windy
WSR-2026-0756,2026-06-07,June,Sunday,Summer,Walk-in,Surfboard,2 Hours,1,43.20,None,0.00,0.00,43.20,Finn Johnson,Lagoon Launch,Mobile Pay,Sunny
WSR-2026-0757,2026-06-07,June,Sunday,Summer,Walk-in,Single Kayak,1 Hour,1,28.80,None,0.00,0.00,28.80,Emma Wilson,Lagoon Launch,Gift Card,Sunny
WSR-2026-0758,2026-06-07,June,Sunday,Summer,Walk-in,Stand-Up Paddle Board,2 Hours,1,50.40,None,0.00,0.00,50.40,Isaac Patel,Resort Pier,Debit Card,Sunny
WSR-2026-0759,2026-06-07,June,Sunday,Summer,Walk-in,Stand-Up Paddle Board,2 Hours,1,50.40,None,0.00,0.00,50.40,Mia Thompson,Lagoon Launch,Debit Card,Sunny
WSR-2026-0760,2026-06-07,June,Sunday,Summer,Online Booking,Snorkel Set,Full Day,1,48.00,GoPro Mount,8.00,0.00,56.00,Mia Thompson,Harbor Dock,Mobile Pay,Cloudy
WSR-2026-0761,2026-06-07,June,Sunday,Summer,Online Booking,Bodyboard,Full Day,1,57.60,Premium Life Jacket,7.00,0.00,64.60,Chloe Nguyen,Lagoon Launch,Mobile Pay,Sunny
WSR-2026-0762,2026-06-07,June,Sunday,Summer,Walk-in,Stand-Up Paddle Board,Full Day,1,105.60,None,0.00,0.00,105.60,Diego Ramirez,Resort Pier,Credit Card,Cloudy
WSR-2026-0763,2026-06-07,June,Sunday,Summer,Online Booking,Surfboard,Half Day,1,64.80,None,0.00,3.24,61.56,Mia Thompson,Beachfront Hut,Debit Card,Sunny
WSR-2026-0764,2026-06-07,June,Sunday,Summer,Resort Guest,Wetsuit Rental,2 Hours,1,19.20,None,0.00,0.00,19.20,Hannah Brooks,Harbor Dock,Credit Card,Sunny
WSR-2026-0765,2026-06-07,June,Sunday,Summer,Online Booking,Hydro Bike,1 Hour,1,36.00,None,0.00,0.00,36.00,Isaac Patel,Harbor Dock,Credit Card,Sunny
WSR-2026-0766,2026-06-07,June,Sunday,Summer,Resort Guest,Tandem Kayak,Half Day,1,93.60,GoPro Mount,8.00,0.00,101.60,Ava Martinez,Lagoon Launch,Credit Card,Sunny
WSR-2026-0767,2026-06-07,June,Sunday,Summer,Walk-in,Stand-Up Paddle Board,Full Day,1,105.60,None,0.00,0.00,105.60,Chloe Nguyen,Marina Kiosk,Credit Card,Windy
WSR-2026-0768,2026-06-07,June,Sunday,Summer,Walk-in,Single Kayak,1 Hour,1,28.80,None,0.00,0.00,28.80,Grace Lee,Lagoon Launch,Cash,Sunny
WSR-2026-0769,2026-06-07,June,Sunday,Summer,Online Booking,Snorkel Set,1 Hour,1,14.40,None,0.00,0.00,14.40,Chloe Nguyen,Marina Kiosk,Debit Card,Sunny
WSR-2026-0770,2026-06-07,June,Sunday,Summer,Walk-in,Pedal Boat,2 Hours,1,69.60,None,0.00,0.00,69.60,Mia Thompson,Lagoon Launch,Debit Card,Sunny
WSR-2026-0771,2026-06-07,June,Sunday,Summer,Walk-in,Stand-Up Paddle Board,2 Hours,1,50.40,Dry Bag,6.00,0.00,56.40,Diego Ramirez,Beachfront Hut,Debit Card,Sunny
WSR-2026-0772,2026-06-07,June,Sunday,Summer,Walk-in,Tandem Kayak,2 Hours,1,62.40,Dry Bag,6.00,0.00,68.40,Chloe Nguyen,Marina Kiosk,Credit Card,Sunny
WSR-2026-0773,2026-06-07,June,Sunday,Summer,Online Booking,Stand-Up Paddle Board,Half Day,1,74.40,Cooler Rental,10.00,0.00,84.40,Chloe Nguyen,Harbor Dock,Credit Card,Sunny
WSR-2026-0774,2026-06-07,June,Sunday,Summer,Online Booking,Tandem Kayak,2 Hours,1,62.40,None,0.00,0.00,62.40,Grace Lee,Harbor Dock,Debit Card,Sunny
WSR-2026-0775,2026-06-07,June,Sunday,Summer,Walk-in,Surfboard,Full Day,1,91.20,Cooler Rental,10.00,0.00,101.20,Ben Carter,Lagoon Launch,Cash,Windy
WSR-2026-0776,2026-06-07,June,Sunday,Summer,Walk-in,Hydro Bike,2 Hours,1,57.60,None,0.00,0.00,57.60,Isaac Patel,Resort Pier,Credit Card,Sunny
WSR-2026-0777,2026-06-07,June,Sunday,Summer,Online Booking,Stand-Up Paddle Board,Half Day,1,74.40,None,0.00,0.00,74.40,Diego Ramirez,Beachfront Hut,Cash,Cloudy
WSR-2026-0778,2026-06-08,June,Monday,Summer,Resort Guest,Surfboard,Half Day,1,60.48,Cooler Rental,10.00,0.00,70.48,Emma Wilson,Harbor Dock,Credit Card,Cloudy
WSR-2026-0779,2026-06-08,June,Monday,Summer,Resort Guest,Bodyboard,1 Hour,1,15.68,Dry Bag,6.00,0.00,21.68,Chloe Nguyen,Harbor Dock,Mobile Pay,Sunny
WSR-2026-0780,2026-06-08,June,Monday,Summer,Resort Guest,Bodyboard,2 Hours,1,24.64,None,0.00,0.00,24.64,Diego Ramirez,Harbor Dock,Credit Card,Sunny
WSR-2026-0781,2026-06-08,June,Monday,Summer,Walk-in,Stand-Up Paddle Board,2 Hours,1,47.04,Phone Pouch,5.00,0.00,52.04,Emma Wilson,Lagoon Launch,Mobile Pay,Sunny
WSR-2026-0782,2026-06-08,June,Monday,Summer,Member,Snorkel Set,1 Hour,1,13.44,None,0.00,1.34,12.10,Diego Ramirez,Resort Pier,Credit Card,Sunny
WSR-2026-0783,2026-06-08,June,Monday,Summer,Resort Guest,Bodyboard,2 Hours,1,24.64,None,0.00,0.00,24.64,Hannah Brooks,Lagoon Launch,Cash,Sunny
WSR-2026-0784,2026-06-08,June,Monday,Summer,Resort Guest,Fishing Kayak,1 Hour,1,35.84,Dry Bag,6.00,0.00,41.84,Finn Johnson,Beachfront Hut,Debit Card,Windy
WSR-2026-0785,2026-06-08,June,Monday,Summer,Walk-in,Snorkel Set,2 Hours,1,20.16,None,0.00,0.00,20.16,Diego Ramirez,Resort Pier,Cash,Sunny
WSR-2026-0786,2026-06-08,June,Monday,Summer,Walk-in,Single Kayak,Half Day,1,64.96,Phone Pouch,5.00,0.00,69.96,Grace Lee,Lagoon Launch,Cash,Rainy
WSR-2026-0787,2026-06-08,June,Monday,Summer,Walk-in,Hydro Bike,Half Day,1,80.64,Cooler Rental,10.00,0.00,90.64,Isaac Patel,Marina Kiosk,Mobile Pay,Sunny
WSR-2026-0788,2026-06-08,June,Monday,Summer,Resort Guest,Tandem Kayak,1 Hour,1,38.08,None,0.00,0.00,38.08,Grace Lee,Harbor Dock,Mobile Pay,Sunny
WSR-2026-0789,2026-06-08,June,Monday,Summer,Member,Bodyboard,2 Hours,1,24.64,Dry Bag,6.00,3.06,27.58,Ben Carter,Marina Kiosk,Credit Card,Sunny
WSR-2026-0790,2026-06-08,June,Monday,Summer,Resort Guest,Tandem Kayak,1 Hour,1,38.08,GoPro Mount,8.00,0.00,46.08,Finn Johnson,Harbor Dock,Credit Card,Cloudy
WSR-2026-0791,2026-06-08,June,Monday,Summer,Online Booking,Fishing Kayak,2 Hours,1,56.00,Dry Bag,6.00,0.00,62.00,Ben Carter,Resort Pier,Debit Card,Cloudy
WSR-2026-0792,2026-06-08,June,Monday,Summer,Online Booking,Surfboard,2 Hours,1,40.32,Dry Bag,6.00,0.00,46.32,Ben Carter,Harbor Dock,Credit Card,Sunny
WSR-2026-0793,2026-06-09,June,Tuesday,Summer,Walk-in,Pedal Boat,2 Hours,1,64.96,Dry Bag,6.00,0.00,70.96,Emma Wilson,Harbor Dock,Debit Card,Sunny
WSR-2026-0794,2026-06-09,June,Tuesday,Summer,Group/Event,Tandem Kayak,Full Day,1,125.44,None,0.00,12.54,112.90,Diego Ramirez,Beachfront Hut,Mobile Pay,Sunny
WSR-2026-0795,2026-06-09,June,Tuesday,Summer,Group/Event,Surfboard,Half Day,1,60.48,Dry Bag,6.00,3.32,63.16,Finn Johnson,Resort Pier,Debit Card,Sunny
WSR-2026-0796,2026-06-09,June,Tuesday,Summer,Walk-in,Stand-Up Paddle Board,Full Day,1,98.56,None,0.00,0.00,98.56,Chloe Nguyen,Lagoon Launch,Mobile Pay,Sunny
WSR-2026-0797,2026-06-09,June,Tuesday,Summer,Walk-in,Tandem Kayak,Half Day,1,87.36,GoPro Mount,8.00,0.00,95.36,Ava Martinez,Marina Kiosk,Credit Card,Windy
WSR-2026-0798,2026-06-09,June,Tuesday,Summer,Resort Guest,Fishing Kayak,Half Day,1,85.12,None,0.00,0.00,85.12,Mia Thompson,Resort Pier,Cash,Windy
WSR-2026-0799,2026-06-09,June,Tuesday,Summer,Walk-in,Fishing Kayak,2 Hours,1,56.00,Phone Pouch,5.00,0.00,61.00,Emma Wilson,Beachfront Hut,Debit Card,Sunny
WSR-2026-0800,2026-06-09,June,Tuesday,Summer,Member,Tandem Kayak,Half Day,1,87.36,None,0.00,8.74,78.62,Ava Martinez,Beachfront Hut,Debit Card,Cloudy
WSR-2026-0801,2026-06-09,June,Tuesday,Summer,Online Booking,Bodyboard,Half Day,1,38.08,None,0.00,0.00,38.08,Grace Lee,Marina Kiosk,Debit Card,Sunny
WSR-2026-0802,2026-06-09,June,Tuesday,Summer,Online Booking,Single Kayak,1 Hour,1,26.88,Waterproof Speaker,12.00,0.00,38.88,Diego Ramirez,Harbor Dock,Credit Card,Sunny
WSR-2026-0803,2026-06-10,June,Wednesday,Summer,Resort Guest,Single Kayak,2 Hours,1,42.56,GoPro Mount,8.00,0.00,50.56,Ava Martinez,Harbor Dock,Mobile Pay,Sunny
WSR-2026-0804,2026-06-10,June,Wednesday,Summer,Online Booking,Single Kayak,1 Hour,1,26.88,None,0.00,0.00,26.88,Finn Johnson,Beachfront Hut,Gift Card,Sunny
WSR-2026-0805,2026-06-10,June,Wednesday,Summer,Online Booking,Stand-Up Paddle Board,2 Hours,1,47.04,None,0.00,0.00,47.04,Ben Carter,Lagoon Launch,Mobile Pay,Cloudy
WSR-2026-0806,2026-06-10,June,Wednesday,Summer,Online Booking,Stand-Up Paddle Board,1 Hour,1,29.12,Dry Bag,6.00,0.00,35.12,Chloe Nguyen,Lagoon Launch,Credit Card,Sunny
WSR-2026-0807,2026-06-10,June,Wednesday,Summer,Online Booking,Single Kayak,2 Hours,1,42.56,Premium Life Jacket,7.00,0.00,49.56,Ava Martinez,Beachfront Hut,Mobile Pay,Sunny
WSR-2026-0808,2026-06-10,June,Wednesday,Summer,Walk-in,Tandem Kayak,2 Hours,1,58.24,Phone Pouch,5.00,0.00,63.24,Ava Martinez,Beachfront Hut,Debit Card,Sunny
WSR-2026-0809,2026-06-10,June,Wednesday,Summer,Online Booking,Stand-Up Paddle Board,1 Hour,1,29.12,None,0.00,0.00,29.12,Diego Ramirez,Harbor Dock,Credit Card,Cloudy
WSR-2026-0810,2026-06-10,June,Wednesday,Summer,Online Booking,Stand-Up Paddle Board,1 Hour,1,29.12,None,0.00,0.00,29.12,Diego Ramirez,Marina Kiosk,Debit Card,Sunny
WSR-2026-0811,2026-06-10,June,Wednesday,Summer,Group/Event,Single Kayak,Half Day,1,64.96,Waterproof Speaker,12.00,3.85,73.11,Mia Thompson,Lagoon Launch,Cash,Sunny
WSR-2026-0812,2026-06-10,June,Wednesday,Summer,Resort Guest,Snorkel Set,2 Hours,1,20.16,None,0.00,0.00,20.16,Grace Lee,Harbor Dock,Cash,Sunny
WSR-2026-0813,2026-06-10,June,Wednesday,Summer,Walk-in,Wetsuit Rental,Full Day,1,38.08,Premium Life Jacket,7.00,0.00,45.08,Diego Ramirez,Resort Pier,Cash,Sunny
WSR-2026-0814,2026-06-10,June,Wednesday,Summer,Member,Wetsuit Rental,2 Hours,1,17.92,None,0.00,1.79,16.13,Chloe Nguyen,Lagoon Launch,Credit Card,Sunny
WSR-2026-0815,2026-06-10,June,Wednesday,Summer,Online Booking,Surfboard,2 Hours,1,40.32,Dry Bag,6.00,0.00,46.32,Grace Lee,Resort Pier,Credit Card,Sunny
WSR-2026-0816,2026-06-10,June,Wednesday,Summer,Resort Guest,Bodyboard,Half Day,1,38.08,None,0.00,1.90,36.18,Ava Martinez,Harbor Dock,Mobile Pay,Sunny
WSR-2026-0817,2026-06-10,June,Wednesday,Summer,Walk-in,Hydro Bike,1 Hour,1,33.60,Waterproof Speaker,12.00,0.00,45.60,Finn Johnson,Lagoon Launch,Mobile Pay,Sunny
WSR-2026-0818,2026-06-10,June,Wednesday,Summer,Walk-in,Tandem Kayak,Half Day,1,87.36,Dry Bag,6.00,0.00,93.36,Ben Carter,Resort Pier,Debit Card,Sunny
WSR-2026-0819,2026-06-10,June,Wednesday,Summer,Online Booking,Bodyboard,1 Hour,1,15.68,None,0.00,0.00,15.68,Finn Johnson,Beachfront Hut,Credit Card,Sunny
WSR-2026-0820,2026-06-11,June,Thursday,Summer,Online Booking,Tandem Kayak,1 Hour,1,38.08,Cooler Rental,10.00,0.00,48.08,Grace Lee,Resort Pier,Credit Card,Sunny
WSR-2026-0821,2026-06-11,June,Thursday,Summer,Walk-in,Stand-Up Paddle Board,1 Hour,1,29.12,None,0.00,0.00,29.12,Isaac Patel,Marina Kiosk,Credit Card,Sunny
WSR-2026-0822,2026-06-11,June,Thursday,Summer,Online Booking,Tandem Kayak,1 Hour,1,38.08,None,0.00,0.00,38.08,Mia Thompson,Lagoon Launch,Debit Card,Windy
WSR-2026-0823,2026-06-11,June,Thursday,Summer,Walk-in,Surfboard,1 Hour,1,24.64,Waterproof Speaker,12.00,0.00,36.64,Ava Martinez,Resort Pier,Credit Card,Sunny
WSR-2026-0824,2026-06-11,June,Thursday,Summer,Resort Guest,Bodyboard,Half Day,1,38.08,Phone Pouch,5.00,0.00,43.08,Diego Ramirez,Resort Pier,Credit Card,Sunny
WSR-2026-0825,2026-06-11,June,Thursday,Summer,Walk-in,Stand-Up Paddle Board,Full Day,1,98.56,None,0.00,0.00,98.56,Chloe Nguyen,Resort Pier,Gift Card,Sunny
WSR-2026-0826,2026-06-11,June,Thursday,Summer,Walk-in,Snorkel Set,2 Hours,1,20.16,Cooler Rental,10.00,0.00,30.16,Finn Johnson,Resort Pier,Debit Card,Sunny
WSR-2026-0827,2026-06-11,June,Thursday,Summer,Group/Event,Tandem Kayak,2 Hours,1,58.24,None,0.00,2.91,55.33,Chloe Nguyen,Lagoon Launch,Cash,Sunny
WSR-2026-0828,2026-06-11,June,Thursday,Summer,Group/Event,Tandem Kayak,Half Day,1,87.36,None,0.00,4.37,82.99,Finn Johnson,Harbor Dock,Mobile Pay,Sunny
WSR-2026-0829,2026-06-11,June,Thursday,Summer,Online Booking,Surfboard,2 Hours,1,40.32,Dry Bag,6.00,0.00,46.32,Ben Carter,Resort Pier,Credit Card,Cloudy
WSR-2026-0830,2026-06-12,June,Friday,Summer,Online Booking,Bodyboard,2 Hours,1,24.64,GoPro Mount,8.00,0.00,32.64,Ava Martinez,Marina Kiosk,Credit Card,Rainy
WSR-2026-0831,2026-06-12,June,Friday,Summer,Resort Guest,Surfboard,2 Hours,1,40.32,Cooler Rental,10.00,0.00,50.32,Ava Martinez,Harbor Dock,Credit Card,Cloudy
WSR-2026-0832,2026-06-12,June,Friday,Summer,Walk-in,Bodyboard,2 Hours,1,24.64,Cooler Rental,10.00,0.00,34.64,Ava Martinez,Beachfront Hut,Gift Card,Sunny
WSR-2026-0833,2026-06-12,June,Friday,Summer,Group/Event,Pedal Boat,Full Day,1,138.88,None,0.00,6.94,131.94,Grace Lee,Beachfront Hut,Cash,Sunny
WSR-2026-0834,2026-06-12,June,Friday,Summer,Online Booking,Fishing Kayak,Full Day,1,123.20,Dry Bag,6.00,0.00,129.20,Ava Martinez,Lagoon Launch,Mobile Pay,Windy
WSR-2026-0835,2026-06-12,June,Friday,Summer,Online Booking,Surfboard,Half Day,1,60.48,GoPro Mount,8.00,0.00,68.48,Hannah Brooks,Resort Pier,Mobile Pay,Windy
WSR-2026-0836,2026-06-12,June,Friday,Summer,Online Booking,Single Kayak,Full Day,1,94.08,None,0.00,0.00,94.08,Diego Ramirez,Marina Kiosk,Credit Card,Sunny
WSR-2026-0837,2026-06-12,June,Friday,Summer,Walk-in,Tandem Kayak,Half Day,1,87.36,Dry Bag,6.00,4.67,88.69,Emma Wilson,Resort Pier,Debit Card,Cloudy
WSR-2026-0838,2026-06-12,June,Friday,Summer,Walk-in,Stand-Up Paddle Board,1 Hour,1,29.12,None,0.00,0.00,29.12,Hannah Brooks,Beachfront Hut,Credit Card,Sunny
WSR-2026-0839,2026-06-12,June,Friday,Summer,Online Booking,Pedal Boat,1 Hour,1,40.32,None,0.00,0.00,40.32,Emma Wilson,Beachfront Hut,Mobile Pay,Sunny
WSR-2026-0840,2026-06-12,June,Friday,Summer,Resort Guest,Fishing Kayak,Full Day,1,123.20,Waterproof Speaker,12.00,0.00,135.20,Ben Carter,Beachfront Hut,Debit Card,Sunny
WSR-2026-0841,2026-06-12,June,Friday,Summer,Walk-in,Single Kayak,2 Hours,1,42.56,Cooler Rental,10.00,0.00,52.56,Ben Carter,Marina Kiosk,Mobile Pay,Sunny
WSR-2026-0842,2026-06-12,June,Friday,Summer,Online Booking,Tandem Kayak,Full Day,1,125.44,Phone Pouch,5.00,0.00,130.44,Isaac Patel,Lagoon Launch,Mobile Pay,Sunny
WSR-2026-0843,2026-06-13,June,Saturday,Summer,Group/Event,Fishing Kayak,1 Hour,1,38.40,Dry Bag,6.00,0.00,44.40,Isaac Patel,Lagoon Launch,Cash,Sunny
WSR-2026-0844,2026-06-13,June,Saturday,Summer,Resort Guest,Stand-Up Paddle Board,1 Hour,1,31.20,Phone Pouch,5.00,0.00,36.20,Emma Wilson,Lagoon Launch,Credit Card,Sunny
WSR-2026-0845,2026-06-13,June,Saturday,Summer,Resort Guest,Bodyboard,1 Hour,1,16.80,Cooler Rental,10.00,1.34,25.46,Ava Martinez,Resort Pier,Credit Card,Cloudy
WSR-2026-0846,2026-06-13,June,Saturday,Summer,Walk-in,Bodyboard,Half Day,1,40.80,Phone Pouch,5.00,2.29,43.51,Ben Carter,Marina Kiosk,Mobile Pay,Sunny
WSR-2026-0847,2026-06-13,June,Saturday,Summer,Online Booking,Tandem Kayak,2 Hours,1,62.40,None,0.00,0.00,62.40,Ben Carter,Harbor Dock,Mobile Pay,Cloudy
WSR-2026-0848,2026-06-13,June,Saturday,Summer,Walk-in,Snorkel Set,1 Hour,1,14.40,Dry Bag,6.00,0.00,20.40,Ben Carter,Marina Kiosk,Debit Card,Sunny
WSR-2026-0849,2026-06-13,June,Saturday,Summer,Online Booking,Surfboard,1 Hour,1,26.40,Dry Bag,6.00,0.00,32.40,Isaac Patel,Beachfront Hut,Mobile Pay,Sunny
WSR-2026-0850,2026-06-13,June,Saturday,Summer,Online Booking,Stand-Up Paddle Board,2 Hours,1,50.40,Dry Bag,6.00,0.00,56.40,Ben Carter,Lagoon Launch,Credit Card,Sunny
WSR-2026-0851,2026-06-13,June,Saturday,Summer,Walk-in,Tandem Kayak,2 Hours,1,62.40,Premium Life Jacket,7.00,0.00,69.40,Diego Ramirez,Marina Kiosk,Debit Card,Cloudy
WSR-2026-0852,2026-06-13,June,Saturday,Summer,Online Booking,Stand-Up Paddle Board,Half Day,1,74.40,None,0.00,0.00,74.40,Chloe Nguyen,Resort Pier,Credit Card,Cloudy
WSR-2026-0853,2026-06-13,June,Saturday,Summer,Online Booking,Stand-Up Paddle Board,2 Hours,1,50.40,Phone Pouch,5.00,0.00,55.40,Hannah Brooks,Marina Kiosk,Credit Card,Windy
WSR-2026-0854,2026-06-13,June,Saturday,Summer,Online Booking,Tandem Kayak,Half Day,1,93.60,GoPro Mount,8.00,0.00,101.60,Diego Ramirez,Resort Pier,Mobile Pay,Sunny
WSR-2026-0855,2026-06-13,June,Saturday,Summer,Member,Snorkel Set,1 Hour,1,14.40,Dry Bag,6.00,2.04,18.36,Finn Johnson,Harbor Dock,Mobile Pay,Sunny
WSR-2026-0856,2026-06-13,June,Saturday,Summer,Online Booking,Stand-Up Paddle Board,Half Day,1,74.40,None,0.00,0.00,74.40,Ava Martinez,Harbor Dock,Debit Card,Sunny
WSR-2026-0857,2026-06-13,June,Saturday,Summer,Online Booking,Tandem Kayak,1 Hour,1,40.80,Cooler Rental,10.00,0.00,50.80,Hannah Brooks,Lagoon Launch,Credit Card,Sunny
WSR-2026-0858,2026-06-13,June,Saturday,Summer,Walk-in,Snorkel Set,Full Day,1,48.00,None,0.00,0.00,48.00,Ava Martinez,Marina Kiosk,Cash,Sunny
WSR-2026-0859,2026-06-13,June,Saturday,Summer,Online Booking,Tandem Kayak,1 Hour,1,40.80,Phone Pouch,5.00,2.29,43.51,Hannah Brooks,Marina Kiosk,Debit Card,Sunny
WSR-2026-0860,2026-06-13,June,Saturday,Summer,Walk-in,Snorkel Set,1 Hour,1,14.40,None,0.00,0.00,14.40,Hannah Brooks,Marina Kiosk,Credit Card,Sunny
WSR-2026-0861,2026-06-13,June,Saturday,Summer,Walk-in,Stand-Up Paddle Board,Full Day,1,105.60,Dry Bag,6.00,0.00,111.60,Isaac Patel,Lagoon Launch,Cash,Sunny
WSR-2026-0862,2026-06-13,June,Saturday,Summer,Online Booking,Snorkel Set,1 Hour,1,14.40,None,0.00,0.00,14.40,Finn Johnson,Marina Kiosk,Credit Card,Sunny
WSR-2026-0863,2026-06-13,June,Saturday,Summer,Online Booking,Wetsuit Rental,2 Hours,1,19.20,Waterproof Speaker,12.00,0.00,31.20,Chloe Nguyen,Harbor Dock,Gift Card,Sunny
WSR-2026-0864,2026-06-14,June,Sunday,Summer,Resort Guest,Wetsuit Rental,Half Day,1,28.80,None,0.00,0.00,28.80,Ava Martinez,Beachfront Hut,Credit Card,Sunny
WSR-2026-0865,2026-06-14,June,Sunday,Summer,Walk-in,Single Kayak,1 Hour,1,28.80,Phone Pouch,5.00,0.00,33.80,Finn Johnson,Beachfront Hut,Mobile Pay,Sunny
WSR-2026-0866,2026-06-14,June,Sunday,Summer,Online Booking,Tandem Kayak,1 Hour,1,40.80,None,0.00,0.00,40.80,Finn Johnson,Beachfront Hut,Credit Card,Sunny
WSR-2026-0867,2026-06-14,June,Sunday,Summer,Group/Event,Stand-Up Paddle Board,Half Day,1,74.40,None,0.00,7.44,66.96,Finn Johnson,Marina Kiosk,Mobile Pay,Sunny
WSR-2026-0868,2026-06-14,June,Sunday,Summer,Online Booking,Tandem Kayak,2 Hours,1,62.40,Dry Bag,6.00,0.00,68.40,Chloe Nguyen,Marina Kiosk,Debit Card,Sunny
WSR-2026-0869,2026-06-14,June,Sunday,Summer,Walk-in,Pedal Boat,Full Day,1,148.80,None,0.00,0.00,148.80,Diego Ramirez,Harbor Dock,Credit Card,Sunny
WSR-2026-0870,2026-06-14,June,Sunday,Summer,Member,Single Kayak,2 Hours,1,45.60,None,0.00,6.84,38.76,Emma Wilson,Resort Pier,Debit Card,Sunny
WSR-2026-0871,2026-06-14,June,Sunday,Summer,Walk-in,Surfboard,2 Hours,1,43.20,None,0.00,0.00,43.20,Mia Thompson,Lagoon Launch,Debit Card,Sunny
WSR-2026-0872,2026-06-14,June,Sunday,Summer,Walk-in,Stand-Up Paddle Board,2 Hours,1,50.40,Dry Bag,6.00,0.00,56.40,Finn Johnson,Lagoon Launch,Debit Card,Sunny
WSR-2026-0873,2026-06-14,June,Sunday,Summer,Group/Event,Stand-Up Paddle Board,Full Day,1,105.60,Phone Pouch,5.00,0.00,110.60,Ben Carter,Marina Kiosk,Credit Card,Sunny
WSR-2026-0874,2026-06-14,June,Sunday,Summer,Member,Single Kayak,1 Hour,1,28.80,None,0.00,2.88,25.92,Ben Carter,Harbor Dock,Debit Card,Sunny
WSR-2026-0875,2026-06-14,June,Sunday,Summer,Walk-in,Single Kayak,2 Hours,1,45.60,None,0.00,0.00,45.60,Chloe Nguyen,Harbor Dock,Mobile Pay,Sunny
WSR-2026-0876,2026-06-14,June,Sunday,Summer,Online Booking,Hydro Bike,Half Day,1,86.40,None,0.00,0.00,86.40,Diego Ramirez,Lagoon Launch,Debit Card,Sunny
WSR-2026-0877,2026-06-14,June,Sunday,Summer,Walk-in,Tandem Kayak,2 Hours,1,62.40,None,0.00,0.00,62.40,Finn Johnson,Beachfront Hut,Cash,Sunny
WSR-2026-0878,2026-06-14,June,Sunday,Summer,Resort Guest,Snorkel Set,2 Hours,1,21.60,Dry Bag,6.00,0.00,27.60,Hannah Brooks,Resort Pier,Debit Card,Sunny
WSR-2026-0879,2026-06-14,June,Sunday,Summer,Member,Single Kayak,Half Day,1,69.60,None,0.00,6.96,62.64,Ben Carter,Marina Kiosk,Mobile Pay,Sunny
WSR-2026-0880,2026-06-14,June,Sunday,Summer,Online Booking,Fishing Kayak,1 Hour,1,38.40,None,0.00,0.00,38.40,Chloe Nguyen,Resort Pier,Cash,Sunny
WSR-2026-0881,2026-06-14,June,Sunday,Summer,Resort Guest,Stand-Up Paddle Board,Half Day,1,74.40,None,0.00,0.00,74.40,Chloe Nguyen,Harbor Dock,Mobile Pay,Cloudy
WSR-2026-0882,2026-06-14,June,Sunday,Summer,Group/Event,Wetsuit Rental,Full Day,1,40.80,Phone Pouch,5.00,2.29,43.51,Finn Johnson,Marina Kiosk,Debit Card,Sunny
WSR-2026-0883,2026-06-14,June,Sunday,Summer,Resort Guest,Single Kayak,Full Day,1,100.80,None,0.00,0.00,100.80,Isaac Patel,Lagoon Launch,Cash,Sunny
WSR-2026-0884,2026-06-14,June,Sunday,Summer,Group/Event,Surfboard,Full Day,1,91.20,None,0.00,0.00,91.20,Mia Thompson,Harbor Dock,Credit Card,Sunny
WSR-2026-0885,2026-06-14,June,Sunday,Summer,Online Booking,Tandem Kayak,2 Hours,1,62.40,Waterproof Speaker,12.00,0.00,74.40,Emma Wilson,Harbor Dock,Debit Card,Sunny
WSR-2026-0886,2026-06-14,June,Sunday,Summer,Walk-in,Tandem Kayak,2 Hours,1,62.40,Phone Pouch,5.00,0.00,67.40,Finn Johnson,Resort Pier,Cash,Cloudy
WSR-2026-0887,2026-06-14,June,Sunday,Summer,Online Booking,Fishing Kayak,Full Day,1,132.00,Dry Bag,6.00,0.00,138.00,Isaac Patel,Resort Pier,Cash,Sunny
WSR-2026-0888,2026-06-14,June,Sunday,Summer,Walk-in,Single Kayak,Full Day,1,100.80,Phone Pouch,5.00,0.00,105.80,Ben Carter,Marina Kiosk,Mobile Pay,Sunny
WSR-2026-0889,2026-06-15,June,Monday,Summer,Walk-in,Stand-Up Paddle Board,Half Day,1,69.44,Cooler Rental,10.00,0.00,79.44,Isaac Patel,Resort Pier,Cash,Sunny
WSR-2026-0890,2026-06-15,June,Monday,Summer,Group/Event,Bodyboard,Full Day,1,53.76,None,0.00,5.38,48.38,Grace Lee,Lagoon Launch,Debit Card,Windy
WSR-2026-0891,2026-06-15,June,Monday,Summer,Online Booking,Stand-Up Paddle Board,Half Day,1,69.44,None,0.00,0.00,69.44,Emma Wilson,Lagoon Launch,Credit Card,Sunny
WSR-2026-0892,2026-06-15,June,Monday,Summer,Online Booking,Tandem Kayak,1 Hour,1,38.08,None,0.00,0.00,38.08,Isaac Patel,Harbor Dock,Credit Card,Sunny
WSR-2026-0893,2026-06-15,June,Monday,Summer,Resort Guest,Single Kayak,2 Hours,1,42.56,None,0.00,0.00,42.56,Ava Martinez,Harbor Dock,Credit Card,Sunny
WSR-2026-0894,2026-06-15,June,Monday,Summer,Walk-in,Tandem Kayak,2 Hours,1,58.24,None,0.00,2.91,55.33,Grace Lee,Marina Kiosk,Credit Card,Sunny
WSR-2026-0895,2026-06-15,June,Monday,Summer,Online Booking,Tandem Kayak,Half Day,1,87.36,Waterproof Speaker,12.00,0.00,99.36,Hannah Brooks,Beachfront Hut,Credit Card,Sunny
WSR-2026-0896,2026-06-15,June,Monday,Summer,Online Booking,Tandem Kayak,1 Hour,1,38.08,None,0.00,0.00,38.08,Chloe Nguyen,Beachfront Hut,Credit Card,Sunny
WSR-2026-0897,2026-06-15,June,Monday,Summer,Online Booking,Bodyboard,1 Hour,1,15.68,Dry Bag,6.00,0.00,21.68,Grace Lee,Marina Kiosk,Cash,Sunny
WSR-2026-0898,2026-06-15,June,Monday,Summer,Online Booking,Single Kayak,Full Day,1,94.08,None,0.00,0.00,94.08,Mia Thompson,Marina Kiosk,Credit Card,Cloudy
WSR-2026-0899,2026-06-15,June,Monday,Summer,Resort Guest,Snorkel Set,1 Hour,1,13.44,Dry Bag,6.00,0.00,19.44,Hannah Brooks,Harbor Dock,Debit Card,Sunny
WSR-2026-0900,2026-06-15,June,Monday,Summer,Group/Event,Tandem Kayak,1 Hour,1,38.08,Dry Bag,6.00,4.41,39.67,Ben Carter,Beachfront Hut,Debit Card,Sunny
WSR-2026-0901,2026-06-16,June,Tuesday,Summer,Group/Event,Surfboard,2 Hours,1,40.32,None,0.00,0.00,40.32,Grace Lee,Harbor Dock,Credit Card,Sunny
WSR-2026-0902,2026-06-16,June,Tuesday,Summer,Walk-in,Stand-Up Paddle Board,Full Day,1,98.56,None,0.00,0.00,98.56,Finn Johnson,Harbor Dock,Credit Card,Sunny
WSR-2026-0903,2026-06-16,June,Tuesday,Summer,Resort Guest,Surfboard,Half Day,1,60.48,None,0.00,0.00,60.48,Grace Lee,Resort Pier,Credit Card,Sunny
WSR-2026-0904,2026-06-16,June,Tuesday,Summer,Group/Event,Tandem Kayak,Full Day,1,125.44,GoPro Mount,8.00,13.34,120.10,Ava Martinez,Marina Kiosk,Cash,Windy
WSR-2026-0905,2026-06-16,June,Tuesday,Summer,Online Booking,Stand-Up Paddle Board,1 Hour,1,29.12,Waterproof Speaker,12.00,0.00,41.12,Mia Thompson,Resort Pier,Credit Card,Windy
WSR-2026-0906,2026-06-16,June,Tuesday,Summer,Walk-in,Snorkel Set,1 Hour,1,13.44,Premium Life Jacket,7.00,0.00,20.44,Chloe Nguyen,Beachfront Hut,Cash,Sunny
WSR-2026-0907,2026-06-16,June,Tuesday,Summer,Walk-in,Single Kayak,1 Hour,1,26.88,Cooler Rental,10.00,0.00,36.88,Ava Martinez,Beachfront Hut,Mobile Pay,Sunny
WSR-2026-0908,2026-06-16,June,Tuesday,Summer,Online Booking,Snorkel Set,1 Hour,1,13.44,GoPro Mount,8.00,1.07,20.37,Ben Carter,Harbor Dock,Debit Card,Sunny
WSR-2026-0909,2026-06-16,June,Tuesday,Summer,Online Booking,Bodyboard,Full Day,1,53.76,Cooler Rental,10.00,0.00,63.76,Hannah Brooks,Harbor Dock,Credit Card,Sunny
WSR-2026-0910,2026-06-16,June,Tuesday,Summer,Walk-in,Fishing Kayak,2 Hours,1,56.00,None,0.00,0.00,56.00,Isaac Patel,Resort Pier,Credit Card,Sunny
WSR-2026-0911,2026-06-17,June,Wednesday,Summer,Online Booking,Stand-Up Paddle Board,Half Day,1,69.44,None,0.00,0.00,69.44,Hannah Brooks,Lagoon Launch,Credit Card,Sunny
WSR-2026-0912,2026-06-17,June,Wednesday,Summer,Online Booking,Single Kayak,2 Hours,1,42.56,None,0.00,0.00,42.56,Emma Wilson,Harbor Dock,Credit Card,Sunny
WSR-2026-0913,2026-06-17,June,Wednesday,Summer,Online Booking,Stand-Up Paddle Board,2 Hours,1,47.04,None,0.00,0.00,47.04,Isaac Patel,Harbor Dock,Credit Card,Windy
WSR-2026-0914,2026-06-17,June,Wednesday,Summer,Online Booking,Single Kayak,2 Hours,1,42.56,None,0.00,0.00,42.56,Diego Ramirez,Harbor Dock,Debit Card,Sunny
WSR-2026-0915,2026-06-17,June,Wednesday,Summer,Walk-in,Hydro Bike,1 Hour,1,33.60,Dry Bag,6.00,0.00,39.60,Ava Martinez,Marina Kiosk,Credit Card,Sunny
WSR-2026-0916,2026-06-17,June,Wednesday,Summer,Walk-in,Stand-Up Paddle Board,Half Day,1,69.44,GoPro Mount,8.00,0.00,77.44,Emma Wilson,Marina Kiosk,Cash,Cloudy
WSR-2026-0917,2026-06-17,June,Wednesday,Summer,Walk-in,Wetsuit Rental,1 Hour,1,11.20,None,0.00,0.00,11.20,Isaac Patel,Harbor Dock,Credit Card,Sunny
WSR-2026-0918,2026-06-17,June,Wednesday,Summer,Walk-in,Fishing Kayak,2 Hours,1,56.00,GoPro Mount,8.00,0.00,64.00,Emma Wilson,Harbor Dock,Debit Card,Sunny
WSR-2026-0919,2026-06-17,June,Wednesday,Summer,Walk-in,Pedal Boat,2 Hours,1,64.96,Dry Bag,6.00,0.00,70.96,Diego Ramirez,Lagoon Launch,Cash,Sunny
WSR-2026-0920,2026-06-17,June,Wednesday,Summer,Online Booking,Tandem Kayak,1 Hour,1,38.08,None,0.00,0.00,38.08,Ava Martinez,Harbor Dock,Credit Card,Sunny
WSR-2026-0921,2026-06-17,June,Wednesday,Summer,Walk-in,Snorkel Set,1 Hour,1,13.44,None,0.00,0.00,13.44,Grace Lee,Marina Kiosk,Mobile Pay,Sunny
WSR-2026-0922,2026-06-17,June,Wednesday,Summer,Group/Event,Stand-Up Paddle Board,2 Hours,1,47.04,Waterproof Speaker,12.00,5.90,53.14,Isaac Patel,Resort Pier,Credit Card,Sunny
WSR-2026-0923,2026-06-17,June,Wednesday,Summer,Member,Stand-Up Paddle Board,1 Hour,1,29.12,Phone Pouch,5.00,3.41,30.71,Diego Ramirez,Harbor Dock,Credit Card,Sunny
WSR-2026-0924,2026-06-17,June,Wednesday,Summer,Walk-in,Tandem Kayak,2 Hours,1,58.24,GoPro Mount,8.00,0.00,66.24,Hannah Brooks,Harbor Dock,Mobile Pay,Sunny
WSR-2026-0925,2026-06-17,June,Wednesday,Summer,Walk-in,Single Kayak,1 Hour,1,26.88,None,0.00,0.00,26.88,Isaac Patel,Beachfront Hut,Debit Card,Sunny
WSR-2026-0926,2026-06-17,June,Wednesday,Summer,Group/Event,Surfboard,1 Hour,1,24.64,None,0.00,2.46,22.18,Hannah Brooks,Lagoon Launch,Debit Card,Sunny
WSR-2026-0927,2026-06-18,June,Thursday,Summer,Walk-in,Stand-Up Paddle Board,1 Hour,1,29.12,None,0.00,0.00,29.12,Hannah Brooks,Beachfront Hut,Credit Card,Sunny
WSR-2026-0928,2026-06-18,June,Thursday,Summer,Walk-in,Snorkel Set,2 Hours,1,20.16,None,0.00,0.00,20.16,Chloe Nguyen,Resort Pier,Credit Card,Sunny
WSR-2026-0929,2026-06-18,June,Thursday,Summer,Online Booking,Hydro Bike,2 Hours,1,53.76,None,0.00,0.00,53.76,Mia Thompson,Harbor Dock,Credit Card,Sunny
WSR-2026-0930,2026-06-18,June,Thursday,Summer,Group/Event,Hydro Bike,1 Hour,1,33.60,Dry Bag,6.00,3.96,35.64,Grace Lee,Marina Kiosk,Credit Card,Sunny
WSR-2026-0931,2026-06-18,June,Thursday,Summer,Online Booking,Pedal Boat,Full Day,1,138.88,Dry Bag,6.00,0.00,144.88,Ben Carter,Resort Pier,Credit Card,Sunny
WSR-2026-0932,2026-06-18,June,Thursday,Summer,Walk-in,Tandem Kayak,Half Day,1,87.36,Phone Pouch,5.00,0.00,92.36,Diego Ramirez,Marina Kiosk,Credit Card,Cloudy
WSR-2026-0933,2026-06-18,June,Thursday,Summer,Resort Guest,Snorkel Set,1 Hour,1,13.44,Premium Life Jacket,7.00,0.00,20.44,Emma Wilson,Marina Kiosk,Debit Card,Cloudy
WSR-2026-0934,2026-06-18,June,Thursday,Summer,Member,Single Kayak,1 Hour,1,26.88,Dry Bag,6.00,3.29,29.59,Isaac Patel,Marina Kiosk,Debit Card,Sunny
WSR-2026-0935,2026-06-18,June,Thursday,Summer,Walk-in,Tandem Kayak,Full Day,1,125.44,GoPro Mount,8.00,0.00,133.44,Grace Lee,Lagoon Launch,Debit Card,Sunny
WSR-2026-0936,2026-06-18,June,Thursday,Summer,Resort Guest,Tandem Kayak,2 Hours,1,58.24,None,0.00,0.00,58.24,Ben Carter,Beachfront Hut,Credit Card,Sunny
WSR-2026-0937,2026-06-18,June,Thursday,Summer,Online Booking,Hydro Bike,Half Day,1,80.64,Phone Pouch,5.00,0.00,85.64,Finn Johnson,Marina Kiosk,Gift Card,Sunny
WSR-2026-0938,2026-06-18,June,Thursday,Summer,Walk-in,Surfboard,2 Hours,1,40.32,Dry Bag,6.00,0.00,46.32,Finn Johnson,Marina Kiosk,Mobile Pay,Sunny
WSR-2026-0939,2026-06-18,June,Thursday,Summer,Online Booking,Tandem Kayak,2 Hours,1,58.24,None,0.00,0.00,58.24,Hannah Brooks,Marina Kiosk,Debit Card,Cloudy
WSR-2026-0940,2026-06-18,June,Thursday,Summer,Online Booking,Pedal Boat,1 Hour,1,40.32,Cooler Rental,10.00,0.00,50.32,Mia Thompson,Beachfront Hut,Credit Card,Sunny
WSR-2026-0941,2026-06-18,June,Thursday,Summer,Online Booking,Fishing Kayak,1 Hour,1,35.84,None,0.00,0.00,35.84,Mia Thompson,Beachfront Hut,Gift Card,Sunny
WSR-2026-0942,2026-06-18,June,Thursday,Summer,Walk-in,Single Kayak,2 Hours,1,42.56,Waterproof Speaker,12.00,0.00,54.56,Emma Wilson,Harbor Dock,Credit Card,Sunny
WSR-2026-0943,2026-06-18,June,Thursday,Summer,Member,Bodyboard,Half Day,1,38.08,Cooler Rental,10.00,4.81,43.27,Hannah Brooks,Lagoon Launch,Mobile Pay,Sunny
WSR-2026-0944,2026-06-18,June,Thursday,Summer,Member,Bodyboard,2 Hours,1,24.64,Phone Pouch,5.00,4.45,25.19,Emma Wilson,Harbor Dock,Credit Card,Sunny
WSR-2026-0945,2026-06-19,June,Friday,Summer,Online Booking,Hydro Bike,Half Day,1,80.64,Phone Pouch,5.00,0.00,85.64,Grace Lee,Marina Kiosk,Cash,Sunny
WSR-2026-0946,2026-06-19,June,Friday,Summer,Online Booking,Pedal Boat,Half Day,1,96.32,GoPro Mount,8.00,0.00,104.32,Diego Ramirez,Lagoon Launch,Credit Card,Sunny
WSR-2026-0947,2026-06-19,June,Friday,Summer,Walk-in,Stand-Up Paddle Board,1 Hour,1,29.12,Phone Pouch,5.00,0.00,34.12,Grace Lee,Beachfront Hut,Cash,Sunny
WSR-2026-0948,2026-06-19,June,Friday,Summer,Online Booking,Bodyboard,2 Hours,1,24.64,None,0.00,0.00,24.64,Ava Martinez,Beachfront Hut,Credit Card,Sunny
WSR-2026-0949,2026-06-19,June,Friday,Summer,Online Booking,Tandem Kayak,2 Hours,1,58.24,None,0.00,0.00,58.24,Ben Carter,Lagoon Launch,Debit Card,Sunny
WSR-2026-0950,2026-06-19,June,Friday,Summer,Resort Guest,Tandem Kayak,Half Day,1,87.36,None,0.00,0.00,87.36,Diego Ramirez,Beachfront Hut,Credit Card,Sunny
WSR-2026-0951,2026-06-19,June,Friday,Summer,Walk-in,Tandem Kayak,2 Hours,1,58.24,Phone Pouch,5.00,0.00,63.24,Mia Thompson,Marina Kiosk,Debit Card,Cloudy
WSR-2026-0952,2026-06-19,June,Friday,Summer,Online Booking,Wetsuit Rental,2 Hours,1,17.92,Dry Bag,6.00,0.00,23.92,Diego Ramirez,Marina Kiosk,Debit Card,Cloudy
WSR-2026-0953,2026-06-19,June,Friday,Summer,Online Booking,Stand-Up Paddle Board,2 Hours,1,47.04,Phone Pouch,5.00,0.00,52.04,Chloe Nguyen,Beachfront Hut,Credit Card,Sunny
WSR-2026-0954,2026-06-19,June,Friday,Summer,Online Booking,Snorkel Set,Half Day,1,31.36,None,0.00,0.00,31.36,Mia Thompson,Harbor Dock,Mobile Pay,Cloudy
WSR-2026-0955,2026-06-19,June,Friday,Summer,Walk-in,Snorkel Set,2 Hours,1,20.16,None,0.00,0.00,20.16,Diego Ramirez,Harbor Dock,Mobile Pay,Sunny
WSR-2026-0956,2026-06-19,June,Friday,Summer,Resort Guest,Tandem Kayak,Full Day,1,125.44,Dry Bag,6.00,0.00,131.44,Hannah Brooks,Marina Kiosk,Debit Card,Sunny
WSR-2026-0957,2026-06-19,June,Friday,Summer,Resort Guest,Tandem Kayak,Half Day,1,87.36,Phone Pouch,5.00,0.00,92.36,Grace Lee,Marina Kiosk,Credit Card,Windy
WSR-2026-0958,2026-06-19,June,Friday,Summer,Resort Guest,Tandem Kayak,1 Hour,1,38.08,Phone Pouch,5.00,0.00,43.08,Mia Thompson,Beachfront Hut,Debit Card,Sunny
WSR-2026-0959,2026-06-20,June,Saturday,Summer,Online Booking,Tandem Kayak,2 Hours,1,62.40,None,0.00,0.00,62.40,Hannah Brooks,Lagoon Launch,Cash,Sunny
WSR-2026-0960,2026-06-20,June,Saturday,Summer,Online Booking,Stand-Up Paddle Board,2 Hours,1,50.40,None,0.00,0.00,50.40,Finn Johnson,Lagoon Launch,Debit Card,Sunny
WSR-2026-0961,2026-06-20,June,Saturday,Summer,Group/Event,Pedal Boat,1 Hour,1,43.20,GoPro Mount,8.00,0.00,51.20,Finn Johnson,Resort Pier,Cash,Rainy
WSR-2026-0962,2026-06-20,June,Saturday,Summer,Walk-in,Tandem Kayak,2 Hours,1,62.40,Phone Pouch,5.00,0.00,67.40,Emma Wilson,Lagoon Launch,Mobile Pay,Sunny
WSR-2026-0963,2026-06-20,June,Saturday,Summer,Walk-in,Pedal Boat,1 Hour,1,43.20,Dry Bag,6.00,0.00,49.20,Emma Wilson,Beachfront Hut,Debit Card,Sunny
WSR-2026-0964,2026-06-20,June,Saturday,Summer,Walk-in,Wetsuit Rental,2 Hours,1,19.20,None,0.00,0.00,19.20,Chloe Nguyen,Marina Kiosk,Credit Card,Sunny
WSR-2026-0965,2026-06-20,June,Saturday,Summer,Walk-in,Hydro Bike,1 Hour,1,36.00,None,0.00,0.00,36.00,Chloe Nguyen,Resort Pier,Debit Card,Sunny
WSR-2026-0966,2026-06-20,June,Saturday,Summer,Resort Guest,Fishing Kayak,1 Hour,1,38.40,None,0.00,0.00,38.40,Diego Ramirez,Beachfront Hut,Mobile Pay,Sunny
WSR-2026-0967,2026-06-20,June,Saturday,Summer,Member,Single Kayak,Full Day,1,100.80,Phone Pouch,5.00,15.87,89.93,Hannah Brooks,Lagoon Launch,Credit Card,Sunny
WSR-2026-0968,2026-06-20,June,Saturday,Summer,Online Booking,Fishing Kayak,Half Day,1,91.20,None,0.00,0.00,91.20,Isaac Patel,Lagoon Launch,Credit Card,Sunny
WSR-2026-0969,2026-06-20,June,Saturday,Summer,Resort Guest,Stand-Up Paddle Board,2 Hours,1,50.40,None,0.00,0.00,50.40,Diego Ramirez,Beachfront Hut,Gift Card,Cloudy
WSR-2026-0970,2026-06-20,June,Saturday,Summer,Walk-in,Single Kayak,Half Day,1,69.60,Phone Pouch,5.00,0.00,74.60,Diego Ramirez,Lagoon Launch,Credit Card,Sunny
WSR-2026-0971,2026-06-20,June,Saturday,Summer,Resort Guest,Surfboard,Half Day,1,64.80,Dry Bag,6.00,0.00,70.80,Chloe Nguyen,Harbor Dock,Credit Card,Sunny
WSR-2026-0972,2026-06-20,June,Saturday,Summer,Online Booking,Stand-Up Paddle Board,Half Day,1,74.40,Premium Life Jacket,7.00,4.07,77.33,Grace Lee,Marina Kiosk,Credit Card,Rainy
WSR-2026-0973,2026-06-20,June,Saturday,Summer,Walk-in,Surfboard,1 Hour,1,26.40,None,0.00,0.00,26.40,Emma Wilson,Lagoon Launch,Credit Card,Sunny
WSR-2026-0974,2026-06-20,June,Saturday,Summer,Resort Guest,Snorkel Set,1 Hour,1,14.40,None,0.00,0.00,14.40,Ben Carter,Lagoon Launch,Debit Card,Sunny
WSR-2026-0975,2026-06-20,June,Saturday,Summer,Online Booking,Stand-Up Paddle Board,1 Hour,1,31.20,Phone Pouch,5.00,0.00,36.20,Isaac Patel,Harbor Dock,Credit Card,Cloudy
WSR-2026-0976,2026-06-20,June,Saturday,Summer,Resort Guest,Pedal Boat,Half Day,1,103.20,Premium Life Jacket,7.00,0.00,110.20,Hannah Brooks,Beachfront Hut,Credit Card,Sunny
WSR-2026-0977,2026-06-20,June,Saturday,Summer,Resort Guest,Stand-Up Paddle Board,2 Hours,1,50.40,Phone Pouch,5.00,0.00,55.40,Hannah Brooks,Harbor Dock,Credit Card,Sunny
WSR-2026-0978,2026-06-20,June,Saturday,Summer,Resort Guest,Stand-Up Paddle Board,Half Day,1,74.40,Cooler Rental,10.00,0.00,84.40,Mia Thompson,Lagoon Launch,Credit Card,Sunny
WSR-2026-0979,2026-06-20,June,Saturday,Summer,Resort Guest,Single Kayak,2 Hours,1,45.60,GoPro Mount,8.00,0.00,53.60,Finn Johnson,Harbor Dock,Cash,Sunny
WSR-2026-0980,2026-06-20,June,Saturday,Summer,Online Booking,Wetsuit Rental,Half Day,1,28.80,GoPro Mount,8.00,0.00,36.80,Ava Martinez,Marina Kiosk,Debit Card,Rainy
WSR-2026-0981,2026-06-20,June,Saturday,Summer,Online Booking,Snorkel Set,Half Day,1,33.60,None,0.00,0.00,33.60,Isaac Patel,Beachfront Hut,Debit Card,Sunny
WSR-2026-0982,2026-06-20,June,Saturday,Summer,Online Booking,Surfboard,2 Hours,1,43.20,Phone Pouch,5.00,0.00,48.20,Emma Wilson,Harbor Dock,Credit Card,Sunny
WSR-2026-0983,2026-06-20,June,Saturday,Summer,Walk-in,Surfboard,2 Hours,1,43.20,None,0.00,0.00,43.20,Isaac Patel,Resort Pier,Debit Card,Sunny
WSR-2026-0984,2026-06-20,June,Saturday,Summer,Resort Guest,Stand-Up Paddle Board,2 Hours,1,50.40,Dry Bag,6.00,0.00,56.40,Isaac Patel,Resort Pier,Credit Card,Cloudy
WSR-2026-0985,2026-06-20,June,Saturday,Summer,Walk-in,Tandem Kayak,1 Hour,1,40.80,Dry Bag,6.00,0.00,46.80,Hannah Brooks,Resort Pier,Credit Card,Sunny
WSR-2026-0986,2026-06-20,June,Saturday,Summer,Resort Guest,Pedal Boat,Full Day,1,148.80,None,0.00,0.00,148.80,Mia Thompson,Beachfront Hut,Mobile Pay,Sunny
WSR-2026-0987,2026-06-21,June,Sunday,Summer,Group/Event,Stand-Up Paddle Board,1 Hour,1,31.20,None,0.00,1.56,29.64,Ava Martinez,Beachfront Hut,Credit Card,Sunny
WSR-2026-0988,2026-06-21,June,Sunday,Summer,Online Booking,Stand-Up Paddle Board,1 Hour,1,31.20,GoPro Mount,8.00,0.00,39.20,Ben Carter,Resort Pier,Cash,Sunny
WSR-2026-0989,2026-06-21,June,Sunday,Summer,Online Booking,Snorkel Set,1 Hour,1,14.40,Dry Bag,6.00,0.00,20.40,Chloe Nguyen,Beachfront Hut,Credit Card,Sunny
WSR-2026-0990,2026-06-21,June,Sunday,Summer,Online Booking,Stand-Up Paddle Board,2 Hours,1,50.40,Premium Life Jacket,7.00,2.87,54.53,Diego Ramirez,Marina Kiosk,Credit Card,Cloudy
WSR-2026-0991,2026-06-21,June,Sunday,Summer,Group/Event,Stand-Up Paddle Board,Full Day,1,105.60,None,0.00,10.56,95.04,Chloe Nguyen,Harbor Dock,Debit Card,Cloudy
WSR-2026-0992,2026-06-21,June,Sunday,Summer,Member,Pedal Boat,1 Hour,1,43.20,Phone Pouch,5.00,7.23,40.97,Ava Martinez,Beachfront Hut,Credit Card,Sunny
WSR-2026-0993,2026-06-21,June,Sunday,Summer,Online Booking,Stand-Up Paddle Board,1 Hour,1,31.20,None,0.00,0.00,31.20,Ben Carter,Lagoon Launch,Credit Card,Sunny
WSR-2026-0994,2026-06-21,June,Sunday,Summer,Group/Event,Single Kayak,1 Hour,1,28.80,Premium Life Jacket,7.00,3.58,32.22,Hannah Brooks,Beachfront Hut,Credit Card,Windy
WSR-2026-0995,2026-06-21,June,Sunday,Summer,Walk-in,Snorkel Set,1 Hour,1,14.40,None,0.00,0.00,14.40,Isaac Patel,Resort Pier,Credit Card,Cloudy
WSR-2026-0996,2026-06-21,June,Sunday,Summer,Walk-in,Tandem Kayak,Half Day,1,93.60,Cooler Rental,10.00,0.00,103.60,Ava Martinez,Marina Kiosk,Cash,Sunny
WSR-2026-0997,2026-06-21,June,Sunday,Summer,Online Booking,Single Kayak,1 Hour,1,28.80,None,0.00,0.00,28.80,Ava Martinez,Marina Kiosk,Debit Card,Sunny
WSR-2026-0998,2026-06-21,June,Sunday,Summer,Group/Event,Fishing Kayak,2 Hours,1,60.00,GoPro Mount,8.00,0.00,68.00,Chloe Nguyen,Marina Kiosk,Mobile Pay,Sunny
WSR-2026-0999,2026-06-21,June,Sunday,Summer,Member,Tandem Kayak,2 Hours,1,62.40,Phone Pouch,5.00,6.74,60.66,Emma Wilson,Resort Pier,Credit Card,Sunny
WSR-2026-1000,2026-06-21,June,Sunday,Summer,Walk-in,Single Kayak,Full Day,1,100.80,None,0.00,0.00,100.80,Diego Ramirez,Resort Pier,Credit Card,Sunny
WSR-2026-1001,2026-06-21,June,Sunday,Summer,Online Booking,Single Kayak,2 Hours,1,45.60,Premium Life Jacket,7.00,0.00,52.60,Emma Wilson,Resort Pier,Gift Card,Sunny
WSR-2026-1002,2026-06-21,June,Sunday,Summer,Online Booking,Fishing Kayak,1 Hour,1,38.40,None,0.00,0.00,38.40,Isaac Patel,Marina Kiosk,Debit Card,Cloudy
WSR-2026-1003,2026-06-21,June,Sunday,Summer,Online Booking,Wetsuit Rental,1 Hour,1,12.00,Cooler Rental,10.00,0.00,22.00,Diego Ramirez,Harbor Dock,Debit Card,Sunny
WSR-2026-1004,2026-06-21,June,Sunday,Summer,Group/Event,Stand-Up Paddle Board,2 Hours,1,50.40,Dry Bag,6.00,2.82,53.58,Mia Thompson,Marina Kiosk,Debit Card,Sunny
WSR-2026-1005,2026-06-21,June,Sunday,Summer,Resort Guest,Single Kayak,1 Hour,1,28.80,Waterproof Speaker,12.00,0.00,40.80,Isaac Patel,Lagoon Launch,Credit Card,Cloudy
WSR-2026-1006,2026-06-21,June,Sunday,Summer,Walk-in,Snorkel Set,2 Hours,1,21.60,Cooler Rental,10.00,0.00,31.60,Chloe Nguyen,Lagoon Launch,Credit Card,Sunny
WSR-2026-1007,2026-06-21,June,Sunday,Summer,Member,Stand-Up Paddle Board,1 Hour,1,31.20,Cooler Rental,10.00,4.12,37.08,Finn Johnson,Lagoon Launch,Credit Card,Sunny
WSR-2026-1008,2026-06-21,June,Sunday,Summer,Group/Event,Stand-Up Paddle Board,2 Hours,1,50.40,Premium Life Jacket,7.00,5.74,51.66,Ben Carter,Resort Pier,Credit Card,Cloudy
WSR-2026-1009,2026-06-22,June,Monday,Summer,Resort Guest,Tandem Kayak,1 Hour,1,38.08,None,0.00,0.00,38.08,Ben Carter,Resort Pier,Debit Card,Cloudy
WSR-2026-1010,2026-06-22,June,Monday,Summer,Group/Event,Stand-Up Paddle Board,1 Hour,1,29.12,Dry Bag,6.00,1.76,33.36,Ben Carter,Beachfront Hut,Debit Card,Cloudy
WSR-2026-1011,2026-06-22,June,Monday,Summer,Resort Guest,Tandem Kayak,Full Day,1,125.44,Dry Bag,6.00,0.00,131.44,Diego Ramirez,Beachfront Hut,Credit Card,Windy
WSR-2026-1012,2026-06-22,June,Monday,Summer,Group/Event,Wetsuit Rental,1 Hour,1,11.20,Premium Life Jacket,7.00,0.91,17.29,Emma Wilson,Beachfront Hut,Cash,Sunny
WSR-2026-1013,2026-06-22,June,Monday,Summer,Online Booking,Single Kayak,Half Day,1,64.96,None,0.00,0.00,64.96,Finn Johnson,Harbor Dock,Credit Card,Sunny
WSR-2026-1014,2026-06-22,June,Monday,Summer,Resort Guest,Single Kayak,Half Day,1,64.96,GoPro Mount,8.00,0.00,72.96,Chloe Nguyen,Beachfront Hut,Debit Card,Sunny
WSR-2026-1015,2026-06-22,June,Monday,Summer,Walk-in,Single Kayak,Half Day,1,64.96,Premium Life Jacket,7.00,0.00,71.96,Isaac Patel,Harbor Dock,Cash,Sunny
WSR-2026-1016,2026-06-22,June,Monday,Summer,Walk-in,Bodyboard,1 Hour,1,15.68,None,0.00,0.00,15.68,Grace Lee,Resort Pier,Credit Card,Sunny
WSR-2026-1017,2026-06-22,June,Monday,Summer,Online Booking,Surfboard,2 Hours,1,40.32,None,0.00,0.00,40.32,Hannah Brooks,Marina Kiosk,Credit Card,Cloudy
WSR-2026-1018,2026-06-22,June,Monday,Summer,Group/Event,Snorkel Set,Half Day,1,31.36,Premium Life Jacket,7.00,0.00,38.36,Diego Ramirez,Lagoon Launch,Credit Card,Sunny
WSR-2026-1019,2026-06-22,June,Monday,Summer,Resort Guest,Surfboard,Half Day,1,60.48,GoPro Mount,8.00,0.00,68.48,Chloe Nguyen,Harbor Dock,Credit Card,Sunny
WSR-2026-1020,2026-06-23,June,Tuesday,Summer,Walk-in,Wetsuit Rental,Half Day,1,26.88,Cooler Rental,10.00,0.00,36.88,Grace Lee,Marina Kiosk,Credit Card,Sunny
WSR-2026-1021,2026-06-23,June,Tuesday,Summer,Resort Guest,Pedal Boat,1 Hour,1,40.32,None,0.00,0.00,40.32,Emma Wilson,Marina Kiosk,Debit Card,Sunny
WSR-2026-1022,2026-06-23,June,Tuesday,Summer,Resort Guest,Stand-Up Paddle Board,1 Hour,1,29.12,Dry Bag,6.00,0.00,35.12,Chloe Nguyen,Marina Kiosk,Debit Card,Sunny
WSR-2026-1023,2026-06-23,June,Tuesday,Summer,Online Booking,Snorkel Set,Half Day,1,31.36,Cooler Rental,10.00,0.00,41.36,Emma Wilson,Marina Kiosk,Credit Card,Sunny
WSR-2026-1024,2026-06-23,June,Tuesday,Summer,Walk-in,Hydro Bike,2 Hours,1,53.76,None,0.00,0.00,53.76,Chloe Nguyen,Resort Pier,Debit Card,Cloudy
WSR-2026-1025,2026-06-23,June,Tuesday,Summer,Resort Guest,Stand-Up Paddle Board,2 Hours,1,47.04,None,0.00,0.00,47.04,Isaac Patel,Resort Pier,Mobile Pay,Sunny
WSR-2026-1026,2026-06-24,June,Wednesday,Summer,Resort Guest,Stand-Up Paddle Board,Half Day,1,69.44,None,0.00,0.00,69.44,Ben Carter,Beachfront Hut,Credit Card,Windy
WSR-2026-1027,2026-06-24,June,Wednesday,Summer,Resort Guest,Single Kayak,Full Day,1,94.08,Phone Pouch,5.00,0.00,99.08,Chloe Nguyen,Lagoon Launch,Credit Card,Windy
WSR-2026-1028,2026-06-24,June,Wednesday,Summer,Walk-in,Tandem Kayak,Half Day,1,87.36,Phone Pouch,5.00,0.00,92.36,Hannah Brooks,Beachfront Hut,Credit Card,Cloudy
WSR-2026-1029,2026-06-24,June,Wednesday,Summer,Online Booking,Surfboard,1 Hour,1,24.64,None,0.00,0.00,24.64,Isaac Patel,Harbor Dock,Credit Card,Sunny
WSR-2026-1030,2026-06-24,June,Wednesday,Summer,Walk-in,Snorkel Set,Half Day,1,31.36,Cooler Rental,10.00,0.00,41.36,Grace Lee,Marina Kiosk,Credit Card,Sunny
WSR-2026-1031,2026-06-24,June,Wednesday,Summer,Walk-in,Single Kayak,2 Hours,1,42.56,Phone Pouch,5.00,0.00,47.56,Hannah Brooks,Lagoon Launch,Cash,Windy
WSR-2026-1032,2026-06-24,June,Wednesday,Summer,Online Booking,Tandem Kayak,1 Hour,1,38.08,Waterproof Speaker,12.00,0.00,50.08,Finn Johnson,Resort Pier,Debit Card,Sunny
WSR-2026-1033,2026-06-24,June,Wednesday,Summer,Walk-in,Bodyboard,1 Hour,1,15.68,Dry Bag,6.00,0.00,21.68,Diego Ramirez,Lagoon Launch,Credit Card,Sunny
WSR-2026-1034,2026-06-24,June,Wednesday,Summer,Online Booking,Stand-Up Paddle Board,1 Hour,1,29.12,Cooler Rental,10.00,0.00,39.12,Isaac Patel,Lagoon Launch,Debit Card,Windy
WSR-2026-1035,2026-06-24,June,Wednesday,Summer,Resort Guest,Tandem Kayak,1 Hour,1,38.08,None,0.00,0.00,38.08,Mia Thompson,Harbor Dock,Debit Card,Cloudy
WSR-2026-1036,2026-06-24,June,Wednesday,Summer,Walk-in,Wetsuit Rental,1 Hour,1,11.20,Phone Pouch,5.00,0.00,16.20,Ava Martinez,Beachfront Hut,Mobile Pay,Cloudy
WSR-2026-1037,2026-06-24,June,Wednesday,Summer,Online Booking,Stand-Up Paddle Board,2 Hours,1,47.04,Premium Life Jacket,7.00,0.00,54.04,Ben Carter,Resort Pier,Debit Card,Sunny
WSR-2026-1038,2026-06-25,June,Thursday,Summer,Resort Guest,Fishing Kayak,Full Day,1,123.20,Phone Pouch,5.00,0.00,128.20,Hannah Brooks,Lagoon Launch,Credit Card,Sunny
WSR-2026-1039,2026-06-25,June,Thursday,Summer,Online Booking,Fishing Kayak,1 Hour,1,35.84,None,0.00,0.00,35.84,Chloe Nguyen,Beachfront Hut,Cash,Sunny
WSR-2026-1040,2026-06-25,June,Thursday,Summer,Member,Single Kayak,Full Day,1,94.08,Phone Pouch,5.00,14.86,84.22,Ava Martinez,Resort Pier,Credit Card,Sunny
WSR-2026-1041,2026-06-25,June,Thursday,Summer,Resort Guest,Bodyboard,Full Day,1,53.76,None,0.00,0.00,53.76,Isaac Patel,Marina Kiosk,Debit Card,Sunny
WSR-2026-1042,2026-06-25,June,Thursday,Summer,Walk-in,Stand-Up Paddle Board,Full Day,1,98.56,Dry Bag,6.00,0.00,104.56,Ava Martinez,Lagoon Launch,Debit Card,Sunny
WSR-2026-1043,2026-06-25,June,Thursday,Summer,Member,Single Kayak,2 Hours,1,42.56,None,0.00,6.38,36.18,Mia Thompson,Harbor Dock,Cash,Sunny
WSR-2026-1044,2026-06-25,June,Thursday,Summer,Member,Bodyboard,Full Day,1,53.76,None,0.00,8.06,45.70,Chloe Nguyen,Lagoon Launch,Credit Card,Sunny
WSR-2026-1045,2026-06-25,June,Thursday,Summer,Walk-in,Pedal Boat,Full Day,1,138.88,Dry Bag,6.00,0.00,144.88,Chloe Nguyen,Harbor Dock,Gift Card,Sunny
WSR-2026-1046,2026-06-25,June,Thursday,Summer,Resort Guest,Snorkel Set,2 Hours,1,20.16,None,0.00,0.00,20.16,Diego Ramirez,Beachfront Hut,Cash,Sunny
WSR-2026-1047,2026-06-25,June,Thursday,Summer,Walk-in,Surfboard,Half Day,1,60.48,None,0.00,0.00,60.48,Emma Wilson,Harbor Dock,Credit Card,Sunny
WSR-2026-1048,2026-06-25,June,Thursday,Summer,Resort Guest,Stand-Up Paddle Board,Half Day,1,69.44,GoPro Mount,8.00,0.00,77.44,Emma Wilson,Lagoon Launch,Credit Card,Sunny
WSR-2026-1049,2026-06-25,June,Thursday,Summer,Walk-in,Single Kayak,2 Hours,1,42.56,None,0.00,0.00,42.56,Ben Carter,Lagoon Launch,Gift Card,Sunny
WSR-2026-1050,2026-06-26,June,Friday,Summer,Online Booking,Stand-Up Paddle Board,Half Day,1,69.44,None,0.00,0.00,69.44,Mia Thompson,Harbor Dock,Debit Card,Sunny
WSR-2026-1051,2026-06-26,June,Friday,Summer,Walk-in,Single Kayak,Full Day,1,94.08,None,0.00,0.00,94.08,Hannah Brooks,Resort Pier,Debit Card,Cloudy
WSR-2026-1052,2026-06-26,June,Friday,Summer,Online Booking,Wetsuit Rental,1 Hour,1,11.20,None,0.00,0.00,11.20,Diego Ramirez,Beachfront Hut,Debit Card,Sunny
WSR-2026-1053,2026-06-26,June,Friday,Summer,Group/Event,Fishing Kayak,Half Day,1,85.12,None,0.00,0.00,85.12,Hannah Brooks,Marina Kiosk,Credit Card,Sunny
WSR-2026-1054,2026-06-26,June,Friday,Summer,Group/Event,Surfboard,Full Day,1,85.12,GoPro Mount,8.00,4.66,88.46,Mia Thompson,Harbor Dock,Credit Card,Sunny
WSR-2026-1055,2026-06-26,June,Friday,Summer,Online Booking,Stand-Up Paddle Board,Full Day,1,98.56,Dry Bag,6.00,0.00,104.56,Mia Thompson,Marina Kiosk,Mobile Pay,Sunny
WSR-2026-1056,2026-06-26,June,Friday,Summer,Walk-in,Stand-Up Paddle Board,2 Hours,1,47.04,Dry Bag,6.00,0.00,53.04,Diego Ramirez,Beachfront Hut,Mobile Pay,Sunny
WSR-2026-1057,2026-06-26,June,Friday,Summer,Walk-in,Snorkel Set,1 Hour,1,13.44,Premium Life Jacket,7.00,0.00,20.44,Isaac Patel,Resort Pier,Credit Card,Sunny
WSR-2026-1058,2026-06-26,June,Friday,Summer,Online Booking,Bodyboard,1 Hour,1,15.68,Dry Bag,6.00,0.00,21.68,Diego Ramirez,Resort Pier,Debit Card,Sunny
WSR-2026-1059,2026-06-26,June,Friday,Summer,Walk-in,Single Kayak,Half Day,1,64.96,Phone Pouch,5.00,0.00,69.96,Diego Ramirez,Marina Kiosk,Credit Card,Sunny
WSR-2026-1060,2026-06-26,June,Friday,Summer,Walk-in,Surfboard,2 Hours,1,40.32,Premium Life Jacket,7.00,0.00,47.32,Hannah Brooks,Harbor Dock,Debit Card,Sunny
WSR-2026-1061,2026-06-26,June,Friday,Summer,Online Booking,Wetsuit Rental,1 Hour,1,11.20,Waterproof Speaker,12.00,0.00,23.20,Grace Lee,Harbor Dock,Debit Card,Sunny
WSR-2026-1062,2026-06-26,June,Friday,Summer,Member,Tandem Kayak,1 Hour,1,38.08,None,0.00,5.71,32.37,Hannah Brooks,Resort Pier,Mobile Pay,Sunny
WSR-2026-1063,2026-06-26,June,Friday,Summer,Walk-in,Bodyboard,1 Hour,1,15.68,None,0.00,0.00,15.68,Chloe Nguyen,Lagoon Launch,Credit Card,Sunny
WSR-2026-1064,2026-06-27,June,Saturday,Summer,Walk-in,Tandem Kayak,2 Hours,1,62.40,Waterproof Speaker,12.00,0.00,74.40,Grace Lee,Lagoon Launch,Credit Card,Sunny
WSR-2026-1065,2026-06-27,June,Saturday,Summer,Member,Hydro Bike,Half Day,1,86.40,Premium Life Jacket,7.00,9.34,84.06,Diego Ramirez,Marina Kiosk,Credit Card,Sunny
WSR-2026-1066,2026-06-27,June,Saturday,Summer,Group/Event,Tandem Kayak,2 Hours,1,62.40,None,0.00,6.24,56.16,Grace Lee,Lagoon Launch,Credit Card,Cloudy
WSR-2026-1067,2026-06-27,June,Saturday,Summer,Resort Guest,Snorkel Set,1 Hour,1,14.40,None,0.00,0.00,14.40,Chloe Nguyen,Beachfront Hut,Cash,Sunny
WSR-2026-1068,2026-06-27,June,Saturday,Summer,Online Booking,Surfboard,2 Hours,1,43.20,Phone Pouch,5.00,0.00,48.20,Grace Lee,Beachfront Hut,Credit Card,Sunny
WSR-2026-1069,2026-06-27,June,Saturday,Summer,Walk-in,Single Kayak,Half Day,1,69.60,Dry Bag,6.00,0.00,75.60,Hannah Brooks,Marina Kiosk,Credit Card,Sunny
WSR-2026-1070,2026-06-27,June,Saturday,Summer,Resort Guest,Pedal Boat,1 Hour,1,43.20,None,0.00,0.00,43.20,Ben Carter,Harbor Dock,Debit Card,Sunny
WSR-2026-1071,2026-06-27,June,Saturday,Summer,Online Booking,Single Kayak,Full Day,1,100.80,None,0.00,0.00,100.80,Isaac Patel,Beachfront Hut,Credit Card,Sunny
WSR-2026-1072,2026-06-27,June,Saturday,Summer,Online Booking,Single Kayak,2 Hours,1,45.60,Phone Pouch,5.00,0.00,50.60,Hannah Brooks,Resort Pier,Cash,Sunny
WSR-2026-1073,2026-06-27,June,Saturday,Summer,Online Booking,Tandem Kayak,1 Hour,1,40.80,Premium Life Jacket,7.00,0.00,47.80,Mia Thompson,Beachfront Hut,Credit Card,Sunny
WSR-2026-1074,2026-06-27,June,Saturday,Summer,Walk-in,Surfboard,2 Hours,1,43.20,None,0.00,0.00,43.20,Ben Carter,Beachfront Hut,Credit Card,Sunny
WSR-2026-1075,2026-06-27,June,Saturday,Summer,Group/Event,Single Kayak,2 Hours,1,45.60,Dry Bag,6.00,2.58,49.02,Finn Johnson,Beachfront Hut,Debit Card,Sunny
WSR-2026-1076,2026-06-27,June,Saturday,Summer,Online Booking,Single Kayak,1 Hour,1,28.80,None,0.00,0.00,28.80,Grace Lee,Lagoon Launch,Credit Card,Sunny
WSR-2026-1077,2026-06-27,June,Saturday,Summer,Online Booking,Single Kayak,1 Hour,1,28.80,Dry Bag,6.00,0.00,34.80,Hannah Brooks,Harbor Dock,Mobile Pay,Cloudy
WSR-2026-1078,2026-06-28,June,Sunday,Summer,Walk-in,Single Kayak,2 Hours,1,45.60,Cooler Rental,10.00,0.00,55.60,Finn Johnson,Marina Kiosk,Credit Card,Sunny
WSR-2026-1079,2026-06-28,June,Sunday,Summer,Resort Guest,Stand-Up Paddle Board,Half Day,1,74.40,Dry Bag,6.00,0.00,80.40,Mia Thompson,Marina Kiosk,Debit Card,Cloudy
WSR-2026-1080,2026-06-28,June,Sunday,Summer,Walk-in,Stand-Up Paddle Board,Half Day,1,74.40,None,0.00,0.00,74.40,Mia Thompson,Marina Kiosk,Gift Card,Cloudy
WSR-2026-1081,2026-06-28,June,Sunday,Summer,Resort Guest,Stand-Up Paddle Board,1 Hour,1,31.20,None,0.00,0.00,31.20,Grace Lee,Resort Pier,Mobile Pay,Rainy
WSR-2026-1082,2026-06-28,June,Sunday,Summer,Walk-in,Single Kayak,2 Hours,1,45.60,None,0.00,0.00,45.60,Emma Wilson,Marina Kiosk,Credit Card,Sunny
WSR-2026-1083,2026-06-28,June,Sunday,Summer,Online Booking,Stand-Up Paddle Board,1 Hour,1,31.20,Phone Pouch,5.00,0.00,36.20,Ben Carter,Beachfront Hut,Debit Card,Windy
WSR-2026-1084,2026-06-28,June,Sunday,Summer,Online Booking,Snorkel Set,Half Day,1,33.60,None,0.00,0.00,33.60,Hannah Brooks,Lagoon Launch,Debit Card,Sunny
WSR-2026-1085,2026-06-28,June,Sunday,Summer,Resort Guest,Single Kayak,1 Hour,1,28.80,None,0.00,0.00,28.80,Hannah Brooks,Resort Pier,Credit Card,Sunny
WSR-2026-1086,2026-06-28,June,Sunday,Summer,Resort Guest,Tandem Kayak,Half Day,1,93.60,Waterproof Speaker,12.00,0.00,105.60,Mia Thompson,Harbor Dock,Debit Card,Sunny
WSR-2026-1087,2026-06-28,June,Sunday,Summer,Resort Guest,Bodyboard,1 Hour,1,16.80,Dry Bag,6.00,0.00,22.80,Diego Ramirez,Beachfront Hut,Credit Card,Sunny
WSR-2026-1088,2026-06-28,June,Sunday,Summer,Resort Guest,Tandem Kayak,Half Day,1,93.60,Dry Bag,6.00,0.00,99.60,Hannah Brooks,Resort Pier,Cash,Cloudy
WSR-2026-1089,2026-06-28,June,Sunday,Summer,Walk-in,Bodyboard,Half Day,1,40.80,None,0.00,0.00,40.80,Ava Martinez,Harbor Dock,Credit Card,Cloudy
WSR-2026-1090,2026-06-28,June,Sunday,Summer,Walk-in,Tandem Kayak,1 Hour,1,40.80,Cooler Rental,10.00,0.00,50.80,Mia Thompson,Resort Pier,Mobile Pay,Sunny
WSR-2026-1091,2026-06-28,June,Sunday,Summer,Walk-in,Tandem Kayak,1 Hour,1,40.80,GoPro Mount,8.00,0.00,48.80,Isaac Patel,Beachfront Hut,Credit Card,Sunny
WSR-2026-1092,2026-06-28,June,Sunday,Summer,Online Booking,Surfboard,1 Hour,1,26.40,None,0.00,0.00,26.40,Grace Lee,Beachfront Hut,Gift Card,Sunny
WSR-2026-1093,2026-06-28,June,Sunday,Summer,Resort Guest,Single Kayak,2 Hours,1,45.60,None,0.00,0.00,45.60,Diego Ramirez,Beachfront Hut,Cash,Sunny
WSR-2026-1094,2026-06-28,June,Sunday,Summer,Online Booking,Wetsuit Rental,2 Hours,1,19.20,Dry Bag,6.00,0.00,25.20,Ava Martinez,Marina Kiosk,Mobile Pay,Sunny
WSR-2026-1095,2026-06-28,June,Sunday,Summer,Group/Event,Pedal Boat,Full Day,1,148.80,None,0.00,0.00,148.80,Finn Johnson,Marina Kiosk,Mobile Pay,Sunny
WSR-2026-1096,2026-06-28,June,Sunday,Summer,Walk-in,Fishing Kayak,Full Day,1,132.00,Phone Pouch,5.00,0.00,137.00,Hannah Brooks,Harbor Dock,Credit Card,Rainy
WSR-2026-1097,2026-06-28,June,Sunday,Summer,Online Booking,Stand-Up Paddle Board,2 Hours,1,50.40,Premium Life Jacket,7.00,0.00,57.40,Chloe Nguyen,Resort Pier,Credit Card,Sunny
WSR-2026-1098,2026-06-29,June,Monday,Summer,Group/Event,Fishing Kayak,2 Hours,1,56.00,None,0.00,0.00,56.00,Grace Lee,Lagoon Launch,Credit Card,Sunny
WSR-2026-1099,2026-06-29,June,Monday,Summer,Resort Guest,Single Kayak,Half Day,1,64.96,None,0.00,0.00,64.96,Finn Johnson,Beachfront Hut,Mobile Pay,Windy
WSR-2026-1100,2026-06-29,June,Monday,Summer,Walk-in,Single Kayak,2 Hours,1,42.56,None,0.00,0.00,42.56,Diego Ramirez,Lagoon Launch,Debit Card,Sunny
WSR-2026-1101,2026-06-29,June,Monday,Summer,Resort Guest,Hydro Bike,Half Day,1,80.64,None,0.00,0.00,80.64,Mia Thompson,Lagoon Launch,Debit Card,Sunny
WSR-2026-1102,2026-06-29,June,Monday,Summer,Group/Event,Tandem Kayak,Full Day,1,125.44,None,0.00,12.54,112.90,Mia Thompson,Resort Pier,Mobile Pay,Sunny
WSR-2026-1103,2026-06-29,June,Monday,Summer,Walk-in,Single Kayak,Half Day,1,64.96,None,0.00,0.00,64.96,Finn Johnson,Beachfront Hut,Cash,Cloudy
WSR-2026-1104,2026-06-29,June,Monday,Summer,Resort Guest,Single Kayak,1 Hour,1,26.88,Cooler Rental,10.00,0.00,36.88,Ben Carter,Marina Kiosk,Debit Card,Sunny
WSR-2026-1105,2026-06-29,June,Monday,Summer,Walk-in,Bodyboard,2 Hours,1,24.64,None,0.00,0.00,24.64,Mia Thompson,Beachfront Hut,Credit Card,Windy
WSR-2026-1106,2026-06-29,June,Monday,Summer,Walk-in,Single Kayak,Half Day,1,64.96,None,0.00,0.00,64.96,Chloe Nguyen,Resort Pier,Credit Card,Cloudy
WSR-2026-1107,2026-06-29,June,Monday,Summer,Resort Guest,Bodyboard,2 Hours,1,24.64,None,0.00,0.00,24.64,Finn Johnson,Harbor Dock,Credit Card,Sunny
WSR-2026-1108,2026-06-29,June,Monday,Summer,Walk-in,Single Kayak,Full Day,1,94.08,Cooler Rental,10.00,0.00,104.08,Ben Carter,Harbor Dock,Debit Card,Sunny
WSR-2026-1109,2026-06-29,June,Monday,Summer,Member,Single Kayak,1 Hour,1,26.88,None,0.00,4.03,22.85,Finn Johnson,Resort Pier,Debit Card,Sunny
WSR-2026-1110,2026-06-30,June,Tuesday,Summer,Walk-in,Tandem Kayak,2 Hours,1,58.24,None,0.00,0.00,58.24,Grace Lee,Lagoon Launch,Cash,Sunny
WSR-2026-1111,2026-06-30,June,Tuesday,Summer,Resort Guest,Single Kayak,2 Hours,1,42.56,Dry Bag,6.00,0.00,48.56,Ava Martinez,Marina Kiosk,Credit Card,Sunny
WSR-2026-1112,2026-06-30,June,Tuesday,Summer,Group/Event,Single Kayak,2 Hours,1,42.56,None,0.00,4.26,38.30,Finn Johnson,Harbor Dock,Debit Card,Sunny
WSR-2026-1113,2026-06-30,June,Tuesday,Summer,Resort Guest,Tandem Kayak,2 Hours,1,58.24,None,0.00,0.00,58.24,Emma Wilson,Resort Pier,Gift Card,Sunny
WSR-2026-1114,2026-06-30,June,Tuesday,Summer,Online Booking,Surfboard,1 Hour,1,24.64,None,0.00,0.00,24.64,Mia Thompson,Marina Kiosk,Debit Card,Cloudy
WSR-2026-1115,2026-06-30,June,Tuesday,Summer,Resort Guest,Stand-Up Paddle Board,1 Hour,1,29.12,None,0.00,1.46,27.66,Ben Carter,Lagoon Launch,Credit Card,Cloudy
WSR-2026-1116,2026-07-01,July,Wednesday,Summer,Online Booking,Single Kayak,2 Hours,1,42.56,GoPro Mount,8.00,0.00,50.56,Ben Carter,Beachfront Hut,Credit Card,Sunny
WSR-2026-1117,2026-07-01,July,Wednesday,Summer,Walk-in,Stand-Up Paddle Board,1 Hour,1,29.12,Dry Bag,6.00,0.00,35.12,Isaac Patel,Resort Pier,Credit Card,Sunny
WSR-2026-1118,2026-07-01,July,Wednesday,Summer,Online Booking,Surfboard,2 Hours,1,40.32,Cooler Rental,10.00,0.00,50.32,Grace Lee,Lagoon Launch,Mobile Pay,Sunny
WSR-2026-1119,2026-07-01,July,Wednesday,Summer,Walk-in,Tandem Kayak,2 Hours,1,58.24,None,0.00,0.00,58.24,Hannah Brooks,Marina Kiosk,Debit Card,Windy
WSR-2026-1120,2026-07-01,July,Wednesday,Summer,Walk-in,Surfboard,2 Hours,1,40.32,Dry Bag,6.00,0.00,46.32,Finn Johnson,Resort Pier,Credit Card,Sunny
WSR-2026-1121,2026-07-01,July,Wednesday,Summer,Online Booking,Hydro Bike,Half Day,1,80.64,Premium Life Jacket,7.00,0.00,87.64,Emma Wilson,Marina Kiosk,Credit Card,Windy
WSR-2026-1122,2026-07-01,July,Wednesday,Summer,Group/Event,Bodyboard,Full Day,1,53.76,Phone Pouch,5.00,2.94,55.82,Hannah Brooks,Resort Pier,Credit Card,Cloudy
WSR-2026-1123,2026-07-01,July,Wednesday,Summer,Member,Bodyboard,Full Day,1,53.76,GoPro Mount,8.00,6.18,55.58,Grace Lee,Resort Pier,Credit Card,Cloudy
WSR-2026-1124,2026-07-01,July,Wednesday,Summer,Walk-in,Stand-Up Paddle Board,2 Hours,1,47.04,Dry Bag,6.00,0.00,53.04,Hannah Brooks,Resort Pier,Credit Card,Sunny
WSR-2026-1125,2026-07-01,July,Wednesday,Summer,Group/Event,Stand-Up Paddle Board,Full Day,1,98.56,Phone Pouch,5.00,0.00,103.56,Emma Wilson,Beachfront Hut,Cash,Sunny
WSR-2026-1126,2026-07-01,July,Wednesday,Summer,Walk-in,Single Kayak,Half Day,1,64.96,None,0.00,0.00,64.96,Chloe Nguyen,Resort Pier,Debit Card,Sunny
WSR-2026-1127,2026-07-01,July,Wednesday,Summer,Member,Tandem Kayak,1 Hour,1,38.08,Dry Bag,6.00,4.41,39.67,Isaac Patel,Beachfront Hut,Mobile Pay,Sunny
WSR-2026-1128,2026-07-01,July,Wednesday,Summer,Resort Guest,Single Kayak,Half Day,1,64.96,None,0.00,0.00,64.96,Chloe Nguyen,Marina Kiosk,Credit Card,Cloudy
WSR-2026-1129,2026-07-01,July,Wednesday,Summer,Walk-in,Single Kayak,1 Hour,1,26.88,None,0.00,0.00,26.88,Hannah Brooks,Harbor Dock,Credit Card,Cloudy
WSR-2026-1130,2026-07-01,July,Wednesday,Summer,Online Booking,Wetsuit Rental,2 Hours,1,17.92,None,0.00,0.00,17.92,Chloe Nguyen,Lagoon Launch,Credit Card,Sunny
WSR-2026-1131,2026-07-01,July,Wednesday,Summer,Online Booking,Surfboard,1 Hour,1,24.64,None,0.00,1.23,23.41,Ava Martinez,Lagoon Launch,Debit Card,Sunny
WSR-2026-1132,2026-07-01,July,Wednesday,Summer,Online Booking,Tandem Kayak,Half Day,1,87.36,Phone Pouch,5.00,0.00,92.36,Diego Ramirez,Lagoon Launch,Debit Card,Cloudy
WSR-2026-1133,2026-07-01,July,Wednesday,Summer,Resort Guest,Surfboard,1 Hour,1,24.64,None,0.00,0.00,24.64,Grace Lee,Beachfront Hut,Debit Card,Windy
WSR-2026-1134,2026-07-01,July,Wednesday,Summer,Walk-in,Single Kayak,1 Hour,1,26.88,Phone Pouch,5.00,0.00,31.88,Diego Ramirez,Lagoon Launch,Credit Card,Sunny
WSR-2026-1135,2026-07-01,July,Wednesday,Summer,Online Booking,Snorkel Set,2 Hours,1,20.16,Dry Bag,6.00,0.00,26.16,Diego Ramirez,Beachfront Hut,Debit Card,Sunny
WSR-2026-1136,2026-07-02,July,Thursday,Summer,Resort Guest,Tandem Kayak,1 Hour,1,38.08,Cooler Rental,10.00,0.00,48.08,Ava Martinez,Resort Pier,Credit Card,Sunny
WSR-2026-1137,2026-07-02,July,Thursday,Summer,Walk-in,Bodyboard,2 Hours,1,24.64,GoPro Mount,8.00,0.00,32.64,Mia Thompson,Beachfront Hut,Debit Card,Sunny
WSR-2026-1138,2026-07-02,July,Thursday,Summer,Walk-in,Snorkel Set,Half Day,1,31.36,GoPro Mount,8.00,0.00,39.36,Grace Lee,Marina Kiosk,Debit Card,Sunny
WSR-2026-1139,2026-07-02,July,Thursday,Summer,Online Booking,Surfboard,1 Hour,1,24.64,None,0.00,0.00,24.64,Finn Johnson,Lagoon Launch,Debit Card,Cloudy
WSR-2026-1140,2026-07-02,July,Thursday,Summer,Walk-in,Stand-Up Paddle Board,1 Hour,1,29.12,Phone Pouch,5.00,0.00,34.12,Chloe Nguyen,Lagoon Launch,Debit Card,Sunny
WSR-2026-1141,2026-07-02,July,Thursday,Summer,Walk-in,Tandem Kayak,2 Hours,1,58.24,None,0.00,0.00,58.24,Ava Martinez,Lagoon Launch,Credit Card,Sunny
WSR-2026-1142,2026-07-02,July,Thursday,Summer,Resort Guest,Wetsuit Rental,Half Day,1,26.88,None,0.00,0.00,26.88,Diego Ramirez,Harbor Dock,Cash,Cloudy
WSR-2026-1143,2026-07-02,July,Thursday,Summer,Resort Guest,Tandem Kayak,2 Hours,1,58.24,Cooler Rental,10.00,0.00,68.24,Isaac Patel,Lagoon Launch,Credit Card,Sunny
WSR-2026-1144,2026-07-02,July,Thursday,Summer,Group/Event,Surfboard,2 Hours,1,40.32,None,0.00,4.03,36.29,Ava Martinez,Harbor Dock,Credit Card,Sunny
WSR-2026-1145,2026-07-02,July,Thursday,Summer,Resort Guest,Stand-Up Paddle Board,2 Hours,1,47.04,Phone Pouch,5.00,0.00,52.04,Diego Ramirez,Beachfront Hut,Mobile Pay,Sunny
WSR-2026-1146,2026-07-02,July,Thursday,Summer,Online Booking,Surfboard,Half Day,1,60.48,Waterproof Speaker,12.00,0.00,72.48,Ava Martinez,Harbor Dock,Mobile Pay,Sunny
WSR-2026-1147,2026-07-02,July,Thursday,Summer,Group/Event,Pedal Boat,Full Day,1,138.88,None,0.00,6.94,131.94,Grace Lee,Beachfront Hut,Credit Card,Sunny
WSR-2026-1148,2026-07-03,July,Friday,Summer,Resort Guest,Surfboard,Full Day,1,96.52,None,0.00,0.00,96.52,Grace Lee,Lagoon Launch,Cash,Cloudy
WSR-2026-1149,2026-07-03,July,Friday,Summer,Group/Event,Tandem Kayak,1 Hour,1,43.18,Cooler Rental,10.00,0.00,53.18,Ava Martinez,Harbor Dock,Mobile Pay,Windy
WSR-2026-1150,2026-07-03,July,Friday,Summer,Resort Guest,Single Kayak,1 Hour,1,30.48,None,0.00,0.00,30.48,Grace Lee,Lagoon Launch,Credit Card,Sunny
WSR-2026-1151,2026-07-03,July,Friday,Summer,Walk-in,Stand-Up Paddle Board,Half Day,1,78.74,None,0.00,0.00,78.74,Ava Martinez,Marina Kiosk,Credit Card,Sunny
WSR-2026-1152,2026-07-03,July,Friday,Summer,Group/Event,Single Kayak,1 Hour,1,30.48,Phone Pouch,5.00,1.77,33.71,Grace Lee,Marina Kiosk,Credit Card,Sunny
WSR-2026-1153,2026-07-03,July,Friday,Summer,Walk-in,Bodyboard,Full Day,1,60.96,Phone Pouch,5.00,0.00,65.96,Mia Thompson,Harbor Dock,Mobile Pay,Cloudy
WSR-2026-1154,2026-07-03,July,Friday,Summer,Online Booking,Stand-Up Paddle Board,Full Day,1,111.76,None,0.00,0.00,111.76,Ava Martinez,Lagoon Launch,Credit Card,Sunny
WSR-2026-1155,2026-07-03,July,Friday,Summer,Online Booking,Hydro Bike,2 Hours,1,60.96,Waterproof Speaker,12.00,0.00,72.96,Finn Johnson,Lagoon Launch,Cash,Sunny
WSR-2026-1156,2026-07-03,July,Friday,Summer,Online Booking,Single Kayak,2 Hours,1,48.26,None,0.00,0.00,48.26,Hannah Brooks,Marina Kiosk,Debit Card,Sunny
WSR-2026-1157,2026-07-03,July,Friday,Summer,Walk-in,Wetsuit Rental,1 Hour,1,12.70,None,0.00,0.00,12.70,Grace Lee,Marina Kiosk,Cash,Cloudy
WSR-2026-1158,2026-07-03,July,Friday,Summer,Online Booking,Single Kayak,1 Hour,1,30.48,Cooler Rental,10.00,0.00,40.48,Finn Johnson,Resort Pier,Debit Card,Sunny
WSR-2026-1159,2026-07-03,July,Friday,Summer,Member,Pedal Boat,2 Hours,1,73.66,GoPro Mount,8.00,12.25,69.41,Ava Martinez,Marina Kiosk,Mobile Pay,Rainy
WSR-2026-1160,2026-07-03,July,Friday,Summer,Online Booking,Surfboard,2 Hours,1,45.72,None,0.00,0.00,45.72,Mia Thompson,Beachfront Hut,Debit Card,Cloudy
WSR-2026-1161,2026-07-03,July,Friday,Summer,Resort Guest,Stand-Up Paddle Board,1 Hour,1,33.02,None,0.00,0.00,33.02,Emma Wilson,Marina Kiosk,Credit Card,Sunny
WSR-2026-1162,2026-07-03,July,Friday,Summer,Walk-in,Stand-Up Paddle Board,Half Day,1,78.74,Phone Pouch,5.00,0.00,83.74,Isaac Patel,Beachfront Hut,Cash,Cloudy
WSR-2026-1163,2026-07-03,July,Friday,Summer,Online Booking,Wetsuit Rental,Half Day,1,30.48,Waterproof Speaker,12.00,0.00,42.48,Chloe Nguyen,Marina Kiosk,Credit Card,Sunny
WSR-2026-1164,2026-07-03,July,Friday,Summer,Walk-in,Surfboard,Full Day,1,96.52,None,0.00,0.00,96.52,Ben Carter,Harbor Dock,Credit Card,Sunny
WSR-2026-1165,2026-07-03,July,Friday,Summer,Online Booking,Single Kayak,Full Day,1,106.68,None,0.00,0.00,106.68,Diego Ramirez,Lagoon Launch,Credit Card,Sunny
WSR-2026-1166,2026-07-03,July,Friday,Summer,Online Booking,Surfboard,2 Hours,1,45.72,None,0.00,0.00,45.72,Ava Martinez,Lagoon Launch,Credit Card,Sunny
WSR-2026-1167,2026-07-03,July,Friday,Summer,Resort Guest,Stand-Up Paddle Board,Half Day,1,78.74,GoPro Mount,8.00,0.00,86.74,Finn Johnson,Lagoon Launch,Mobile Pay,Sunny
WSR-2026-1168,2026-07-03,July,Friday,Summer,Member,Wetsuit Rental,2 Hours,1,20.32,GoPro Mount,8.00,2.83,25.49,Emma Wilson,Resort Pier,Credit Card,Sunny
WSR-2026-1169,2026-07-03,July,Friday,Summer,Walk-in,Hydro Bike,2 Hours,1,60.96,None,0.00,0.00,60.96,Finn Johnson,Marina Kiosk,Credit Card,Sunny
WSR-2026-1170,2026-07-03,July,Friday,Summer,Walk-in,Snorkel Set,Half Day,1,35.56,None,0.00,1.78,33.78,Ben Carter,Harbor Dock,Mobile Pay,Sunny
WSR-2026-1171,2026-07-03,July,Friday,Summer,Resort Guest,Stand-Up Paddle Board,2 Hours,1,53.34,None,0.00,0.00,53.34,Grace Lee,Harbor Dock,Credit Card,Sunny
WSR-2026-1172,2026-07-03,July,Friday,Summer,Online Booking,Stand-Up Paddle Board,1 Hour,1,33.02,Cooler Rental,10.00,2.15,40.87,Finn Johnson,Marina Kiosk,Credit Card,Sunny
WSR-2026-1173,2026-07-03,July,Friday,Summer,Online Booking,Hydro Bike,1 Hour,1,38.10,None,0.00,0.00,38.10,Hannah Brooks,Beachfront Hut,Cash,Sunny
WSR-2026-1174,2026-07-03,July,Friday,Summer,Resort Guest,Single Kayak,2 Hours,1,48.26,Cooler Rental,10.00,0.00,58.26,Emma Wilson,Harbor Dock,Credit Card,Sunny
WSR-2026-1175,2026-07-03,July,Friday,Summer,Online Booking,Snorkel Set,Full Day,1,50.80,None,0.00,0.00,50.80,Grace Lee,Harbor Dock,Debit Card,Cloudy
WSR-2026-1176,2026-07-03,July,Friday,Summer,Online Booking,Stand-Up Paddle Board,2 Hours,1,53.34,None,0.00,0.00,53.34,Grace Lee,Harbor Dock,Credit Card,Sunny
WSR-2026-1177,2026-07-04,July,Saturday,Summer,Online Booking,Wetsuit Rental,2 Hours,1,21.60,Waterproof Speaker,12.00,0.00,33.60,Isaac Patel,Harbor Dock,Credit Card,Sunny
WSR-2026-1178,2026-07-04,July,Saturday,Summer,Resort Guest,Single Kayak,1 Hour,1,32.40,Dry Bag,6.00,0.00,38.40,Emma Wilson,Beachfront Hut,Debit Card,Sunny
WSR-2026-1179,2026-07-04,July,Saturday,Summer,Walk-in,Single Kayak,1 Hour,1,32.40,GoPro Mount,8.00,0.00,40.40,Diego Ramirez,Resort Pier,Cash,Sunny
WSR-2026-1180,2026-07-04,July,Saturday,Summer,Walk-in,Bodyboard,2 Hours,1,29.70,Cooler Rental,10.00,0.00,39.70,Mia Thompson,Marina Kiosk,Cash,Sunny
WSR-2026-1181,2026-07-04,July,Saturday,Summer,Walk-in,Stand-Up Paddle Board,2 Hours,1,56.70,None,0.00,0.00,56.70,Finn Johnson,Harbor Dock,Credit Card,Sunny
WSR-2026-1182,2026-07-04,July,Saturday,Summer,Walk-in,Stand-Up Paddle Board,Half Day,1,83.70,Dry Bag,6.00,0.00,89.70,Finn Johnson,Beachfront Hut,Debit Card,Sunny
WSR-2026-1183,2026-07-04,July,Saturday,Summer,Group/Event,Surfboard,Full Day,1,102.60,None,0.00,5.13,97.47,Ava Martinez,Lagoon Launch,Cash,Sunny
WSR-2026-1184,2026-07-04,July,Saturday,Summer,Online Booking,Bodyboard,Full Day,1,64.80,Dry Bag,6.00,0.00,70.80,Hannah Brooks,Beachfront Hut,Debit Card,Windy
WSR-2026-1185,2026-07-04,July,Saturday,Summer,Group/Event,Stand-Up Paddle Board,2 Hours,1,56.70,Phone Pouch,5.00,0.00,61.70,Finn Johnson,Lagoon Launch,Debit Card,Sunny
WSR-2026-1186,2026-07-04,July,Saturday,Summer,Online Booking,Surfboard,2 Hours,1,48.60,Phone Pouch,5.00,0.00,53.60,Hannah Brooks,Harbor Dock,Credit Card,Sunny
WSR-2026-1187,2026-07-04,July,Saturday,Summer,Group/Event,Stand-Up Paddle Board,Half Day,1,83.70,None,0.00,8.37,75.33,Finn Johnson,Lagoon Launch,Mobile Pay,Sunny
WSR-2026-1188,2026-07-04,July,Saturday,Summer,Group/Event,Stand-Up Paddle Board,Half Day,1,83.70,Dry Bag,6.00,8.97,80.73,Mia Thompson,Resort Pier,Debit Card,Cloudy
WSR-2026-1189,2026-07-04,July,Saturday,Summer,Resort Guest,Single Kayak,2 Hours,1,51.30,Premium Life Jacket,7.00,0.00,58.30,Finn Johnson,Harbor Dock,Credit Card,Sunny
WSR-2026-1190,2026-07-04,July,Saturday,Summer,Online Booking,Tandem Kayak,1 Hour,1,45.90,None,0.00,0.00,45.90,Mia Thompson,Resort Pier,Credit Card,Windy
WSR-2026-1191,2026-07-04,July,Saturday,Summer,Resort Guest,Tandem Kayak,2 Hours,1,70.20,None,0.00,0.00,70.20,Grace Lee,Beachfront Hut,Cash,Cloudy
WSR-2026-1192,2026-07-04,July,Saturday,Summer,Walk-in,Single Kayak,Half Day,1,78.30,Phone Pouch,5.00,0.00,83.30,Finn Johnson,Lagoon Launch,Credit Card,Sunny
WSR-2026-1193,2026-07-04,July,Saturday,Summer,Resort Guest,Stand-Up Paddle Board,1 Hour,1,35.10,None,0.00,0.00,35.10,Finn Johnson,Lagoon Launch,Credit Card,Sunny
WSR-2026-1194,2026-07-04,July,Saturday,Summer,Online Booking,Stand-Up Paddle Board,1 Hour,1,35.10,None,0.00,0.00,35.10,Emma Wilson,Beachfront Hut,Credit Card,Sunny
WSR-2026-1195,2026-07-04,July,Saturday,Summer,Online Booking,Single Kayak,2 Hours,1,51.30,None,0.00,0.00,51.30,Hannah Brooks,Lagoon Launch,Mobile Pay,Sunny
WSR-2026-1196,2026-07-04,July,Saturday,Summer,Walk-in,Wetsuit Rental,2 Hours,1,21.60,Dry Bag,6.00,0.00,27.60,Ava Martinez,Marina Kiosk,Debit Card,Sunny
WSR-2026-1197,2026-07-04,July,Saturday,Summer,Walk-in,Single Kayak,2 Hours,1,51.30,None,0.00,0.00,51.30,Hannah Brooks,Harbor Dock,Credit Card,Sunny
WSR-2026-1198,2026-07-04,July,Saturday,Summer,Walk-in,Single Kayak,2 Hours,1,51.30,None,0.00,0.00,51.30,Diego Ramirez,Harbor Dock,Mobile Pay,Sunny
WSR-2026-1199,2026-07-04,July,Saturday,Summer,Online Booking,Single Kayak,2 Hours,1,51.30,None,0.00,0.00,51.30,Chloe Nguyen,Resort Pier,Debit Card,Sunny
WSR-2026-1200,2026-07-04,July,Saturday,Summer,Walk-in,Fishing Kayak,2 Hours,1,67.50,None,0.00,0.00,67.50,Hannah Brooks,Beachfront Hut,Cash,Cloudy
WSR-2026-1201,2026-07-04,July,Saturday,Summer,Member,Tandem Kayak,2 Hours,1,70.20,None,0.00,10.53,59.67,Hannah Brooks,Harbor Dock,Credit Card,Cloudy
WSR-2026-1202,2026-07-04,July,Saturday,Summer,Walk-in,Tandem Kayak,2 Hours,1,70.20,None,0.00,0.00,70.20,Ava Martinez,Beachfront Hut,Debit Card,Sunny
WSR-2026-1203,2026-07-04,July,Saturday,Summer,Online Booking,Pedal Boat,Half Day,1,116.10,None,0.00,0.00,116.10,Diego Ramirez,Marina Kiosk,Credit Card,Sunny
WSR-2026-1204,2026-07-04,July,Saturday,Summer,Online Booking,Stand-Up Paddle Board,2 Hours,1,56.70,Dry Bag,6.00,0.00,62.70,Isaac Patel,Marina Kiosk,Credit Card,Cloudy
WSR-2026-1205,2026-07-04,July,Saturday,Summer,Online Booking,Stand-Up Paddle Board,1 Hour,1,35.10,None,0.00,0.00,35.10,Ben Carter,Beachfront Hut,Debit Card,Sunny
WSR-2026-1206,2026-07-04,July,Saturday,Summer,Resort Guest,Bodyboard,2 Hours,1,29.70,None,0.00,0.00,29.70,Diego Ramirez,Beachfront Hut,Cash,Cloudy
WSR-2026-1207,2026-07-04,July,Saturday,Summer,Member,Stand-Up Paddle Board,Half Day,1,83.70,Phone Pouch,5.00,8.87,79.83,Grace Lee,Harbor Dock,Credit Card,Cloudy
WSR-2026-1208,2026-07-04,July,Saturday,Summer,Online Booking,Stand-Up Paddle Board,2 Hours,1,56.70,Dry Bag,6.00,0.00,62.70,Mia Thompson,Harbor Dock,Credit Card,Sunny
WSR-2026-1209,2026-07-04,July,Saturday,Summer,Walk-in,Tandem Kayak,Full Day,1,151.20,None,0.00,0.00,151.20,Finn Johnson,Resort Pier,Debit Card,Cloudy
WSR-2026-1210,2026-07-04,July,Saturday,Summer,Online Booking,Pedal Boat,Full Day,1,167.40,GoPro Mount,8.00,0.00,175.40,Mia Thompson,Harbor Dock,Debit Card,Sunny
WSR-2026-1211,2026-07-04,July,Saturday,Summer,Walk-in,Tandem Kayak,2 Hours,1,70.20,None,0.00,0.00,70.20,Emma Wilson,Beachfront Hut,Credit Card,Sunny
WSR-2026-1212,2026-07-04,July,Saturday,Summer,Walk-in,Stand-Up Paddle Board,1 Hour,1,35.10,None,0.00,0.00,35.10,Hannah Brooks,Beachfront Hut,Credit Card,Sunny
WSR-2026-1213,2026-07-04,July,Saturday,Summer,Walk-in,Stand-Up Paddle Board,1 Hour,1,35.10,Premium Life Jacket,7.00,0.00,42.10,Ava Martinez,Harbor Dock,Credit Card,Cloudy
WSR-2026-1214,2026-07-04,July,Saturday,Summer,Online Booking,Stand-Up Paddle Board,Half Day,1,83.70,None,0.00,0.00,83.70,Emma Wilson,Beachfront Hut,Credit Card,Sunny
WSR-2026-1215,2026-07-04,July,Saturday,Summer,Online Booking,Pedal Boat,Half Day,1,116.10,None,0.00,0.00,116.10,Ava Martinez,Beachfront Hut,Credit Card,Sunny
WSR-2026-1216,2026-07-04,July,Saturday,Summer,Online Booking,Pedal Boat,1 Hour,1,48.60,None,0.00,0.00,48.60,Emma Wilson,Marina Kiosk,Credit Card,Sunny
WSR-2026-1217,2026-07-04,July,Saturday,Summer,Resort Guest,Tandem Kayak,2 Hours,1,70.20,None,0.00,0.00,70.20,Ava Martinez,Marina Kiosk,Debit Card,Sunny
WSR-2026-1218,2026-07-04,July,Saturday,Summer,Resort Guest,Snorkel Set,2 Hours,1,24.30,Cooler Rental,10.00,0.00,34.30,Grace Lee,Resort Pier,Credit Card,Sunny
WSR-2026-1219,2026-07-04,July,Saturday,Summer,Resort Guest,Bodyboard,Half Day,1,45.90,Dry Bag,6.00,0.00,51.90,Emma Wilson,Marina Kiosk,Credit Card,Sunny
WSR-2026-1220,2026-07-04,July,Saturday,Summer,Group/Event,Single Kayak,Full Day,1,113.40,None,0.00,5.67,107.73,Diego Ramirez,Lagoon Launch,Credit Card,Sunny
WSR-2026-1221,2026-07-04,July,Saturday,Summer,Online Booking,Tandem Kayak,1 Hour,1,45.90,Phone Pouch,5.00,0.00,50.90,Isaac Patel,Beachfront Hut,Debit Card,Sunny
WSR-2026-1222,2026-07-04,July,Saturday,Summer,Walk-in,Tandem Kayak,1 Hour,1,45.90,None,0.00,0.00,45.90,Emma Wilson,Marina Kiosk,Credit Card,Sunny
WSR-2026-1223,2026-07-04,July,Saturday,Summer,Walk-in,Single Kayak,Full Day,1,113.40,None,0.00,0.00,113.40,Ava Martinez,Lagoon Launch,Credit Card,Sunny
WSR-2026-1224,2026-07-04,July,Saturday,Summer,Online Booking,Stand-Up Paddle Board,2 Hours,1,56.70,Dry Bag,6.00,0.00,62.70,Emma Wilson,Marina Kiosk,Credit Card,Rainy
WSR-2026-1225,2026-07-04,July,Saturday,Summer,Online Booking,Pedal Boat,1 Hour,1,48.60,None,0.00,0.00,48.60,Ava Martinez,Harbor Dock,Credit Card,Sunny
WSR-2026-1226,2026-07-04,July,Saturday,Summer,Walk-in,Tandem Kayak,1 Hour,1,45.90,Dry Bag,6.00,2.60,49.30,Diego Ramirez,Resort Pier,Debit Card,Sunny
WSR-2026-1227,2026-07-04,July,Saturday,Summer,Online Booking,Tandem Kayak,1 Hour,1,45.90,None,0.00,0.00,45.90,Emma Wilson,Resort Pier,Credit Card,Cloudy
WSR-2026-1228,2026-07-04,July,Saturday,Summer,Walk-in,Snorkel Set,2 Hours,1,24.30,Premium Life Jacket,7.00,0.00,31.30,Diego Ramirez,Marina Kiosk,Cash,Sunny
WSR-2026-1229,2026-07-04,July,Saturday,Summer,Walk-in,Single Kayak,Half Day,1,78.30,Dry Bag,6.00,0.00,84.30,Chloe Nguyen,Harbor Dock,Credit Card,Windy
WSR-2026-1230,2026-07-04,July,Saturday,Summer,Online Booking,Tandem Kayak,2 Hours,1,70.20,Cooler Rental,10.00,0.00,80.20,Finn Johnson,Lagoon Launch,Gift Card,Sunny
WSR-2026-1231,2026-07-04,July,Saturday,Summer,Walk-in,Wetsuit Rental,1 Hour,1,13.50,Phone Pouch,5.00,0.00,18.50,Ben Carter,Beachfront Hut,Mobile Pay,Sunny
WSR-2026-1232,2026-07-04,July,Saturday,Summer,Group/Event,Single Kayak,2 Hours,1,51.30,Dry Bag,6.00,2.87,54.43,Isaac Patel,Lagoon Launch,Debit Card,Sunny
WSR-2026-1233,2026-07-04,July,Saturday,Summer,Online Booking,Fishing Kayak,Half Day,1,102.60,None,0.00,0.00,102.60,Grace Lee,Resort Pier,Debit Card,Sunny
WSR-2026-1234,2026-07-04,July,Saturday,Summer,Walk-in,Surfboard,Full Day,1,102.60,None,0.00,0.00,102.60,Chloe Nguyen,Resort Pier,Credit Card,Windy
WSR-2026-1235,2026-07-04,July,Saturday,Summer,Online Booking,Wetsuit Rental,1 Hour,1,13.50,GoPro Mount,8.00,0.00,21.50,Isaac Patel,Resort Pier,Credit Card,Cloudy
WSR-2026-1236,2026-07-04,July,Saturday,Summer,Group/Event,Pedal Boat,1 Hour,1,48.60,Waterproof Speaker,12.00,6.06,54.54,Finn Johnson,Lagoon Launch,Credit Card,Sunny
WSR-2026-1237,2026-07-04,July,Saturday,Summer,Walk-in,Surfboard,1 Hour,1,29.70,Phone Pouch,5.00,0.00,34.70,Grace Lee,Lagoon Launch,Mobile Pay,Sunny
WSR-2026-1238,2026-07-04,July,Saturday,Summer,Online Booking,Stand-Up Paddle Board,2 Hours,1,56.70,Premium Life Jacket,7.00,0.00,63.70,Diego Ramirez,Lagoon Launch,Credit Card,Cloudy
WSR-2026-1239,2026-07-04,July,Saturday,Summer,Online Booking,Stand-Up Paddle Board,Full Day,1,118.80,None,0.00,0.00,118.80,Chloe Nguyen,Resort Pier,Cash,Sunny
WSR-2026-1240,2026-07-04,July,Saturday,Summer,Group/Event,Surfboard,2 Hours,1,48.60,None,0.00,0.00,48.60,Hannah Brooks,Harbor Dock,Credit Card,Sunny
WSR-2026-1241,2026-07-04,July,Saturday,Summer,Resort Guest,Fishing Kayak,Full Day,1,148.50,Phone Pouch,5.00,0.00,153.50,Ava Martinez,Marina Kiosk,Credit Card,Sunny
WSR-2026-1242,2026-07-04,July,Saturday,Summer,Resort Guest,Wetsuit Rental,2 Hours,1,21.60,Cooler Rental,10.00,0.00,31.60,Finn Johnson,Harbor Dock,Credit Card,Sunny
WSR-2026-1243,2026-07-04,July,Saturday,Summer,Walk-in,Single Kayak,Full Day,1,113.40,None,0.00,5.67,107.73,Mia Thompson,Beachfront Hut,Mobile Pay,Cloudy
WSR-2026-1244,2026-07-04,July,Saturday,Summer,Walk-in,Stand-Up Paddle Board,1 Hour,1,35.10,Cooler Rental,10.00,0.00,45.10,Finn Johnson,Beachfront Hut,Credit Card,Sunny
WSR-2026-1245,2026-07-05,July,Sunday,Summer,Resort Guest,Tandem Kayak,2 Hours,1,70.20,None,0.00,0.00,70.20,Grace Lee,Harbor Dock,Credit Card,Sunny
WSR-2026-1246,2026-07-05,July,Sunday,Summer,Online Booking,Single Kayak,2 Hours,1,51.30,Premium Life Jacket,7.00,0.00,58.30,Grace Lee,Marina Kiosk,Credit Card,Windy
WSR-2026-1247,2026-07-05,July,Sunday,Summer,Resort Guest,Snorkel Set,Half Day,1,37.80,None,0.00,0.00,37.80,Grace Lee,Harbor Dock,Credit Card,Sunny
WSR-2026-1248,2026-07-05,July,Sunday,Summer,Online Booking,Single Kayak,1 Hour,1,32.40,None,0.00,0.00,32.40,Hannah Brooks,Lagoon Launch,Debit Card,Sunny
WSR-2026-1249,2026-07-05,July,Sunday,Summer,Resort Guest,Stand-Up Paddle Board,1 Hour,1,35.10,Premium Life Jacket,7.00,0.00,42.10,Finn Johnson,Beachfront Hut,Mobile Pay,Sunny
WSR-2026-1250,2026-07-05,July,Sunday,Summer,Online Booking,Stand-Up Paddle Board,2 Hours,1,56.70,None,0.00,0.00,56.70,Hannah Brooks,Marina Kiosk,Credit Card,Sunny
WSR-2026-1251,2026-07-05,July,Sunday,Summer,Resort Guest,Bodyboard,2 Hours,1,29.70,None,0.00,0.00,29.70,Chloe Nguyen,Marina Kiosk,Debit Card,Windy
WSR-2026-1252,2026-07-05,July,Sunday,Summer,Walk-in,Snorkel Set,Half Day,1,37.80,Cooler Rental,10.00,0.00,47.80,Chloe Nguyen,Harbor Dock,Debit Card,Rainy
WSR-2026-1253,2026-07-05,July,Sunday,Summer,Walk-in,Single Kayak,Half Day,1,78.30,Dry Bag,6.00,0.00,84.30,Mia Thompson,Beachfront Hut,Credit Card,Cloudy
WSR-2026-1254,2026-07-05,July,Sunday,Summer,Resort Guest,Surfboard,Half Day,1,72.90,None,0.00,3.65,69.25,Emma Wilson,Resort Pier,Credit Card,Sunny
WSR-2026-1255,2026-07-05,July,Sunday,Summer,Resort Guest,Bodyboard,Half Day,1,45.90,None,0.00,0.00,45.90,Emma Wilson,Resort Pier,Debit Card,Sunny
WSR-2026-1256,2026-07-05,July,Sunday,Summer,Resort Guest,Stand-Up Paddle Board,Full Day,1,118.80,None,0.00,0.00,118.80,Finn Johnson,Resort Pier,Gift Card,Sunny
WSR-2026-1257,2026-07-05,July,Sunday,Summer,Online Booking,Tandem Kayak,1 Hour,1,45.90,Premium Life Jacket,7.00,0.00,52.90,Isaac Patel,Marina Kiosk,Mobile Pay,Windy
WSR-2026-1258,2026-07-05,July,Sunday,Summer,Walk-in,Surfboard,1 Hour,1,29.70,Dry Bag,6.00,0.00,35.70,Chloe Nguyen,Harbor Dock,Cash,Sunny
WSR-2026-1259,2026-07-05,July,Sunday,Summer,Walk-in,Surfboard,2 Hours,1,48.60,None,0.00,0.00,48.60,Isaac Patel,Beachfront Hut,Credit Card,Sunny
WSR-2026-1260,2026-07-05,July,Sunday,Summer,Walk-in,Wetsuit Rental,Half Day,1,32.40,GoPro Mount,8.00,0.00,40.40,Diego Ramirez,Resort Pier,Mobile Pay,Sunny
WSR-2026-1261,2026-07-05,July,Sunday,Summer,Resort Guest,Snorkel Set,Half Day,1,37.80,Phone Pouch,5.00,0.00,42.80,Finn Johnson,Resort Pier,Debit Card,Sunny
WSR-2026-1262,2026-07-05,July,Sunday,Summer,Member,Single Kayak,1 Hour,1,32.40,Dry Bag,6.00,5.76,32.64,Ben Carter,Beachfront Hut,Credit Card,Sunny
WSR-2026-1263,2026-07-05,July,Sunday,Summer,Online Booking,Tandem Kayak,1 Hour,1,45.90,None,0.00,0.00,45.90,Grace Lee,Beachfront Hut,Debit Card,Sunny
WSR-2026-1264,2026-07-05,July,Sunday,Summer,Walk-in,Stand-Up Paddle Board,Full Day,1,118.80,None,0.00,0.00,118.80,Mia Thompson,Lagoon Launch,Gift Card,Sunny
WSR-2026-1265,2026-07-05,July,Sunday,Summer,Walk-in,Surfboard,1 Hour,1,29.70,None,0.00,0.00,29.70,Mia Thompson,Harbor Dock,Cash,Cloudy
WSR-2026-1266,2026-07-05,July,Sunday,Summer,Walk-in,Wetsuit Rental,Full Day,1,45.90,None,0.00,0.00,45.90,Hannah Brooks,Resort Pier,Debit Card,Sunny
WSR-2026-1267,2026-07-05,July,Sunday,Summer,Walk-in,Bodyboard,1 Hour,1,18.90,GoPro Mount,8.00,0.00,26.90,Diego Ramirez,Beachfront Hut,Debit Card,Sunny
WSR-2026-1268,2026-07-05,July,Sunday,Summer,Resort Guest,Single Kayak,Full Day,1,113.40,GoPro Mount,8.00,0.00,121.40,Ava Martinez,Beachfront Hut,Credit Card,Sunny
WSR-2026-1269,2026-07-05,July,Sunday,Summer,Member,Bodyboard,1 Hour,1,18.90,GoPro Mount,8.00,4.03,22.87,Ava Martinez,Marina Kiosk,Cash,Sunny
WSR-2026-1270,2026-07-05,July,Sunday,Summer,Online Booking,Hydro Bike,Half Day,1,97.20,None,0.00,0.00,97.20,Emma Wilson,Resort Pier,Cash,Sunny
WSR-2026-1271,2026-07-05,July,Sunday,Summer,Resort Guest,Wetsuit Rental,1 Hour,1,13.50,Waterproof Speaker,12.00,0.00,25.50,Hannah Brooks,Marina Kiosk,Credit Card,Sunny
WSR-2026-1272,2026-07-05,July,Sunday,Summer,Walk-in,Fishing Kayak,1 Hour,1,43.20,Dry Bag,6.00,2.46,46.74,Grace Lee,Lagoon Launch,Debit Card,Sunny
WSR-2026-1273,2026-07-05,July,Sunday,Summer,Group/Event,Hydro Bike,Full Day,1,140.40,None,0.00,0.00,140.40,Finn Johnson,Resort Pier,Cash,Sunny
WSR-2026-1274,2026-07-05,July,Sunday,Summer,Online Booking,Stand-Up Paddle Board,2 Hours,1,56.70,GoPro Mount,8.00,0.00,64.70,Hannah Brooks,Lagoon Launch,Credit Card,Sunny
WSR-2026-1275,2026-07-05,July,Sunday,Summer,Walk-in,Stand-Up Paddle Board,1 Hour,1,35.10,Waterproof Speaker,12.00,0.00,47.10,Mia Thompson,Lagoon Launch,Cash,Rainy
WSR-2026-1276,2026-07-05,July,Sunday,Summer,Member,Tandem Kayak,Half Day,1,105.30,Premium Life Jacket,7.00,16.84,95.46,Ava Martinez,Lagoon Launch,Cash,Sunny
WSR-2026-1277,2026-07-05,July,Sunday,Summer,Walk-in,Single Kayak,1 Hour,1,32.40,None,0.00,0.00,32.40,Emma Wilson,Resort Pier,Mobile Pay,Sunny
WSR-2026-1278,2026-07-05,July,Sunday,Summer,Online Booking,Single Kayak,1 Hour,1,32.40,Cooler Rental,10.00,0.00,42.40,Ben Carter,Harbor Dock,Credit Card,Sunny
WSR-2026-1279,2026-07-05,July,Sunday,Summer,Online Booking,Hydro Bike,2 Hours,1,64.80,Cooler Rental,10.00,0.00,74.80,Finn Johnson,Resort Pier,Mobile Pay,Sunny
WSR-2026-1280,2026-07-05,July,Sunday,Summer,Walk-in,Fishing Kayak,2 Hours,1,67.50,None,0.00,0.00,67.50,Chloe Nguyen,Marina Kiosk,Credit Card,Sunny
WSR-2026-1281,2026-07-05,July,Sunday,Summer,Walk-in,Snorkel Set,1 Hour,1,16.20,Premium Life Jacket,7.00,1.16,22.04,Isaac Patel,Harbor Dock,Debit Card,Sunny
WSR-2026-1282,2026-07-05,July,Sunday,Summer,Online Booking,Stand-Up Paddle Board,1 Hour,1,35.10,Dry Bag,6.00,0.00,41.10,Ava Martinez,Beachfront Hut,Credit Card,Windy
WSR-2026-1283,2026-07-05,July,Sunday,Summer,Group/Event,Bodyboard,1 Hour,1,18.90,None,0.00,1.89,17.01,Grace Lee,Beachfront Hut,Cash,Cloudy
WSR-2026-1284,2026-07-05,July,Sunday,Summer,Online Booking,Bodyboard,1 Hour,1,18.90,Phone Pouch,5.00,0.00,23.90,Finn Johnson,Beachfront Hut,Debit Card,Sunny
WSR-2026-1285,2026-07-05,July,Sunday,Summer,Online Booking,Stand-Up Paddle Board,2 Hours,1,56.70,Cooler Rental,10.00,0.00,66.70,Ben Carter,Resort Pier,Credit Card,Sunny
WSR-2026-1286,2026-07-05,July,Sunday,Summer,Group/Event,Tandem Kayak,2 Hours,1,70.20,Phone Pouch,5.00,3.76,71.44,Grace Lee,Marina Kiosk,Credit Card,Sunny
WSR-2026-1287,2026-07-05,July,Sunday,Summer,Resort Guest,Surfboard,Half Day,1,72.90,Dry Bag,6.00,0.00,78.90,Finn Johnson,Beachfront Hut,Credit Card,Sunny
WSR-2026-1288,2026-07-05,July,Sunday,Summer,Resort Guest,Wetsuit Rental,Half Day,1,32.40,Phone Pouch,5.00,0.00,37.40,Ben Carter,Harbor Dock,Debit Card,Sunny
WSR-2026-1289,2026-07-05,July,Sunday,Summer,Walk-in,Bodyboard,Half Day,1,45.90,None,0.00,0.00,45.90,Ben Carter,Harbor Dock,Mobile Pay,Sunny
WSR-2026-1290,2026-07-05,July,Sunday,Summer,Resort Guest,Stand-Up Paddle Board,2 Hours,1,56.70,None,0.00,0.00,56.70,Grace Lee,Beachfront Hut,Credit Card,Sunny
WSR-2026-1291,2026-07-06,July,Monday,Summer,Walk-in,Bodyboard,Full Day,1,53.76,Dry Bag,6.00,0.00,59.76,Ava Martinez,Harbor Dock,Credit Card,Sunny
WSR-2026-1292,2026-07-06,July,Monday,Summer,Resort Guest,Snorkel Set,Half Day,1,31.36,Dry Bag,6.00,0.00,37.36,Ava Martinez,Lagoon Launch,Credit Card,Sunny
WSR-2026-1293,2026-07-06,July,Monday,Summer,Resort Guest,Stand-Up Paddle Board,1 Hour,1,29.12,Dry Bag,6.00,0.00,35.12,Diego Ramirez,Beachfront Hut,Credit Card,Sunny
WSR-2026-1294,2026-07-06,July,Monday,Summer,Online Booking,Tandem Kayak,2 Hours,1,58.24,None,0.00,0.00,58.24,Mia Thompson,Harbor Dock,Cash,Sunny
WSR-2026-1295,2026-07-06,July,Monday,Summer,Online Booking,Stand-Up Paddle Board,Full Day,1,98.56,Phone Pouch,5.00,0.00,103.56,Chloe Nguyen,Lagoon Launch,Debit Card,Sunny
WSR-2026-1296,2026-07-06,July,Monday,Summer,Resort Guest,Tandem Kayak,2 Hours,1,58.24,GoPro Mount,8.00,3.31,62.93,Finn Johnson,Harbor Dock,Credit Card,Sunny
WSR-2026-1297,2026-07-06,July,Monday,Summer,Online Booking,Hydro Bike,Half Day,1,80.64,Dry Bag,6.00,0.00,86.64,Hannah Brooks,Resort Pier,Mobile Pay,Sunny
WSR-2026-1298,2026-07-06,July,Monday,Summer,Member,Wetsuit Rental,1 Hour,1,11.20,None,0.00,1.68,9.52,Finn Johnson,Harbor Dock,Debit Card,Sunny
WSR-2026-1299,2026-07-06,July,Monday,Summer,Online Booking,Snorkel Set,Half Day,1,31.36,Phone Pouch,5.00,0.00,36.36,Ben Carter,Marina Kiosk,Debit Card,Windy
WSR-2026-1300,2026-07-06,July,Monday,Summer,Online Booking,Surfboard,2 Hours,1,40.32,Phone Pouch,5.00,0.00,45.32,Chloe Nguyen,Lagoon Launch,Credit Card,Sunny
WSR-2026-1301,2026-07-06,July,Monday,Summer,Online Booking,Stand-Up Paddle Board,2 Hours,1,47.04,Dry Bag,6.00,0.00,53.04,Ava Martinez,Beachfront Hut,Credit Card,Cloudy
WSR-2026-1302,2026-07-06,July,Monday,Summer,Member,Tandem Kayak,2 Hours,1,58.24,None,0.00,8.74,49.50,Grace Lee,Beachfront Hut,Cash,Sunny
WSR-2026-1303,2026-07-06,July,Monday,Summer,Group/Event,Single Kayak,1 Hour,1,26.88,None,0.00,1.34,25.54,Grace Lee,Marina Kiosk,Mobile Pay,Sunny
WSR-2026-1304,2026-07-06,July,Monday,Summer,Walk-in,Fishing Kayak,2 Hours,1,56.00,None,0.00,0.00,56.00,Hannah Brooks,Beachfront Hut,Credit Card,Sunny
WSR-2026-1305,2026-07-06,July,Monday,Summer,Resort Guest,Surfboard,2 Hours,1,40.32,None,0.00,0.00,40.32,Isaac Patel,Beachfront Hut,Cash,Cloudy
WSR-2026-1306,2026-07-07,July,Tuesday,Summer,Walk-in,Single Kayak,2 Hours,1,42.56,Dry Bag,6.00,2.43,46.13,Grace Lee,Lagoon Launch,Cash,Sunny
WSR-2026-1307,2026-07-07,July,Tuesday,Summer,Member,Single Kayak,Half Day,1,64.96,Dry Bag,6.00,10.64,60.32,Ben Carter,Beachfront Hut,Credit Card,Sunny
WSR-2026-1308,2026-07-07,July,Tuesday,Summer,Walk-in,Single Kayak,Half Day,1,64.96,None,0.00,0.00,64.96,Emma Wilson,Resort Pier,Credit Card,Sunny
WSR-2026-1309,2026-07-07,July,Tuesday,Summer,Online Booking,Fishing Kayak,1 Hour,1,35.84,Cooler Rental,10.00,0.00,45.84,Grace Lee,Beachfront Hut,Debit Card,Cloudy
WSR-2026-1310,2026-07-07,July,Tuesday,Summer,Walk-in,Single Kayak,2 Hours,1,42.56,None,0.00,0.00,42.56,Isaac Patel,Marina Kiosk,Credit Card,Cloudy
WSR-2026-1311,2026-07-07,July,Tuesday,Summer,Walk-in,Tandem Kayak,1 Hour,1,38.08,None,0.00,0.00,38.08,Chloe Nguyen,Resort Pier,Cash,Cloudy
WSR-2026-1312,2026-07-08,July,Wednesday,Summer,Online Booking,Stand-Up Paddle Board,Full Day,1,98.56,Premium Life Jacket,7.00,0.00,105.56,Chloe Nguyen,Marina Kiosk,Credit Card,Rainy
WSR-2026-1313,2026-07-08,July,Wednesday,Summer,Member,Stand-Up Paddle Board,2 Hours,1,47.04,None,0.00,7.06,39.98,Chloe Nguyen,Lagoon Launch,Debit Card,Windy
WSR-2026-1314,2026-07-08,July,Wednesday,Summer,Walk-in,Snorkel Set,Half Day,1,31.36,None,0.00,0.00,31.36,Emma Wilson,Harbor Dock,Mobile Pay,Sunny
WSR-2026-1315,2026-07-08,July,Wednesday,Summer,Walk-in,Bodyboard,Full Day,1,53.76,Phone Pouch,5.00,0.00,58.76,Ava Martinez,Marina Kiosk,Credit Card,Sunny
WSR-2026-1316,2026-07-08,July,Wednesday,Summer,Walk-in,Bodyboard,Half Day,1,38.08,None,0.00,0.00,38.08,Hannah Brooks,Beachfront Hut,Mobile Pay,Sunny
WSR-2026-1317,2026-07-08,July,Wednesday,Summer,Walk-in,Surfboard,Half Day,1,60.48,Dry Bag,6.00,0.00,66.48,Emma Wilson,Lagoon Launch,Credit Card,Sunny
WSR-2026-1318,2026-07-08,July,Wednesday,Summer,Online Booking,Hydro Bike,1 Hour,1,33.60,Cooler Rental,10.00,0.00,43.60,Hannah Brooks,Harbor Dock,Debit Card,Sunny
WSR-2026-1319,2026-07-08,July,Wednesday,Summer,Online Booking,Single Kayak,Half Day,1,64.96,Phone Pouch,5.00,0.00,69.96,Ben Carter,Lagoon Launch,Gift Card,Sunny
WSR-2026-1320,2026-07-08,July,Wednesday,Summer,Walk-in,Single Kayak,1 Hour,1,26.88,Phone Pouch,5.00,1.59,30.29,Hannah Brooks,Harbor Dock,Credit Card,Sunny
WSR-2026-1321,2026-07-08,July,Wednesday,Summer,Walk-in,Snorkel Set,2 Hours,1,20.16,Phone Pouch,5.00,0.00,25.16,Hannah Brooks,Marina Kiosk,Cash,Sunny
WSR-2026-1322,2026-07-08,July,Wednesday,Summer,Resort Guest,Stand-Up Paddle Board,Half Day,1,69.44,Dry Bag,6.00,0.00,75.44,Mia Thompson,Lagoon Launch,Credit Card,Sunny
WSR-2026-1323,2026-07-08,July,Wednesday,Summer,Resort Guest,Fishing Kayak,2 Hours,1,56.00,None,0.00,0.00,56.00,Hannah Brooks,Resort Pier,Debit Card,Sunny
WSR-2026-1324,2026-07-08,July,Wednesday,Summer,Resort Guest,Tandem Kayak,2 Hours,1,58.24,None,0.00,0.00,58.24,Chloe Nguyen,Resort Pier,Cash,Sunny
WSR-2026-1325,2026-07-08,July,Wednesday,Summer,Online Booking,Stand-Up Paddle Board,2 Hours,1,47.04,None,0.00,2.35,44.69,Grace Lee,Beachfront Hut,Credit Card,Sunny
WSR-2026-1326,2026-07-08,July,Wednesday,Summer,Walk-in,Single Kayak,Half Day,1,64.96,None,0.00,0.00,64.96,Ben Carter,Marina Kiosk,Credit Card,Sunny
WSR-2026-1327,2026-07-08,July,Wednesday,Summer,Online Booking,Tandem Kayak,1 Hour,1,38.08,None,0.00,0.00,38.08,Hannah Brooks,Marina Kiosk,Cash,Sunny
WSR-2026-1328,2026-07-08,July,Wednesday,Summer,Online Booking,Single Kayak,2 Hours,1,42.56,None,0.00,0.00,42.56,Finn Johnson,Marina Kiosk,Debit Card,Cloudy
WSR-2026-1329,2026-07-09,July,Thursday,Summer,Online Booking,Single Kayak,2 Hours,1,42.56,Waterproof Speaker,12.00,0.00,54.56,Ben Carter,Harbor Dock,Credit Card,Cloudy
WSR-2026-1330,2026-07-09,July,Thursday,Summer,Walk-in,Fishing Kayak,Half Day,1,85.12,Dry Bag,6.00,0.00,91.12,Mia Thompson,Harbor Dock,Credit Card,Sunny
WSR-2026-1331,2026-07-09,July,Thursday,Summer,Online Booking,Wetsuit Rental,2 Hours,1,17.92,None,0.00,0.00,17.92,Chloe Nguyen,Beachfront Hut,Credit Card,Cloudy
WSR-2026-1332,2026-07-09,July,Thursday,Summer,Walk-in,Stand-Up Paddle Board,1 Hour,1,29.12,None,0.00,0.00,29.12,Grace Lee,Resort Pier,Debit Card,Sunny
WSR-2026-1333,2026-07-09,July,Thursday,Summer,Online Booking,Stand-Up Paddle Board,2 Hours,1,47.04,None,0.00,0.00,47.04,Ava Martinez,Marina Kiosk,Cash,Sunny
WSR-2026-1334,2026-07-09,July,Thursday,Summer,Online Booking,Snorkel Set,Half Day,1,31.36,None,0.00,0.00,31.36,Chloe Nguyen,Marina Kiosk,Mobile Pay,Cloudy
WSR-2026-1335,2026-07-09,July,Thursday,Summer,Online Booking,Tandem Kayak,Full Day,1,125.44,None,0.00,0.00,125.44,Hannah Brooks,Harbor Dock,Credit Card,Cloudy
WSR-2026-1336,2026-07-09,July,Thursday,Summer,Online Booking,Snorkel Set,2 Hours,1,20.16,None,0.00,0.00,20.16,Isaac Patel,Harbor Dock,Debit Card,Sunny
WSR-2026-1337,2026-07-09,July,Thursday,Summer,Group/Event,Tandem Kayak,Half Day,1,87.36,Dry Bag,6.00,9.34,84.02,Emma Wilson,Harbor Dock,Cash,Sunny
WSR-2026-1338,2026-07-09,July,Thursday,Summer,Online Booking,Stand-Up Paddle Board,2 Hours,1,47.04,None,0.00,0.00,47.04,Chloe Nguyen,Beachfront Hut,Debit Card,Cloudy
WSR-2026-1339,2026-07-09,July,Thursday,Summer,Walk-in,Single Kayak,Half Day,1,64.96,Phone Pouch,5.00,3.50,66.46,Isaac Patel,Beachfront Hut,Credit Card,Sunny
WSR-2026-1340,2026-07-09,July,Thursday,Summer,Walk-in,Wetsuit Rental,Half Day,1,26.88,Dry Bag,6.00,0.00,32.88,Isaac Patel,Harbor Dock,Credit Card,Sunny
WSR-2026-1341,2026-07-09,July,Thursday,Summer,Walk-in,Single Kayak,1 Hour,1,26.88,Dry Bag,6.00,0.00,32.88,Grace Lee,Harbor Dock,Debit Card,Sunny
WSR-2026-1342,2026-07-09,July,Thursday,Summer,Online Booking,Tandem Kayak,2 Hours,1,58.24,None,0.00,0.00,58.24,Diego Ramirez,Lagoon Launch,Gift Card,Sunny
WSR-2026-1343,2026-07-09,July,Thursday,Summer,Walk-in,Stand-Up Paddle Board,1 Hour,1,29.12,None,0.00,0.00,29.12,Hannah Brooks,Marina Kiosk,Cash,Sunny
WSR-2026-1344,2026-07-09,July,Thursday,Summer,Online Booking,Stand-Up Paddle Board,2 Hours,1,47.04,None,0.00,0.00,47.04,Isaac Patel,Harbor Dock,Credit Card,Sunny
WSR-2026-1345,2026-07-09,July,Thursday,Summer,Walk-in,Hydro Bike,Full Day,1,116.48,None,0.00,0.00,116.48,Ava Martinez,Beachfront Hut,Mobile Pay,Sunny
WSR-2026-1346,2026-07-09,July,Thursday,Summer,Walk-in,Single Kayak,Half Day,1,64.96,Phone Pouch,5.00,0.00,69.96,Grace Lee,Resort Pier,Credit Card,Sunny
WSR-2026-1347,2026-07-09,July,Thursday,Summer,Online Booking,Stand-Up Paddle Board,1 Hour,1,29.12,None,0.00,0.00,29.12,Hannah Brooks,Beachfront Hut,Mobile Pay,Sunny
WSR-2026-1348,2026-07-09,July,Thursday,Summer,Group/Event,Surfboard,Half Day,1,60.48,Phone Pouch,5.00,6.55,58.93,Chloe Nguyen,Resort Pier,Credit Card,Sunny
WSR-2026-1349,2026-07-09,July,Thursday,Summer,Walk-in,Stand-Up Paddle Board,2 Hours,1,47.04,None,0.00,0.00,47.04,Ben Carter,Beachfront Hut,Mobile Pay,Sunny
WSR-2026-1350,2026-07-09,July,Thursday,Summer,Online Booking,Stand-Up Paddle Board,1 Hour,1,29.12,None,0.00,0.00,29.12,Ava Martinez,Harbor Dock,Debit Card,Cloudy
WSR-2026-1351,2026-07-10,July,Friday,Summer,Online Booking,Tandem Kayak,2 Hours,1,58.24,GoPro Mount,8.00,0.00,66.24,Grace Lee,Lagoon Launch,Credit Card,Windy
WSR-2026-1352,2026-07-10,July,Friday,Summer,Resort Guest,Stand-Up Paddle Board,Full Day,1,98.56,Dry Bag,6.00,0.00,104.56,Hannah Brooks,Marina Kiosk,Cash,Sunny
WSR-2026-1353,2026-07-10,July,Friday,Summer,Member,Single Kayak,1 Hour,1,26.88,Dry Bag,6.00,3.29,29.59,Diego Ramirez,Marina Kiosk,Mobile Pay,Sunny
WSR-2026-1354,2026-07-10,July,Friday,Summer,Walk-in,Pedal Boat,1 Hour,1,40.32,None,0.00,0.00,40.32,Hannah Brooks,Harbor Dock,Mobile Pay,Cloudy
WSR-2026-1355,2026-07-10,July,Friday,Summer,Walk-in,Tandem Kayak,2 Hours,1,58.24,None,0.00,0.00,58.24,Emma Wilson,Harbor Dock,Debit Card,Cloudy
WSR-2026-1356,2026-07-10,July,Friday,Summer,Group/Event,Stand-Up Paddle Board,2 Hours,1,47.04,Phone Pouch,5.00,5.20,46.84,Isaac Patel,Lagoon Launch,Cash,Sunny
WSR-2026-1357,2026-07-10,July,Friday,Summer,Walk-in,Tandem Kayak,Full Day,1,125.44,Dry Bag,6.00,0.00,131.44,Ben Carter,Lagoon Launch,Credit Card,Cloudy
WSR-2026-1358,2026-07-10,July,Friday,Summer,Online Booking,Fishing Kayak,Half Day,1,85.12,None,0.00,0.00,85.12,Grace Lee,Resort Pier,Cash,Sunny
WSR-2026-1359,2026-07-10,July,Friday,Summer,Resort Guest,Bodyboard,2 Hours,1,24.64,Dry Bag,6.00,1.53,29.11,Diego Ramirez,Resort Pier,Debit Card,Sunny
WSR-2026-1360,2026-07-10,July,Friday,Summer,Group/Event,Tandem Kayak,2 Hours,1,58.24,Phone Pouch,5.00,3.16,60.08,Mia Thompson,Resort Pier,Cash,Sunny
WSR-2026-1361,2026-07-10,July,Friday,Summer,Group/Event,Surfboard,2 Hours,1,40.32,None,0.00,4.03,36.29,Finn Johnson,Marina Kiosk,Mobile Pay,Sunny
WSR-2026-1362,2026-07-10,July,Friday,Summer,Resort Guest,Hydro Bike,2 Hours,1,53.76,GoPro Mount,8.00,0.00,61.76,Hannah Brooks,Marina Kiosk,Credit Card,Sunny
WSR-2026-1363,2026-07-10,July,Friday,Summer,Online Booking,Single Kayak,Half Day,1,64.96,Phone Pouch,5.00,0.00,69.96,Ben Carter,Resort Pier,Credit Card,Sunny
WSR-2026-1364,2026-07-10,July,Friday,Summer,Online Booking,Stand-Up Paddle Board,1 Hour,1,29.12,Premium Life Jacket,7.00,0.00,36.12,Ben Carter,Beachfront Hut,Credit Card,Cloudy
WSR-2026-1365,2026-07-10,July,Friday,Summer,Resort Guest,Hydro Bike,1 Hour,1,33.60,GoPro Mount,8.00,0.00,41.60,Finn Johnson,Harbor Dock,Credit Card,Sunny
WSR-2026-1366,2026-07-10,July,Friday,Summer,Online Booking,Wetsuit Rental,2 Hours,1,17.92,None,0.00,0.00,17.92,Mia Thompson,Harbor Dock,Debit Card,Sunny
WSR-2026-1367,2026-07-10,July,Friday,Summer,Member,Tandem Kayak,2 Hours,1,58.24,None,0.00,5.82,52.42,Chloe Nguyen,Resort Pier,Mobile Pay,Sunny
WSR-2026-1368,2026-07-10,July,Friday,Summer,Online Booking,Fishing Kayak,2 Hours,1,56.00,Dry Bag,6.00,3.10,58.90,Isaac Patel,Lagoon Launch,Cash,Cloudy
WSR-2026-1369,2026-07-11,July,Saturday,Summer,Walk-in,Wetsuit Rental,Half Day,1,28.80,None,0.00,0.00,28.80,Finn Johnson,Lagoon Launch,Credit Card,Cloudy
WSR-2026-1370,2026-07-11,July,Saturday,Summer,Resort Guest,Snorkel Set,2 Hours,1,21.60,Dry Bag,6.00,0.00,27.60,Grace Lee,Harbor Dock,Cash,Sunny
WSR-2026-1371,2026-07-11,July,Saturday,Summer,Walk-in,Stand-Up Paddle Board,2 Hours,1,50.40,Cooler Rental,10.00,3.02,57.38,Emma Wilson,Marina Kiosk,Credit Card,Cloudy
WSR-2026-1372,2026-07-11,July,Saturday,Summer,Resort Guest,Pedal Boat,Half Day,1,103.20,None,0.00,0.00,103.20,Mia Thompson,Harbor Dock,Credit Card,Sunny
WSR-2026-1373,2026-07-11,July,Saturday,Summer,Walk-in,Tandem Kayak,2 Hours,1,62.40,GoPro Mount,8.00,0.00,70.40,Emma Wilson,Harbor Dock,Mobile Pay,Cloudy
WSR-2026-1374,2026-07-11,July,Saturday,Summer,Walk-in,Single Kayak,Half Day,1,69.60,Phone Pouch,5.00,0.00,74.60,Finn Johnson,Marina Kiosk,Credit Card,Sunny
WSR-2026-1375,2026-07-11,July,Saturday,Summer,Online Booking,Hydro Bike,Half Day,1,86.40,None,0.00,0.00,86.40,Hannah Brooks,Lagoon Launch,Cash,Cloudy
WSR-2026-1376,2026-07-11,July,Saturday,Summer,Online Booking,Single Kayak,Full Day,1,100.80,None,0.00,0.00,100.80,Ava Martinez,Resort Pier,Credit Card,Sunny
WSR-2026-1377,2026-07-11,July,Saturday,Summer,Walk-in,Single Kayak,2 Hours,1,45.60,Phone Pouch,5.00,0.00,50.60,Finn Johnson,Marina Kiosk,Debit Card,Sunny
WSR-2026-1378,2026-07-11,July,Saturday,Summer,Online Booking,Single Kayak,2 Hours,1,45.60,None,0.00,0.00,45.60,Emma Wilson,Resort Pier,Credit Card,Sunny
WSR-2026-1379,2026-07-11,July,Saturday,Summer,Walk-in,Bodyboard,2 Hours,1,26.40,None,0.00,0.00,26.40,Grace Lee,Resort Pier,Credit Card,Sunny
WSR-2026-1380,2026-07-11,July,Saturday,Summer,Online Booking,Snorkel Set,Half Day,1,33.60,Phone Pouch,5.00,0.00,38.60,Diego Ramirez,Harbor Dock,Gift Card,Sunny
WSR-2026-1381,2026-07-11,July,Saturday,Summer,Resort Guest,Fishing Kayak,1 Hour,1,38.40,None,0.00,0.00,38.40,Grace Lee,Lagoon Launch,Credit Card,Sunny
WSR-2026-1382,2026-07-11,July,Saturday,Summer,Group/Event,Tandem Kayak,1 Hour,1,40.80,Premium Life Jacket,7.00,2.39,45.41,Diego Ramirez,Beachfront Hut,Credit Card,Windy
WSR-2026-1383,2026-07-11,July,Saturday,Summer,Group/Event,Stand-Up Paddle Board,2 Hours,1,50.40,None,0.00,0.00,50.40,Isaac Patel,Beachfront Hut,Debit Card,Sunny
WSR-2026-1384,2026-07-11,July,Saturday,Summer,Walk-in,Single Kayak,2 Hours,1,45.60,None,0.00,0.00,45.60,Mia Thompson,Lagoon Launch,Credit Card,Sunny
WSR-2026-1385,2026-07-11,July,Saturday,Summer,Walk-in,Surfboard,2 Hours,1,43.20,None,0.00,0.00,43.20,Grace Lee,Lagoon Launch,Credit Card,Sunny
WSR-2026-1386,2026-07-11,July,Saturday,Summer,Online Booking,Snorkel Set,1 Hour,1,14.40,None,0.00,0.00,14.40,Chloe Nguyen,Harbor Dock,Gift Card,Sunny
WSR-2026-1387,2026-07-11,July,Saturday,Summer,Walk-in,Tandem Kayak,Full Day,1,134.40,None,0.00,0.00,134.40,Ava Martinez,Marina Kiosk,Debit Card,Windy
WSR-2026-1388,2026-07-11,July,Saturday,Summer,Online Booking,Fishing Kayak,Half Day,1,91.20,Dry Bag,6.00,0.00,97.20,Ava Martinez,Beachfront Hut,Debit Card,Cloudy
WSR-2026-1389,2026-07-11,July,Saturday,Summer,Group/Event,Fishing Kayak,2 Hours,1,60.00,None,0.00,0.00,60.00,Chloe Nguyen,Marina Kiosk,Credit Card,Sunny
WSR-2026-1390,2026-07-11,July,Saturday,Summer,Resort Guest,Snorkel Set,2 Hours,1,21.60,Dry Bag,6.00,0.00,27.60,Diego Ramirez,Beachfront Hut,Mobile Pay,Sunny
WSR-2026-1391,2026-07-11,July,Saturday,Summer,Walk-in,Pedal Boat,Half Day,1,103.20,Phone Pouch,5.00,0.00,108.20,Ava Martinez,Beachfront Hut,Debit Card,Sunny
WSR-2026-1392,2026-07-11,July,Saturday,Summer,Resort Guest,Snorkel Set,2 Hours,1,21.60,Dry Bag,6.00,0.00,27.60,Diego Ramirez,Harbor Dock,Credit Card,Sunny
WSR-2026-1393,2026-07-12,July,Sunday,Summer,Walk-in,Stand-Up Paddle Board,Full Day,1,105.60,None,0.00,0.00,105.60,Ben Carter,Harbor Dock,Credit Card,Sunny
WSR-2026-1394,2026-07-12,July,Sunday,Summer,Group/Event,Stand-Up Paddle Board,1 Hour,1,31.20,None,0.00,3.12,28.08,Diego Ramirez,Beachfront Hut,Credit Card,Sunny
WSR-2026-1395,2026-07-12,July,Sunday,Summer,Resort Guest,Pedal Boat,2 Hours,1,69.60,Dry Bag,6.00,0.00,75.60,Ava Martinez,Lagoon Launch,Credit Card,Sunny
WSR-2026-1396,2026-07-12,July,Sunday,Summer,Group/Event,Single Kayak,2 Hours,1,45.60,None,0.00,4.56,41.04,Ben Carter,Resort Pier,Credit Card,Sunny
WSR-2026-1397,2026-07-12,July,Sunday,Summer,Online Booking,Surfboard,1 Hour,1,26.40,GoPro Mount,8.00,0.00,34.40,Emma Wilson,Resort Pier,Debit Card,Cloudy
WSR-2026-1398,2026-07-12,July,Sunday,Summer,Walk-in,Pedal Boat,Full Day,1,148.80,Waterproof Speaker,12.00,0.00,160.80,Hannah Brooks,Resort Pier,Debit Card,Sunny
WSR-2026-1399,2026-07-12,July,Sunday,Summer,Resort Guest,Hydro Bike,2 Hours,1,57.60,Phone Pouch,5.00,0.00,62.60,Mia Thompson,Beachfront Hut,Credit Card,Sunny
WSR-2026-1400,2026-07-12,July,Sunday,Summer,Online Booking,Pedal Boat,2 Hours,1,69.60,None,0.00,0.00,69.60,Diego Ramirez,Resort Pier,Debit Card,Windy
WSR-2026-1401,2026-07-12,July,Sunday,Summer,Resort Guest,Snorkel Set,1 Hour,1,14.40,None,0.00,0.00,14.40,Chloe Nguyen,Resort Pier,Credit Card,Sunny
WSR-2026-1402,2026-07-12,July,Sunday,Summer,Resort Guest,Tandem Kayak,Half Day,1,93.60,None,0.00,0.00,93.60,Chloe Nguyen,Harbor Dock,Mobile Pay,Sunny
WSR-2026-1403,2026-07-12,July,Sunday,Summer,Online Booking,Surfboard,Full Day,1,91.20,Dry Bag,6.00,0.00,97.20,Ben Carter,Resort Pier,Debit Card,Sunny
WSR-2026-1404,2026-07-12,July,Sunday,Summer,Group/Event,Stand-Up Paddle Board,Half Day,1,74.40,None,0.00,7.44,66.96,Finn Johnson,Marina Kiosk,Gift Card,Sunny
WSR-2026-1405,2026-07-12,July,Sunday,Summer,Online Booking,Surfboard,1 Hour,1,26.40,None,0.00,0.00,26.40,Finn Johnson,Beachfront Hut,Credit Card,Sunny
WSR-2026-1406,2026-07-12,July,Sunday,Summer,Group/Event,Pedal Boat,2 Hours,1,69.60,GoPro Mount,8.00,3.88,73.72,Diego Ramirez,Resort Pier,Credit Card,Sunny
WSR-2026-1407,2026-07-12,July,Sunday,Summer,Walk-in,Single Kayak,Half Day,1,69.60,Cooler Rental,10.00,0.00,79.60,Hannah Brooks,Lagoon Launch,Credit Card,Sunny
WSR-2026-1408,2026-07-12,July,Sunday,Summer,Online Booking,Stand-Up Paddle Board,2 Hours,1,50.40,None,0.00,0.00,50.40,Finn Johnson,Beachfront Hut,Debit Card,Sunny
WSR-2026-1409,2026-07-12,July,Sunday,Summer,Online Booking,Single Kayak,2 Hours,1,45.60,None,0.00,0.00,45.60,Isaac Patel,Beachfront Hut,Debit Card,Cloudy
WSR-2026-1410,2026-07-12,July,Sunday,Summer,Online Booking,Surfboard,1 Hour,1,26.40,None,0.00,0.00,26.40,Mia Thompson,Beachfront Hut,Debit Card,Sunny
WSR-2026-1411,2026-07-12,July,Sunday,Summer,Group/Event,Wetsuit Rental,2 Hours,1,19.20,None,0.00,0.00,19.20,Mia Thompson,Beachfront Hut,Credit Card,Sunny
WSR-2026-1412,2026-07-12,July,Sunday,Summer,Online Booking,Pedal Boat,1 Hour,1,43.20,GoPro Mount,8.00,0.00,51.20,Chloe Nguyen,Resort Pier,Credit Card,Sunny
WSR-2026-1413,2026-07-12,July,Sunday,Summer,Resort Guest,Stand-Up Paddle Board,1 Hour,1,31.20,Dry Bag,6.00,0.00,37.20,Mia Thompson,Resort Pier,Credit Card,Sunny
WSR-2026-1414,2026-07-12,July,Sunday,Summer,Walk-in,Snorkel Set,Half Day,1,33.60,None,0.00,1.68,31.92,Chloe Nguyen,Resort Pier,Credit Card,Sunny
WSR-2026-1415,2026-07-12,July,Sunday,Summer,Group/Event,Stand-Up Paddle Board,2 Hours,1,50.40,None,0.00,2.52,47.88,Finn Johnson,Beachfront Hut,Credit Card,Sunny
WSR-2026-1416,2026-07-12,July,Sunday,Summer,Walk-in,Bodyboard,2 Hours,1,26.40,None,0.00,0.00,26.40,Ben Carter,Lagoon Launch,Credit Card,Sunny
WSR-2026-1417,2026-07-13,July,Monday,Summer,Walk-in,Single Kayak,Half Day,1,64.96,None,0.00,0.00,64.96,Finn Johnson,Beachfront Hut,Cash,Sunny
WSR-2026-1418,2026-07-13,July,Monday,Summer,Walk-in,Pedal Boat,2 Hours,1,64.96,None,0.00,0.00,64.96,Ava Martinez,Resort Pier,Credit Card,Cloudy
WSR-2026-1419,2026-07-13,July,Monday,Summer,Walk-in,Bodyboard,2 Hours,1,24.64,Premium Life Jacket,7.00,0.00,31.64,Ava Martinez,Lagoon Launch,Credit Card,Sunny
WSR-2026-1420,2026-07-13,July,Monday,Summer,Resort Guest,Stand-Up Paddle Board,Full Day,1,98.56,Dry Bag,6.00,0.00,104.56,Finn Johnson,Beachfront Hut,Cash,Sunny
WSR-2026-1421,2026-07-13,July,Monday,Summer,Online Booking,Stand-Up Paddle Board,1 Hour,1,29.12,Dry Bag,6.00,0.00,35.12,Diego Ramirez,Beachfront Hut,Mobile Pay,Sunny
WSR-2026-1422,2026-07-13,July,Monday,Summer,Online Booking,Fishing Kayak,Half Day,1,85.12,Premium Life Jacket,7.00,0.00,92.12,Finn Johnson,Marina Kiosk,Cash,Sunny
WSR-2026-1423,2026-07-13,July,Monday,Summer,Walk-in,Stand-Up Paddle Board,1 Hour,1,29.12,Dry Bag,6.00,0.00,35.12,Diego Ramirez,Lagoon Launch,Debit Card,Sunny
WSR-2026-1424,2026-07-13,July,Monday,Summer,Resort Guest,Surfboard,Full Day,1,85.12,None,0.00,0.00,85.12,Finn Johnson,Beachfront Hut,Debit Card,Sunny
WSR-2026-1425,2026-07-13,July,Monday,Summer,Walk-in,Surfboard,1 Hour,1,24.64,Phone Pouch,5.00,0.00,29.64,Ava Martinez,Harbor Dock,Mobile Pay,Sunny
WSR-2026-1426,2026-07-13,July,Monday,Summer,Walk-in,Hydro Bike,2 Hours,1,53.76,Phone Pouch,5.00,0.00,58.76,Mia Thompson,Beachfront Hut,Debit Card,Cloudy
WSR-2026-1427,2026-07-13,July,Monday,Summer,Walk-in,Wetsuit Rental,1 Hour,1,11.20,None,0.00,0.00,11.20,Chloe Nguyen,Marina Kiosk,Credit Card,Sunny
WSR-2026-1428,2026-07-13,July,Monday,Summer,Walk-in,Surfboard,2 Hours,1,40.32,None,0.00,0.00,40.32,Isaac Patel,Resort Pier,Debit Card,Sunny
WSR-2026-1429,2026-07-14,July,Tuesday,Summer,Walk-in,Surfboard,Half Day,1,60.48,Premium Life Jacket,7.00,0.00,67.48,Mia Thompson,Marina Kiosk,Credit Card,Sunny
WSR-2026-1430,2026-07-14,July,Tuesday,Summer,Online Booking,Stand-Up Paddle Board,Full Day,1,98.56,None,0.00,4.93,93.63,Diego Ramirez,Resort Pier,Gift Card,Sunny
WSR-2026-1431,2026-07-14,July,Tuesday,Summer,Group/Event,Fishing Kayak,1 Hour,1,35.84,None,0.00,0.00,35.84,Hannah Brooks,Beachfront Hut,Debit Card,Cloudy
WSR-2026-1432,2026-07-14,July,Tuesday,Summer,Resort Guest,Single Kayak,1 Hour,1,26.88,None,0.00,0.00,26.88,Isaac Patel,Harbor Dock,Debit Card,Sunny
WSR-2026-1433,2026-07-14,July,Tuesday,Summer,Group/Event,Single Kayak,Half Day,1,64.96,Dry Bag,6.00,3.55,67.41,Chloe Nguyen,Beachfront Hut,Credit Card,Sunny
WSR-2026-1434,2026-07-14,July,Tuesday,Summer,Resort Guest,Stand-Up Paddle Board,2 Hours,1,47.04,None,0.00,0.00,47.04,Grace Lee,Beachfront Hut,Cash,Cloudy
WSR-2026-1435,2026-07-14,July,Tuesday,Summer,Resort Guest,Stand-Up Paddle Board,1 Hour,1,29.12,None,0.00,0.00,29.12,Emma Wilson,Marina Kiosk,Credit Card,Sunny
WSR-2026-1436,2026-07-14,July,Tuesday,Summer,Walk-in,Single Kayak,1 Hour,1,26.88,GoPro Mount,8.00,0.00,34.88,Hannah Brooks,Marina Kiosk,Mobile Pay,Sunny
WSR-2026-1437,2026-07-14,July,Tuesday,Summer,Online Booking,Snorkel Set,2 Hours,1,20.16,None,0.00,0.00,20.16,Ben Carter,Marina Kiosk,Credit Card,Sunny
WSR-2026-1438,2026-07-14,July,Tuesday,Summer,Resort Guest,Tandem Kayak,2 Hours,1,58.24,None,0.00,0.00,58.24,Finn Johnson,Beachfront Hut,Mobile Pay,Windy
WSR-2026-1439,2026-07-14,July,Tuesday,Summer,Online Booking,Tandem Kayak,1 Hour,1,38.08,Dry Bag,6.00,0.00,44.08,Hannah Brooks,Beachfront Hut,Mobile Pay,Sunny
WSR-2026-1440,2026-07-14,July,Tuesday,Summer,Online Booking,Snorkel Set,2 Hours,1,20.16,Phone Pouch,5.00,0.00,25.16,Finn Johnson,Beachfront Hut,Mobile Pay,Sunny
WSR-2026-1441,2026-07-14,July,Tuesday,Summer,Resort Guest,Stand-Up Paddle Board,Full Day,1,98.56,Cooler Rental,10.00,0.00,108.56,Chloe Nguyen,Lagoon Launch,Credit Card,Sunny
WSR-2026-1442,2026-07-14,July,Tuesday,Summer,Resort Guest,Snorkel Set,2 Hours,1,20.16,Dry Bag,6.00,0.00,26.16,Diego Ramirez,Beachfront Hut,Mobile Pay,Sunny
WSR-2026-1443,2026-07-14,July,Tuesday,Summer,Resort Guest,Tandem Kayak,1 Hour,1,38.08,GoPro Mount,8.00,0.00,46.08,Grace Lee,Beachfront Hut,Mobile Pay,Sunny
WSR-2026-1444,2026-07-14,July,Tuesday,Summer,Walk-in,Pedal Boat,2 Hours,1,64.96,Dry Bag,6.00,0.00,70.96,Ben Carter,Lagoon Launch,Credit Card,Cloudy
WSR-2026-1445,2026-07-14,July,Tuesday,Summer,Online Booking,Stand-Up Paddle Board,2 Hours,1,47.04,None,0.00,0.00,47.04,Mia Thompson,Lagoon Launch,Credit Card,Windy
WSR-2026-1446,2026-07-15,July,Wednesday,Summer,Walk-in,Wetsuit Rental,2 Hours,1,17.92,None,0.00,0.00,17.92,Mia Thompson,Beachfront Hut,Cash,Sunny
WSR-2026-1447,2026-07-15,July,Wednesday,Summer,Online Booking,Snorkel Set,Half Day,1,31.36,None,0.00,0.00,31.36,Chloe Nguyen,Resort Pier,Debit Card,Cloudy
WSR-2026-1448,2026-07-15,July,Wednesday,Summer,Online Booking,Bodyboard,2 Hours,1,24.64,Cooler Rental,10.00,0.00,34.64,Grace Lee,Lagoon Launch,Debit Card,Sunny
WSR-2026-1449,2026-07-15,July,Wednesday,Summer,Group/Event,Tandem Kayak,2 Hours,1,58.24,GoPro Mount,8.00,0.00,66.24,Ben Carter,Lagoon Launch,Gift Card,Sunny
WSR-2026-1450,2026-07-15,July,Wednesday,Summer,Online Booking,Stand-Up Paddle Board,1 Hour,1,29.12,GoPro Mount,8.00,0.00,37.12,Emma Wilson,Lagoon Launch,Mobile Pay,Sunny
WSR-2026-1451,2026-07-15,July,Wednesday,Summer,Group/Event,Tandem Kayak,Half Day,1,87.36,Cooler Rental,10.00,0.00,97.36,Hannah Brooks,Resort Pier,Credit Card,Windy
WSR-2026-1452,2026-07-15,July,Wednesday,Summer,Online Booking,Wetsuit Rental,Half Day,1,26.88,None,0.00,0.00,26.88,Chloe Nguyen,Resort Pier,Credit Card,Sunny
WSR-2026-1453,2026-07-15,July,Wednesday,Summer,Online Booking,Tandem Kayak,1 Hour,1,38.08,None,0.00,0.00,38.08,Finn Johnson,Harbor Dock,Debit Card,Sunny
WSR-2026-1454,2026-07-15,July,Wednesday,Summer,Resort Guest,Stand-Up Paddle Board,2 Hours,1,47.04,None,0.00,0.00,47.04,Isaac Patel,Marina Kiosk,Credit Card,Sunny
WSR-2026-1455,2026-07-15,July,Wednesday,Summer,Resort Guest,Single Kayak,1 Hour,1,26.88,Phone Pouch,5.00,0.00,31.88,Diego Ramirez,Harbor Dock,Credit Card,Sunny
WSR-2026-1456,2026-07-15,July,Wednesday,Summer,Online Booking,Single Kayak,Half Day,1,64.96,Phone Pouch,5.00,0.00,69.96,Mia Thompson,Marina Kiosk,Mobile Pay,Sunny
WSR-2026-1457,2026-07-15,July,Wednesday,Summer,Walk-in,Surfboard,Half Day,1,60.48,Dry Bag,6.00,0.00,66.48,Diego Ramirez,Resort Pier,Credit Card,Sunny
WSR-2026-1458,2026-07-15,July,Wednesday,Summer,Walk-in,Surfboard,2 Hours,1,40.32,Dry Bag,6.00,0.00,46.32,Hannah Brooks,Beachfront Hut,Credit Card,Sunny
WSR-2026-1459,2026-07-15,July,Wednesday,Summer,Online Booking,Snorkel Set,Half Day,1,31.36,None,0.00,0.00,31.36,Ava Martinez,Lagoon Launch,Gift Card,Sunny
WSR-2026-1460,2026-07-15,July,Wednesday,Summer,Resort Guest,Tandem Kayak,1 Hour,1,38.08,Dry Bag,6.00,0.00,44.08,Diego Ramirez,Lagoon Launch,Cash,Cloudy
WSR-2026-1461,2026-07-15,July,Wednesday,Summer,Online Booking,Single Kayak,Half Day,1,64.96,GoPro Mount,8.00,0.00,72.96,Grace Lee,Resort Pier,Credit Card,Cloudy
WSR-2026-1462,2026-07-16,July,Thursday,Summer,Resort Guest,Surfboard,Half Day,1,60.48,None,0.00,0.00,60.48,Ben Carter,Beachfront Hut,Credit Card,Sunny
WSR-2026-1463,2026-07-16,July,Thursday,Summer,Walk-in,Stand-Up Paddle Board,2 Hours,1,47.04,Waterproof Speaker,12.00,0.00,59.04,Ava Martinez,Harbor Dock,Mobile Pay,Cloudy
WSR-2026-1464,2026-07-16,July,Thursday,Summer,Group/Event,Single Kayak,Full Day,1,94.08,None,0.00,4.70,89.38,Finn Johnson,Marina Kiosk,Credit Card,Sunny
WSR-2026-1465,2026-07-16,July,Thursday,Summer,Walk-in,Single Kayak,2 Hours,1,42.56,Phone Pouch,5.00,0.00,47.56,Emma Wilson,Resort Pier,Credit Card,Sunny
WSR-2026-1466,2026-07-16,July,Thursday,Summer,Online Booking,Single Kayak,1 Hour,1,26.88,Waterproof Speaker,12.00,0.00,38.88,Chloe Nguyen,Beachfront Hut,Cash,Sunny
WSR-2026-1467,2026-07-16,July,Thursday,Summer,Resort Guest,Surfboard,1 Hour,1,24.64,None,0.00,0.00,24.64,Ben Carter,Resort Pier,Credit Card,Cloudy
WSR-2026-1468,2026-07-16,July,Thursday,Summer,Resort Guest,Wetsuit Rental,2 Hours,1,17.92,None,0.00,0.00,17.92,Hannah Brooks,Resort Pier,Credit Card,Sunny
WSR-2026-1469,2026-07-16,July,Thursday,Summer,Online Booking,Bodyboard,Full Day,1,53.76,None,0.00,0.00,53.76,Chloe Nguyen,Marina Kiosk,Mobile Pay,Sunny
WSR-2026-1470,2026-07-16,July,Thursday,Summer,Walk-in,Hydro Bike,2 Hours,1,53.76,None,0.00,2.69,51.07,Ava Martinez,Resort Pier,Credit Card,Sunny
WSR-2026-1471,2026-07-16,July,Thursday,Summer,Online Booking,Hydro Bike,Half Day,1,80.64,None,0.00,0.00,80.64,Chloe Nguyen,Harbor Dock,Debit Card,Sunny
WSR-2026-1472,2026-07-16,July,Thursday,Summer,Walk-in,Single Kayak,1 Hour,1,26.88,Phone Pouch,5.00,0.00,31.88,Ava Martinez,Resort Pier,Credit Card,Sunny
WSR-2026-1473,2026-07-16,July,Thursday,Summer,Online Booking,Wetsuit Rental,Half Day,1,26.88,None,0.00,1.34,25.54,Emma Wilson,Beachfront Hut,Credit Card,Sunny
WSR-2026-1474,2026-07-16,July,Thursday,Summer,Resort Guest,Stand-Up Paddle Board,Full Day,1,98.56,None,0.00,0.00,98.56,Mia Thompson,Marina Kiosk,Credit Card,Cloudy
WSR-2026-1475,2026-07-16,July,Thursday,Summer,Walk-in,Single Kayak,Half Day,1,64.96,Dry Bag,6.00,0.00,70.96,Emma Wilson,Resort Pier,Debit Card,Sunny
WSR-2026-1476,2026-07-16,July,Thursday,Summer,Online Booking,Bodyboard,2 Hours,1,24.64,None,0.00,0.00,24.64,Chloe Nguyen,Beachfront Hut,Debit Card,Sunny
WSR-2026-1477,2026-07-16,July,Thursday,Summer,Group/Event,Hydro Bike,Full Day,1,116.48,Cooler Rental,10.00,6.32,120.16,Emma Wilson,Beachfront Hut,Credit Card,Sunny
WSR-2026-1478,2026-07-16,July,Thursday,Summer,Resort Guest,Stand-Up Paddle Board,Half Day,1,69.44,None,0.00,3.47,65.97,Mia Thompson,Marina Kiosk,Credit Card,Sunny
WSR-2026-1479,2026-07-16,July,Thursday,Summer,Walk-in,Wetsuit Rental,2 Hours,1,17.92,None,0.00,0.00,17.92,Emma Wilson,Marina Kiosk,Debit Card,Sunny
WSR-2026-1480,2026-07-16,July,Thursday,Summer,Online Booking,Tandem Kayak,1 Hour,1,38.08,Dry Bag,6.00,0.00,44.08,Mia Thompson,Harbor Dock,Cash,Sunny
WSR-2026-1481,2026-07-16,July,Thursday,Summer,Resort Guest,Bodyboard,Half Day,1,38.08,Dry Bag,6.00,0.00,44.08,Grace Lee,Harbor Dock,Credit Card,Sunny
WSR-2026-1482,2026-07-16,July,Thursday,Summer,Walk-in,Tandem Kayak,2 Hours,1,58.24,Dry Bag,6.00,0.00,64.24,Finn Johnson,Marina Kiosk,Mobile Pay,Sunny
WSR-2026-1483,2026-07-16,July,Thursday,Summer,Online Booking,Surfboard,Full Day,1,85.12,Phone Pouch,5.00,0.00,90.12,Finn Johnson,Harbor Dock,Cash,Sunny
WSR-2026-1484,2026-07-17,July,Friday,Summer,Online Booking,Surfboard,1 Hour,1,24.64,None,0.00,0.00,24.64,Ben Carter,Lagoon Launch,Mobile Pay,Sunny
WSR-2026-1485,2026-07-17,July,Friday,Summer,Resort Guest,Surfboard,1 Hour,1,24.64,GoPro Mount,8.00,0.00,32.64,Ben Carter,Resort Pier,Debit Card,Sunny
WSR-2026-1486,2026-07-17,July,Friday,Summer,Member,Surfboard,Full Day,1,85.12,None,0.00,8.51,76.61,Ava Martinez,Lagoon Launch,Credit Card,Sunny
WSR-2026-1487,2026-07-17,July,Friday,Summer,Walk-in,Wetsuit Rental,2 Hours,1,17.92,None,0.00,0.00,17.92,Isaac Patel,Resort Pier,Mobile Pay,Sunny
WSR-2026-1488,2026-07-17,July,Friday,Summer,Online Booking,Stand-Up Paddle Board,Half Day,1,69.44,Phone Pouch,5.00,0.00,74.44,Grace Lee,Lagoon Launch,Credit Card,Windy
WSR-2026-1489,2026-07-17,July,Friday,Summer,Resort Guest,Fishing Kayak,Full Day,1,123.20,None,0.00,0.00,123.20,Hannah Brooks,Resort Pier,Debit Card,Sunny
WSR-2026-1490,2026-07-17,July,Friday,Summer,Group/Event,Wetsuit Rental,2 Hours,1,17.92,Cooler Rental,10.00,0.00,27.92,Mia Thompson,Harbor Dock,Cash,Sunny
WSR-2026-1491,2026-07-17,July,Friday,Summer,Group/Event,Surfboard,Full Day,1,85.12,Dry Bag,6.00,0.00,91.12,Mia Thompson,Marina Kiosk,Mobile Pay,Sunny
WSR-2026-1492,2026-07-17,July,Friday,Summer,Online Booking,Single Kayak,Half Day,1,64.96,Cooler Rental,10.00,0.00,74.96,Emma Wilson,Beachfront Hut,Debit Card,Sunny
WSR-2026-1493,2026-07-17,July,Friday,Summer,Walk-in,Stand-Up Paddle Board,2 Hours,1,47.04,None,0.00,0.00,47.04,Chloe Nguyen,Harbor Dock,Credit Card,Sunny
WSR-2026-1494,2026-07-17,July,Friday,Summer,Walk-in,Bodyboard,Half Day,1,38.08,None,0.00,0.00,38.08,Chloe Nguyen,Marina Kiosk,Credit Card,Sunny
WSR-2026-1495,2026-07-17,July,Friday,Summer,Group/Event,Single Kayak,1 Hour,1,26.88,Phone Pouch,5.00,3.19,28.69,Chloe Nguyen,Beachfront Hut,Debit Card,Sunny
WSR-2026-1496,2026-07-17,July,Friday,Summer,Resort Guest,Fishing Kayak,1 Hour,1,35.84,None,0.00,0.00,35.84,Grace Lee,Marina Kiosk,Debit Card,Sunny
WSR-2026-1497,2026-07-17,July,Friday,Summer,Resort Guest,Single Kayak,2 Hours,1,42.56,None,0.00,0.00,42.56,Hannah Brooks,Marina Kiosk,Credit Card,Sunny
WSR-2026-1498,2026-07-17,July,Friday,Summer,Walk-in,Stand-Up Paddle Board,2 Hours,1,47.04,Dry Bag,6.00,0.00,53.04,Hannah Brooks,Resort Pier,Debit Card,Sunny
WSR-2026-1499,2026-07-17,July,Friday,Summer,Group/Event,Stand-Up Paddle Board,1 Hour,1,29.12,Dry Bag,6.00,3.51,31.61,Grace Lee,Marina Kiosk,Credit Card,Sunny
WSR-2026-1500,2026-07-17,July,Friday,Summer,Resort Guest,Fishing Kayak,Full Day,1,123.20,None,0.00,0.00,123.20,Diego Ramirez,Beachfront Hut,Cash,Windy
WSR-2026-1501,2026-07-17,July,Friday,Summer,Online Booking,Stand-Up Paddle Board,1 Hour,1,29.12,None,0.00,0.00,29.12,Ben Carter,Lagoon Launch,Credit Card,Sunny
WSR-2026-1502,2026-07-17,July,Friday,Summer,Resort Guest,Wetsuit Rental,2 Hours,1,17.92,Cooler Rental,10.00,0.00,27.92,Finn Johnson,Beachfront Hut,Credit Card,Windy
WSR-2026-1503,2026-07-17,July,Friday,Summer,Walk-in,Wetsuit Rental,Half Day,1,26.88,None,0.00,0.00,26.88,Chloe Nguyen,Harbor Dock,Mobile Pay,Sunny
WSR-2026-1504,2026-07-17,July,Friday,Summer,Member,Tandem Kayak,2 Hours,1,58.24,GoPro Mount,8.00,9.94,56.30,Finn Johnson,Harbor Dock,Credit Card,Sunny
WSR-2026-1505,2026-07-17,July,Friday,Summer,Walk-in,Single Kayak,1 Hour,1,26.88,Cooler Rental,10.00,0.00,36.88,Hannah Brooks,Beachfront Hut,Credit Card,Sunny
WSR-2026-1506,2026-07-17,July,Friday,Summer,Member,Surfboard,Half Day,1,60.48,Cooler Rental,10.00,10.57,59.91,Ava Martinez,Beachfront Hut,Debit Card,Sunny
WSR-2026-1507,2026-07-17,July,Friday,Summer,Walk-in,Single Kayak,1 Hour,1,26.88,Waterproof Speaker,12.00,0.00,38.88,Emma Wilson,Marina Kiosk,Credit Card,Cloudy
WSR-2026-1508,2026-07-18,July,Saturday,Summer,Group/Event,Single Kayak,1 Hour,1,28.80,None,0.00,1.44,27.36,Emma Wilson,Lagoon Launch,Credit Card,Sunny
WSR-2026-1509,2026-07-18,July,Saturday,Summer,Walk-in,Tandem Kayak,1 Hour,1,40.80,None,0.00,2.04,38.76,Finn Johnson,Marina Kiosk,Mobile Pay,Sunny
WSR-2026-1510,2026-07-18,July,Saturday,Summer,Group/Event,Snorkel Set,Full Day,1,48.00,None,0.00,4.80,43.20,Ben Carter,Lagoon Launch,Debit Card,Sunny
WSR-2026-1511,2026-07-18,July,Saturday,Summer,Online Booking,Surfboard,1 Hour,1,26.40,Waterproof Speaker,12.00,1.92,36.48,Diego Ramirez,Resort Pier,Credit Card,Sunny
WSR-2026-1512,2026-07-18,July,Saturday,Summer,Group/Event,Stand-Up Paddle Board,2 Hours,1,50.40,None,0.00,0.00,50.40,Isaac Patel,Resort Pier,Credit Card,Sunny
WSR-2026-1513,2026-07-18,July,Saturday,Summer,Online Booking,Stand-Up Paddle Board,1 Hour,1,31.20,Phone Pouch,5.00,0.00,36.20,Mia Thompson,Resort Pier,Credit Card,Sunny
WSR-2026-1514,2026-07-18,July,Saturday,Summer,Online Booking,Stand-Up Paddle Board,Full Day,1,105.60,None,0.00,0.00,105.60,Ava Martinez,Lagoon Launch,Debit Card,Windy
WSR-2026-1515,2026-07-18,July,Saturday,Summer,Walk-in,Hydro Bike,1 Hour,1,36.00,None,0.00,0.00,36.00,Ben Carter,Marina Kiosk,Gift Card,Sunny
WSR-2026-1516,2026-07-18,July,Saturday,Summer,Walk-in,Fishing Kayak,Half Day,1,91.20,None,0.00,0.00,91.20,Diego Ramirez,Harbor Dock,Credit Card,Sunny
WSR-2026-1517,2026-07-18,July,Saturday,Summer,Online Booking,Snorkel Set,2 Hours,1,21.60,None,0.00,0.00,21.60,Mia Thompson,Beachfront Hut,Credit Card,Sunny
WSR-2026-1518,2026-07-18,July,Saturday,Summer,Online Booking,Tandem Kayak,2 Hours,1,62.40,None,0.00,3.12,59.28,Grace Lee,Resort Pier,Credit Card,Sunny
WSR-2026-1519,2026-07-18,July,Saturday,Summer,Walk-in,Stand-Up Paddle Board,2 Hours,1,50.40,None,0.00,0.00,50.40,Diego Ramirez,Lagoon Launch,Cash,Sunny
WSR-2026-1520,2026-07-18,July,Saturday,Summer,Online Booking,Surfboard,2 Hours,1,43.20,None,0.00,0.00,43.20,Chloe Nguyen,Harbor Dock,Cash,Windy
WSR-2026-1521,2026-07-18,July,Saturday,Summer,Online Booking,Tandem Kayak,Half Day,1,93.60,None,0.00,0.00,93.60,Ava Martinez,Marina Kiosk,Cash,Sunny
WSR-2026-1522,2026-07-18,July,Saturday,Summer,Resort Guest,Tandem Kayak,1 Hour,1,40.80,GoPro Mount,8.00,2.44,46.36,Ben Carter,Lagoon Launch,Credit Card,Sunny
WSR-2026-1523,2026-07-18,July,Saturday,Summer,Online Booking,Stand-Up Paddle Board,1 Hour,1,31.20,GoPro Mount,8.00,0.00,39.20,Chloe Nguyen,Harbor Dock,Credit Card,Sunny
WSR-2026-1524,2026-07-18,July,Saturday,Summer,Walk-in,Surfboard,1 Hour,1,26.40,Phone Pouch,5.00,0.00,31.40,Ben Carter,Beachfront Hut,Credit Card,Sunny
WSR-2026-1525,2026-07-18,July,Saturday,Summer,Online Booking,Single Kayak,Half Day,1,69.60,Premium Life Jacket,7.00,0.00,76.60,Grace Lee,Lagoon Launch,Credit Card,Cloudy
WSR-2026-1526,2026-07-18,July,Saturday,Summer,Walk-in,Surfboard,2 Hours,1,43.20,None,0.00,0.00,43.20,Ava Martinez,Lagoon Launch,Mobile Pay,Cloudy
WSR-2026-1527,2026-07-18,July,Saturday,Summer,Resort Guest,Hydro Bike,1 Hour,1,36.00,Phone Pouch,5.00,0.00,41.00,Ava Martinez,Resort Pier,Credit Card,Sunny
WSR-2026-1528,2026-07-18,July,Saturday,Summer,Resort Guest,Stand-Up Paddle Board,2 Hours,1,50.40,Premium Life Jacket,7.00,0.00,57.40,Isaac Patel,Beachfront Hut,Debit Card,Cloudy
WSR-2026-1529,2026-07-18,July,Saturday,Summer,Group/Event,Stand-Up Paddle Board,Full Day,1,105.60,Waterproof Speaker,12.00,5.88,111.72,Emma Wilson,Marina Kiosk,Cash,Cloudy
WSR-2026-1530,2026-07-18,July,Saturday,Summer,Walk-in,Surfboard,2 Hours,1,43.20,None,0.00,0.00,43.20,Ben Carter,Lagoon Launch,Credit Card,Sunny
WSR-2026-1531,2026-07-18,July,Saturday,Summer,Online Booking,Stand-Up Paddle Board,1 Hour,1,31.20,Dry Bag,6.00,0.00,37.20,Hannah Brooks,Harbor Dock,Debit Card,Sunny
WSR-2026-1532,2026-07-18,July,Saturday,Summer,Member,Hydro Bike,1 Hour,1,36.00,Premium Life Jacket,7.00,4.30,38.70,Chloe Nguyen,Harbor Dock,Debit Card,Sunny
WSR-2026-1533,2026-07-18,July,Saturday,Summer,Walk-in,Tandem Kayak,1 Hour,1,40.80,GoPro Mount,8.00,0.00,48.80,Chloe Nguyen,Harbor Dock,Debit Card,Sunny
WSR-2026-1534,2026-07-18,July,Saturday,Summer,Resort Guest,Tandem Kayak,2 Hours,1,62.40,None,0.00,0.00,62.40,Ben Carter,Harbor Dock,Credit Card,Windy
WSR-2026-1535,2026-07-19,July,Sunday,Summer,Online Booking,Single Kayak,Half Day,1,69.60,GoPro Mount,8.00,0.00,77.60,Hannah Brooks,Marina Kiosk,Debit Card,Sunny
WSR-2026-1536,2026-07-19,July,Sunday,Summer,Online Booking,Hydro Bike,1 Hour,1,36.00,GoPro Mount,8.00,0.00,44.00,Chloe Nguyen,Lagoon Launch,Debit Card,Sunny
WSR-2026-1537,2026-07-19,July,Sunday,Summer,Walk-in,Single Kayak,1 Hour,1,28.80,Cooler Rental,10.00,0.00,38.80,Grace Lee,Harbor Dock,Mobile Pay,Sunny
WSR-2026-1538,2026-07-19,July,Sunday,Summer,Resort Guest,Single Kayak,2 Hours,1,45.60,None,0.00,0.00,45.60,Mia Thompson,Harbor Dock,Credit Card,Sunny
WSR-2026-1539,2026-07-19,July,Sunday,Summer,Member,Tandem Kayak,2 Hours,1,62.40,Premium Life Jacket,7.00,10.41,58.99,Grace Lee,Resort Pier,Cash,Sunny
WSR-2026-1540,2026-07-19,July,Sunday,Summer,Walk-in,Fishing Kayak,2 Hours,1,60.00,None,0.00,3.00,57.00,Mia Thompson,Harbor Dock,Debit Card,Sunny
WSR-2026-1541,2026-07-19,July,Sunday,Summer,Walk-in,Stand-Up Paddle Board,2 Hours,1,50.40,Waterproof Speaker,12.00,0.00,62.40,Diego Ramirez,Beachfront Hut,Credit Card,Sunny
WSR-2026-1542,2026-07-19,July,Sunday,Summer,Walk-in,Bodyboard,2 Hours,1,26.40,None,0.00,0.00,26.40,Isaac Patel,Lagoon Launch,Debit Card,Sunny
WSR-2026-1543,2026-07-19,July,Sunday,Summer,Resort Guest,Surfboard,2 Hours,1,43.20,None,0.00,0.00,43.20,Grace Lee,Lagoon Launch,Credit Card,Sunny
WSR-2026-1544,2026-07-19,July,Sunday,Summer,Online Booking,Single Kayak,2 Hours,1,45.60,Phone Pouch,5.00,0.00,50.60,Hannah Brooks,Resort Pier,Debit Card,Sunny
WSR-2026-1545,2026-07-19,July,Sunday,Summer,Walk-in,Surfboard,2 Hours,1,43.20,Cooler Rental,10.00,0.00,53.20,Ava Martinez,Lagoon Launch,Debit Card,Sunny
WSR-2026-1546,2026-07-19,July,Sunday,Summer,Group/Event,Hydro Bike,1 Hour,1,36.00,Phone Pouch,5.00,2.05,38.95,Diego Ramirez,Harbor Dock,Cash,Cloudy
WSR-2026-1547,2026-07-19,July,Sunday,Summer,Member,Wetsuit Rental,2 Hours,1,19.20,Phone Pouch,5.00,2.42,21.78,Chloe Nguyen,Beachfront Hut,Mobile Pay,Sunny
WSR-2026-1548,2026-07-19,July,Sunday,Summer,Walk-in,Surfboard,1 Hour,1,26.40,Dry Bag,6.00,0.00,32.40,Mia Thompson,Resort Pier,Debit Card,Sunny
WSR-2026-1549,2026-07-19,July,Sunday,Summer,Online Booking,Hydro Bike,Full Day,1,124.80,Premium Life Jacket,7.00,0.00,131.80,Emma Wilson,Harbor Dock,Cash,Sunny
WSR-2026-1550,2026-07-19,July,Sunday,Summer,Walk-in,Tandem Kayak,1 Hour,1,40.80,None,0.00,0.00,40.80,Ben Carter,Harbor Dock,Credit Card,Sunny
WSR-2026-1551,2026-07-19,July,Sunday,Summer,Walk-in,Stand-Up Paddle Board,2 Hours,1,50.40,Waterproof Speaker,12.00,0.00,62.40,Grace Lee,Resort Pier,Mobile Pay,Sunny
WSR-2026-1552,2026-07-19,July,Sunday,Summer,Online Booking,Bodyboard,1 Hour,1,16.80,GoPro Mount,8.00,0.00,24.80,Diego Ramirez,Harbor Dock,Credit Card,Windy
WSR-2026-1553,2026-07-19,July,Sunday,Summer,Group/Event,Tandem Kayak,2 Hours,1,62.40,Phone Pouch,5.00,6.74,60.66,Mia Thompson,Resort Pier,Debit Card,Sunny
WSR-2026-1554,2026-07-19,July,Sunday,Summer,Resort Guest,Stand-Up Paddle Board,2 Hours,1,50.40,Cooler Rental,10.00,0.00,60.40,Ben Carter,Lagoon Launch,Credit Card,Rainy
WSR-2026-1555,2026-07-19,July,Sunday,Summer,Walk-in,Tandem Kayak,Half Day,1,93.60,None,0.00,0.00,93.60,Mia Thompson,Marina Kiosk,Mobile Pay,Sunny
WSR-2026-1556,2026-07-19,July,Sunday,Summer,Group/Event,Single Kayak,2 Hours,1,45.60,Premium Life Jacket,7.00,5.26,47.34,Finn Johnson,Marina Kiosk,Mobile Pay,Sunny
WSR-2026-1557,2026-07-19,July,Sunday,Summer,Online Booking,Fishing Kayak,1 Hour,1,38.40,Cooler Rental,10.00,0.00,48.40,Chloe Nguyen,Harbor Dock,Credit Card,Sunny
WSR-2026-1558,2026-07-19,July,Sunday,Summer,Walk-in,Fishing Kayak,1 Hour,1,38.40,None,0.00,0.00,38.40,Mia Thompson,Beachfront Hut,Gift Card,Sunny
WSR-2026-1559,2026-07-19,July,Sunday,Summer,Online Booking,Stand-Up Paddle Board,1 Hour,1,31.20,GoPro Mount,8.00,0.00,39.20,Chloe Nguyen,Resort Pier,Debit Card,Sunny
WSR-2026-1560,2026-07-20,July,Monday,Summer,Resort Guest,Single Kayak,Half Day,1,64.96,None,0.00,0.00,64.96,Chloe Nguyen,Beachfront Hut,Credit Card,Sunny
WSR-2026-1561,2026-07-20,July,Monday,Summer,Online Booking,Surfboard,2 Hours,1,40.32,None,0.00,2.02,38.30,Chloe Nguyen,Marina Kiosk,Debit Card,Sunny
WSR-2026-1562,2026-07-20,July,Monday,Summer,Online Booking,Surfboard,1 Hour,1,24.64,Phone Pouch,5.00,0.00,29.64,Hannah Brooks,Harbor Dock,Credit Card,Sunny
WSR-2026-1563,2026-07-20,July,Monday,Summer,Online Booking,Surfboard,1 Hour,1,24.64,None,0.00,0.00,24.64,Diego Ramirez,Resort Pier,Credit Card,Sunny
WSR-2026-1564,2026-07-20,July,Monday,Summer,Resort Guest,Single Kayak,2 Hours,1,42.56,Premium Life Jacket,7.00,0.00,49.56,Mia Thompson,Resort Pier,Debit Card,Cloudy
WSR-2026-1565,2026-07-20,July,Monday,Summer,Member,Single Kayak,1 Hour,1,26.88,Dry Bag,6.00,3.29,29.59,Hannah Brooks,Resort Pier,Credit Card,Sunny
WSR-2026-1566,2026-07-20,July,Monday,Summer,Walk-in,Single Kayak,2 Hours,1,42.56,None,0.00,0.00,42.56,Emma Wilson,Marina Kiosk,Credit Card,Sunny
WSR-2026-1567,2026-07-20,July,Monday,Summer,Online Booking,Snorkel Set,2 Hours,1,20.16,None,0.00,0.00,20.16,Finn Johnson,Resort Pier,Credit Card,Sunny
WSR-2026-1568,2026-07-20,July,Monday,Summer,Walk-in,Bodyboard,2 Hours,1,24.64,None,0.00,0.00,24.64,Finn Johnson,Marina Kiosk,Credit Card,Sunny
WSR-2026-1569,2026-07-20,July,Monday,Summer,Group/Event,Stand-Up Paddle Board,Half Day,1,69.44,Waterproof Speaker,12.00,4.07,77.37,Grace Lee,Lagoon Launch,Credit Card,Sunny
WSR-2026-1570,2026-07-20,July,Monday,Summer,Walk-in,Hydro Bike,2 Hours,1,53.76,Dry Bag,6.00,0.00,59.76,Chloe Nguyen,Resort Pier,Credit Card,Cloudy
WSR-2026-1571,2026-07-20,July,Monday,Summer,Online Booking,Single Kayak,Half Day,1,64.96,Cooler Rental,10.00,0.00,74.96,Ava Martinez,Harbor Dock,Credit Card,Sunny
WSR-2026-1572,2026-07-20,July,Monday,Summer,Online Booking,Fishing Kayak,Full Day,1,123.20,Premium Life Jacket,7.00,0.00,130.20,Ben Carter,Beachfront Hut,Credit Card,Cloudy
WSR-2026-1573,2026-07-20,July,Monday,Summer,Group/Event,Wetsuit Rental,2 Hours,1,17.92,Dry Bag,6.00,2.39,21.53,Isaac Patel,Lagoon Launch,Credit Card,Sunny
WSR-2026-1574,2026-07-20,July,Monday,Summer,Resort Guest,Stand-Up Paddle Board,Full Day,1,98.56,None,0.00,0.00,98.56,Grace Lee,Beachfront Hut,Credit Card,Rainy
WSR-2026-1575,2026-07-21,July,Tuesday,Summer,Online Booking,Single Kayak,Full Day,1,94.08,Waterproof Speaker,12.00,0.00,106.08,Ava Martinez,Harbor Dock,Credit Card,Sunny
WSR-2026-1576,2026-07-21,July,Tuesday,Summer,Group/Event,Surfboard,Half Day,1,60.48,None,0.00,6.05,54.43,Diego Ramirez,Harbor Dock,Debit Card,Cloudy
WSR-2026-1577,2026-07-21,July,Tuesday,Summer,Resort Guest,Fishing Kayak,1 Hour,1,35.84,None,0.00,0.00,35.84,Ava Martinez,Harbor Dock,Cash,Sunny
WSR-2026-1578,2026-07-21,July,Tuesday,Summer,Walk-in,Hydro Bike,Half Day,1,80.64,Dry Bag,6.00,0.00,86.64,Ava Martinez,Harbor Dock,Cash,Sunny
WSR-2026-1579,2026-07-21,July,Tuesday,Summer,Online Booking,Bodyboard,1 Hour,1,15.68,Waterproof Speaker,12.00,0.00,27.68,Grace Lee,Resort Pier,Debit Card,Sunny
WSR-2026-1580,2026-07-21,July,Tuesday,Summer,Walk-in,Bodyboard,Half Day,1,38.08,Phone Pouch,5.00,0.00,43.08,Emma Wilson,Marina Kiosk,Debit Card,Sunny
WSR-2026-1581,2026-07-21,July,Tuesday,Summer,Walk-in,Pedal Boat,2 Hours,1,64.96,None,0.00,0.00,64.96,Hannah Brooks,Marina Kiosk,Mobile Pay,Sunny
WSR-2026-1582,2026-07-21,July,Tuesday,Summer,Group/Event,Surfboard,Half Day,1,60.48,Premium Life Jacket,7.00,0.00,67.48,Hannah Brooks,Resort Pier,Credit Card,Cloudy
WSR-2026-1583,2026-07-21,July,Tuesday,Summer,Walk-in,Snorkel Set,1 Hour,1,13.44,None,0.00,0.00,13.44,Finn Johnson,Resort Pier,Credit Card,Sunny
WSR-2026-1584,2026-07-21,July,Tuesday,Summer,Walk-in,Single Kayak,Full Day,1,94.08,Cooler Rental,10.00,0.00,104.08,Diego Ramirez,Lagoon Launch,Debit Card,Cloudy
WSR-2026-1585,2026-07-21,July,Tuesday,Summer,Walk-in,Tandem Kayak,Half Day,1,87.36,Dry Bag,6.00,0.00,93.36,Chloe Nguyen,Resort Pier,Credit Card,Sunny
WSR-2026-1586,2026-07-21,July,Tuesday,Summer,Walk-in,Stand-Up Paddle Board,2 Hours,1,47.04,Phone Pouch,5.00,0.00,52.04,Chloe Nguyen,Resort Pier,Debit Card,Sunny
WSR-2026-1587,2026-07-21,July,Tuesday,Summer,Walk-in,Wetsuit Rental,1 Hour,1,11.20,Waterproof Speaker,12.00,0.00,23.20,Grace Lee,Lagoon Launch,Credit Card,Sunny
WSR-2026-1588,2026-07-21,July,Tuesday,Summer,Online Booking,Single Kayak,2 Hours,1,42.56,None,0.00,0.00,42.56,Ava Martinez,Lagoon Launch,Credit Card,Sunny
WSR-2026-1589,2026-07-21,July,Tuesday,Summer,Walk-in,Single Kayak,Full Day,1,94.08,Dry Bag,6.00,0.00,100.08,Ava Martinez,Harbor Dock,Debit Card,Sunny
WSR-2026-1590,2026-07-21,July,Tuesday,Summer,Online Booking,Snorkel Set,1 Hour,1,13.44,Phone Pouch,5.00,0.00,18.44,Grace Lee,Resort Pier,Credit Card,Sunny
WSR-2026-1591,2026-07-21,July,Tuesday,Summer,Online Booking,Wetsuit Rental,Full Day,1,38.08,Dry Bag,6.00,0.00,44.08,Finn Johnson,Harbor Dock,Credit Card,Cloudy
WSR-2026-1592,2026-07-22,July,Wednesday,Summer,Online Booking,Bodyboard,2 Hours,1,24.64,Phone Pouch,5.00,0.00,29.64,Grace Lee,Marina Kiosk,Cash,Sunny
WSR-2026-1593,2026-07-22,July,Wednesday,Summer,Group/Event,Tandem Kayak,Half Day,1,87.36,Phone Pouch,5.00,0.00,92.36,Grace Lee,Harbor Dock,Mobile Pay,Sunny
WSR-2026-1594,2026-07-22,July,Wednesday,Summer,Resort Guest,Single Kayak,Full Day,1,94.08,Waterproof Speaker,12.00,0.00,106.08,Mia Thompson,Harbor Dock,Credit Card,Sunny
WSR-2026-1595,2026-07-22,July,Wednesday,Summer,Walk-in,Hydro Bike,Full Day,1,116.48,None,0.00,0.00,116.48,Grace Lee,Beachfront Hut,Mobile Pay,Sunny
WSR-2026-1596,2026-07-22,July,Wednesday,Summer,Online Booking,Snorkel Set,Half Day,1,31.36,None,0.00,0.00,31.36,Diego Ramirez,Marina Kiosk,Credit Card,Windy
WSR-2026-1597,2026-07-22,July,Wednesday,Summer,Resort Guest,Stand-Up Paddle Board,Half Day,1,69.44,Cooler Rental,10.00,0.00,79.44,Finn Johnson,Lagoon Launch,Debit Card,Sunny
WSR-2026-1598,2026-07-22,July,Wednesday,Summer,Walk-in,Stand-Up Paddle Board,1 Hour,1,29.12,GoPro Mount,8.00,0.00,37.12,Ava Martinez,Marina Kiosk,Credit Card,Sunny
WSR-2026-1599,2026-07-22,July,Wednesday,Summer,Resort Guest,Tandem Kayak,1 Hour,1,38.08,None,0.00,0.00,38.08,Ava Martinez,Lagoon Launch,Credit Card,Windy
WSR-2026-1600,2026-07-22,July,Wednesday,Summer,Online Booking,Pedal Boat,2 Hours,1,64.96,Phone Pouch,5.00,0.00,69.96,Ava Martinez,Resort Pier,Credit Card,Sunny
WSR-2026-1601,2026-07-22,July,Wednesday,Summer,Online Booking,Single Kayak,1 Hour,1,26.88,Cooler Rental,10.00,0.00,36.88,Ben Carter,Resort Pier,Credit Card,Sunny
WSR-2026-1602,2026-07-22,July,Wednesday,Summer,Online Booking,Tandem Kayak,2 Hours,1,58.24,None,0.00,0.00,58.24,Ava Martinez,Harbor Dock,Credit Card,Sunny
WSR-2026-1603,2026-07-22,July,Wednesday,Summer,Walk-in,Wetsuit Rental,1 Hour,1,11.20,Dry Bag,6.00,0.00,17.20,Mia Thompson,Resort Pier,Credit Card,Sunny
WSR-2026-1604,2026-07-22,July,Wednesday,Summer,Walk-in,Bodyboard,2 Hours,1,24.64,Phone Pouch,5.00,0.00,29.64,Emma Wilson,Lagoon Launch,Debit Card,Sunny
WSR-2026-1605,2026-07-22,July,Wednesday,Summer,Walk-in,Fishing Kayak,1 Hour,1,35.84,Cooler Rental,10.00,0.00,45.84,Grace Lee,Lagoon Launch,Mobile Pay,Sunny
WSR-2026-1606,2026-07-23,July,Thursday,Summer,Resort Guest,Stand-Up Paddle Board,2 Hours,1,47.04,Cooler Rental,10.00,0.00,57.04,Ava Martinez,Beachfront Hut,Debit Card,Cloudy
WSR-2026-1607,2026-07-23,July,Thursday,Summer,Online Booking,Single Kayak,1 Hour,1,26.88,None,0.00,0.00,26.88,Ben Carter,Harbor Dock,Credit Card,Sunny
WSR-2026-1608,2026-07-23,July,Thursday,Summer,Online Booking,Surfboard,2 Hours,1,40.32,Dry Bag,6.00,0.00,46.32,Ben Carter,Beachfront Hut,Credit Card,Cloudy
WSR-2026-1609,2026-07-23,July,Thursday,Summer,Walk-in,Single Kayak,Half Day,1,64.96,None,0.00,0.00,64.96,Diego Ramirez,Harbor Dock,Credit Card,Sunny
WSR-2026-1610,2026-07-23,July,Thursday,Summer,Group/Event,Snorkel Set,2 Hours,1,20.16,Dry Bag,6.00,0.00,26.16,Ava Martinez,Harbor Dock,Credit Card,Sunny
WSR-2026-1611,2026-07-23,July,Thursday,Summer,Group/Event,Tandem Kayak,1 Hour,1,38.08,None,0.00,3.81,34.27,Chloe Nguyen,Marina Kiosk,Credit Card,Cloudy
WSR-2026-1612,2026-07-23,July,Thursday,Summer,Online Booking,Surfboard,Half Day,1,60.48,None,0.00,0.00,60.48,Ben Carter,Beachfront Hut,Debit Card,Sunny
WSR-2026-1613,2026-07-23,July,Thursday,Summer,Walk-in,Stand-Up Paddle Board,1 Hour,1,29.12,Premium Life Jacket,7.00,0.00,36.12,Grace Lee,Beachfront Hut,Cash,Cloudy
WSR-2026-1614,2026-07-23,July,Thursday,Summer,Online Booking,Single Kayak,2 Hours,1,42.56,None,0.00,0.00,42.56,Emma Wilson,Harbor Dock,Debit Card,Sunny
WSR-2026-1615,2026-07-23,July,Thursday,Summer,Resort Guest,Fishing Kayak,1 Hour,1,35.84,Cooler Rental,10.00,0.00,45.84,Hannah Brooks,Harbor Dock,Credit Card,Sunny
WSR-2026-1616,2026-07-23,July,Thursday,Summer,Resort Guest,Wetsuit Rental,1 Hour,1,11.20,Phone Pouch,5.00,0.00,16.20,Diego Ramirez,Resort Pier,Cash,Sunny
WSR-2026-1617,2026-07-23,July,Thursday,Summer,Resort Guest,Fishing Kayak,Half Day,1,85.12,Dry Bag,6.00,0.00,91.12,Hannah Brooks,Resort Pier,Credit Card,Sunny
WSR-2026-1618,2026-07-23,July,Thursday,Summer,Resort Guest,Stand-Up Paddle Board,2 Hours,1,47.04,Cooler Rental,10.00,0.00,57.04,Emma Wilson,Marina Kiosk,Credit Card,Sunny
WSR-2026-1619,2026-07-23,July,Thursday,Summer,Resort Guest,Stand-Up Paddle Board,2 Hours,1,47.04,GoPro Mount,8.00,0.00,55.04,Mia Thompson,Marina Kiosk,Debit Card,Cloudy
WSR-2026-1620,2026-07-23,July,Thursday,Summer,Online Booking,Surfboard,1 Hour,1,24.64,None,0.00,0.00,24.64,Emma Wilson,Resort Pier,Debit Card,Sunny
WSR-2026-1621,2026-07-23,July,Thursday,Summer,Group/Event,Stand-Up Paddle Board,2 Hours,1,47.04,Cooler Rental,10.00,5.70,51.34,Ava Martinez,Resort Pier,Credit Card,Sunny
WSR-2026-1622,2026-07-23,July,Thursday,Summer,Walk-in,Stand-Up Paddle Board,1 Hour,1,29.12,None,0.00,0.00,29.12,Ben Carter,Beachfront Hut,Credit Card,Windy
WSR-2026-1623,2026-07-23,July,Thursday,Summer,Walk-in,Single Kayak,1 Hour,1,26.88,Premium Life Jacket,7.00,0.00,33.88,Grace Lee,Resort Pier,Cash,Sunny
WSR-2026-1624,2026-07-24,July,Friday,Summer,Online Booking,Wetsuit Rental,Full Day,1,38.08,Phone Pouch,5.00,0.00,43.08,Grace Lee,Harbor Dock,Credit Card,Sunny
WSR-2026-1625,2026-07-24,July,Friday,Summer,Resort Guest,Wetsuit Rental,1 Hour,1,11.20,None,0.00,0.00,11.20,Ben Carter,Marina Kiosk,Debit Card,Cloudy
WSR-2026-1626,2026-07-24,July,Friday,Summer,Walk-in,Single Kayak,Half Day,1,64.96,Phone Pouch,5.00,3.50,66.46,Hannah Brooks,Beachfront Hut,Debit Card,Sunny
WSR-2026-1627,2026-07-24,July,Friday,Summer,Online Booking,Fishing Kayak,2 Hours,1,56.00,None,0.00,0.00,56.00,Ava Martinez,Resort Pier,Credit Card,Cloudy
WSR-2026-1628,2026-07-24,July,Friday,Summer,Group/Event,Stand-Up Paddle Board,2 Hours,1,47.04,None,0.00,4.70,42.34,Chloe Nguyen,Harbor Dock,Debit Card,Sunny
WSR-2026-1629,2026-07-24,July,Friday,Summer,Resort Guest,Wetsuit Rental,1 Hour,1,11.20,GoPro Mount,8.00,0.00,19.20,Ava Martinez,Lagoon Launch,Credit Card,Sunny
WSR-2026-1630,2026-07-24,July,Friday,Summer,Resort Guest,Pedal Boat,1 Hour,1,40.32,Dry Bag,6.00,0.00,46.32,Hannah Brooks,Lagoon Launch,Credit Card,Windy
WSR-2026-1631,2026-07-24,July,Friday,Summer,Online Booking,Surfboard,1 Hour,1,24.64,None,0.00,0.00,24.64,Ava Martinez,Beachfront Hut,Mobile Pay,Sunny
WSR-2026-1632,2026-07-24,July,Friday,Summer,Online Booking,Single Kayak,1 Hour,1,26.88,Cooler Rental,10.00,0.00,36.88,Diego Ramirez,Marina Kiosk,Debit Card,Sunny
WSR-2026-1633,2026-07-24,July,Friday,Summer,Resort Guest,Fishing Kayak,2 Hours,1,56.00,Waterproof Speaker,12.00,0.00,68.00,Emma Wilson,Marina Kiosk,Credit Card,Sunny
WSR-2026-1634,2026-07-24,July,Friday,Summer,Resort Guest,Surfboard,Half Day,1,60.48,None,0.00,3.02,57.46,Mia Thompson,Marina Kiosk,Gift Card,Sunny
WSR-2026-1635,2026-07-24,July,Friday,Summer,Walk-in,Surfboard,1 Hour,1,24.64,None,0.00,1.23,23.41,Grace Lee,Marina Kiosk,Credit Card,Sunny
WSR-2026-1636,2026-07-24,July,Friday,Summer,Online Booking,Pedal Boat,2 Hours,1,64.96,Cooler Rental,10.00,0.00,74.96,Mia Thompson,Lagoon Launch,Credit Card,Sunny
WSR-2026-1637,2026-07-24,July,Friday,Summer,Online Booking,Single Kayak,Half Day,1,64.96,Phone Pouch,5.00,0.00,69.96,Chloe Nguyen,Beachfront Hut,Credit Card,Sunny
WSR-2026-1638,2026-07-24,July,Friday,Summer,Walk-in,Stand-Up Paddle Board,Half Day,1,69.44,Phone Pouch,5.00,0.00,74.44,Finn Johnson,Resort Pier,Credit Card,Sunny
WSR-2026-1639,2026-07-24,July,Friday,Summer,Resort Guest,Stand-Up Paddle Board,2 Hours,1,47.04,Waterproof Speaker,12.00,0.00,59.04,Grace Lee,Resort Pier,Debit Card,Sunny
WSR-2026-1640,2026-07-24,July,Friday,Summer,Walk-in,Tandem Kayak,2 Hours,1,58.24,None,0.00,0.00,58.24,Mia Thompson,Marina Kiosk,Gift Card,Sunny
WSR-2026-1641,2026-07-24,July,Friday,Summer,Online Booking,Stand-Up Paddle Board,1 Hour,1,29.12,None,0.00,0.00,29.12,Ben Carter,Harbor Dock,Cash,Sunny
WSR-2026-1642,2026-07-24,July,Friday,Summer,Resort Guest,Single Kayak,Half Day,1,64.96,Dry Bag,6.00,0.00,70.96,Diego Ramirez,Lagoon Launch,Credit Card,Sunny
WSR-2026-1643,2026-07-24,July,Friday,Summer,Online Booking,Snorkel Set,Full Day,1,44.80,None,0.00,0.00,44.80,Emma Wilson,Resort Pier,Cash,Sunny
WSR-2026-1644,2026-07-24,July,Friday,Summer,Group/Event,Wetsuit Rental,Half Day,1,26.88,Waterproof Speaker,12.00,1.94,36.94,Mia Thompson,Lagoon Launch,Mobile Pay,Sunny
WSR-2026-1645,2026-07-24,July,Friday,Summer,Walk-in,Surfboard,Full Day,1,85.12,None,0.00,0.00,85.12,Hannah Brooks,Marina Kiosk,Mobile Pay,Sunny
WSR-2026-1646,2026-07-24,July,Friday,Summer,Walk-in,Tandem Kayak,1 Hour,1,38.08,None,0.00,0.00,38.08,Emma Wilson,Harbor Dock,Debit Card,Windy
WSR-2026-1647,2026-07-24,July,Friday,Summer,Walk-in,Fishing Kayak,Full Day,1,123.20,None,0.00,0.00,123.20,Hannah Brooks,Resort Pier,Credit Card,Cloudy
WSR-2026-1648,2026-07-24,July,Friday,Summer,Walk-in,Stand-Up Paddle Board,2 Hours,1,47.04,None,0.00,0.00,47.04,Mia Thompson,Harbor Dock,Credit Card,Rainy
WSR-2026-1649,2026-07-24,July,Friday,Summer,Resort Guest,Single Kayak,2 Hours,1,42.56,Premium Life Jacket,7.00,0.00,49.56,Diego Ramirez,Lagoon Launch,Credit Card,Sunny
WSR-2026-1650,2026-07-24,July,Friday,Summer,Walk-in,Tandem Kayak,2 Hours,1,58.24,GoPro Mount,8.00,0.00,66.24,Diego Ramirez,Harbor Dock,Credit Card,Sunny
WSR-2026-1651,2026-07-24,July,Friday,Summer,Walk-in,Tandem Kayak,Half Day,1,87.36,Dry Bag,6.00,0.00,93.36,Hannah Brooks,Beachfront Hut,Credit Card,Cloudy
WSR-2026-1652,2026-07-24,July,Friday,Summer,Online Booking,Fishing Kayak,1 Hour,1,35.84,Phone Pouch,5.00,0.00,40.84,Emma Wilson,Lagoon Launch,Mobile Pay,Sunny
WSR-2026-1653,2026-07-24,July,Friday,Summer,Online Booking,Single Kayak,2 Hours,1,42.56,None,0.00,0.00,42.56,Chloe Nguyen,Beachfront Hut,Credit Card,Cloudy
WSR-2026-1654,2026-07-24,July,Friday,Summer,Walk-in,Bodyboard,Half Day,1,38.08,Cooler Rental,10.00,0.00,48.08,Emma Wilson,Lagoon Launch,Mobile Pay,Sunny
WSR-2026-1655,2026-07-24,July,Friday,Summer,Online Booking,Bodyboard,1 Hour,1,15.68,Phone Pouch,5.00,0.00,20.68,Grace Lee,Harbor Dock,Debit Card,Sunny
WSR-2026-1656,2026-07-24,July,Friday,Summer,Walk-in,Stand-Up Paddle Board,Half Day,1,69.44,Waterproof Speaker,12.00,0.00,81.44,Ben Carter,Marina Kiosk,Credit Card,Sunny
WSR-2026-1657,2026-07-25,July,Saturday,Summer,Walk-in,Tandem Kayak,2 Hours,1,62.40,Waterproof Speaker,12.00,0.00,74.40,Ava Martinez,Lagoon Launch,Cash,Cloudy
WSR-2026-1658,2026-07-25,July,Saturday,Summer,Group/Event,Fishing Kayak,1 Hour,1,38.40,None,0.00,3.84,34.56,Emma Wilson,Harbor Dock,Credit Card,Windy
WSR-2026-1659,2026-07-25,July,Saturday,Summer,Resort Guest,Stand-Up Paddle Board,Half Day,1,74.40,None,0.00,0.00,74.40,Emma Wilson,Beachfront Hut,Credit Card,Sunny
WSR-2026-1660,2026-07-25,July,Saturday,Summer,Resort Guest,Tandem Kayak,Full Day,1,134.40,None,0.00,0.00,134.40,Hannah Brooks,Resort Pier,Cash,Sunny
WSR-2026-1661,2026-07-25,July,Saturday,Summer,Walk-in,Stand-Up Paddle Board,1 Hour,1,31.20,None,0.00,0.00,31.20,Diego Ramirez,Beachfront Hut,Debit Card,Sunny
WSR-2026-1662,2026-07-25,July,Saturday,Summer,Resort Guest,Fishing Kayak,1 Hour,1,38.40,Dry Bag,6.00,0.00,44.40,Emma Wilson,Beachfront Hut,Credit Card,Sunny
WSR-2026-1663,2026-07-25,July,Saturday,Summer,Group/Event,Wetsuit Rental,2 Hours,1,19.20,Phone Pouch,5.00,0.00,24.20,Mia Thompson,Beachfront Hut,Credit Card,Sunny
WSR-2026-1664,2026-07-25,July,Saturday,Summer,Resort Guest,Snorkel Set,2 Hours,1,21.60,None,0.00,0.00,21.60,Finn Johnson,Harbor Dock,Credit Card,Cloudy
WSR-2026-1665,2026-07-25,July,Saturday,Summer,Resort Guest,Bodyboard,Half Day,1,40.80,None,0.00,0.00,40.80,Ben Carter,Marina Kiosk,Credit Card,Sunny
WSR-2026-1666,2026-07-25,July,Saturday,Summer,Walk-in,Wetsuit Rental,2 Hours,1,19.20,None,0.00,0.00,19.20,Ava Martinez,Beachfront Hut,Credit Card,Sunny
WSR-2026-1667,2026-07-25,July,Saturday,Summer,Resort Guest,Wetsuit Rental,Half Day,1,28.80,Cooler Rental,10.00,0.00,38.80,Ava Martinez,Harbor Dock,Debit Card,Sunny
WSR-2026-1668,2026-07-25,July,Saturday,Summer,Member,Single Kayak,2 Hours,1,45.60,Premium Life Jacket,7.00,5.26,47.34,Isaac Patel,Resort Pier,Debit Card,Sunny
WSR-2026-1669,2026-07-25,July,Saturday,Summer,Group/Event,Single Kayak,1 Hour,1,28.80,Phone Pouch,5.00,3.38,30.42,Emma Wilson,Lagoon Launch,Debit Card,Sunny
WSR-2026-1670,2026-07-25,July,Saturday,Summer,Online Booking,Stand-Up Paddle Board,1 Hour,1,31.20,None,0.00,0.00,31.20,Mia Thompson,Beachfront Hut,Gift Card,Rainy
WSR-2026-1671,2026-07-25,July,Saturday,Summer,Resort Guest,Single Kayak,1 Hour,1,28.80,None,0.00,0.00,28.80,Finn Johnson,Lagoon Launch,Gift Card,Sunny
WSR-2026-1672,2026-07-25,July,Saturday,Summer,Online Booking,Wetsuit Rental,Half Day,1,28.80,Phone Pouch,5.00,0.00,33.80,Grace Lee,Beachfront Hut,Credit Card,Windy
WSR-2026-1673,2026-07-25,July,Saturday,Summer,Group/Event,Stand-Up Paddle Board,2 Hours,1,50.40,Dry Bag,6.00,2.82,53.58,Ben Carter,Harbor Dock,Mobile Pay,Sunny
WSR-2026-1674,2026-07-25,July,Saturday,Summer,Online Booking,Fishing Kayak,Half Day,1,91.20,GoPro Mount,8.00,0.00,99.20,Grace Lee,Resort Pier,Credit Card,Sunny
WSR-2026-1675,2026-07-25,July,Saturday,Summer,Group/Event,Snorkel Set,1 Hour,1,14.40,None,0.00,1.44,12.96,Chloe Nguyen,Resort Pier,Mobile Pay,Cloudy
WSR-2026-1676,2026-07-25,July,Saturday,Summer,Walk-in,Surfboard,1 Hour,1,26.40,Phone Pouch,5.00,0.00,31.40,Diego Ramirez,Marina Kiosk,Debit Card,Sunny
WSR-2026-1677,2026-07-25,July,Saturday,Summer,Online Booking,Tandem Kayak,2 Hours,1,62.40,Phone Pouch,5.00,0.00,67.40,Diego Ramirez,Lagoon Launch,Cash,Cloudy
WSR-2026-1678,2026-07-25,July,Saturday,Summer,Online Booking,Single Kayak,1 Hour,1,28.80,GoPro Mount,8.00,0.00,36.80,Grace Lee,Lagoon Launch,Credit Card,Windy
WSR-2026-1679,2026-07-25,July,Saturday,Summer,Resort Guest,Tandem Kayak,1 Hour,1,40.80,Phone Pouch,5.00,0.00,45.80,Chloe Nguyen,Resort Pier,Mobile Pay,Sunny
WSR-2026-1680,2026-07-25,July,Saturday,Summer,Walk-in,Bodyboard,2 Hours,1,26.40,None,0.00,0.00,26.40,Diego Ramirez,Beachfront Hut,Credit Card,Cloudy
WSR-2026-1681,2026-07-25,July,Saturday,Summer,Walk-in,Hydro Bike,1 Hour,1,36.00,Premium Life Jacket,7.00,0.00,43.00,Ava Martinez,Marina Kiosk,Credit Card,Sunny
WSR-2026-1682,2026-07-25,July,Saturday,Summer,Group/Event,Single Kayak,1 Hour,1,28.80,Dry Bag,6.00,3.48,31.32,Emma Wilson,Resort Pier,Credit Card,Sunny
WSR-2026-1683,2026-07-25,July,Saturday,Summer,Online Booking,Surfboard,2 Hours,1,43.20,Dry Bag,6.00,0.00,49.20,Ben Carter,Marina Kiosk,Mobile Pay,Sunny
WSR-2026-1684,2026-07-25,July,Saturday,Summer,Walk-in,Snorkel Set,Full Day,1,48.00,None,0.00,0.00,48.00,Hannah Brooks,Marina Kiosk,Mobile Pay,Sunny
WSR-2026-1685,2026-07-25,July,Saturday,Summer,Online Booking,Wetsuit Rental,2 Hours,1,19.20,Dry Bag,6.00,0.00,25.20,Isaac Patel,Beachfront Hut,Mobile Pay,Sunny
WSR-2026-1686,2026-07-25,July,Saturday,Summer,Walk-in,Fishing Kayak,Half Day,1,91.20,None,0.00,0.00,91.20,Hannah Brooks,Lagoon Launch,Credit Card,Sunny
WSR-2026-1687,2026-07-26,July,Sunday,Summer,Online Booking,Stand-Up Paddle Board,Half Day,1,74.40,None,0.00,0.00,74.40,Ben Carter,Beachfront Hut,Credit Card,Sunny
WSR-2026-1688,2026-07-26,July,Sunday,Summer,Online Booking,Hydro Bike,Half Day,1,86.40,None,0.00,0.00,86.40,Finn Johnson,Marina Kiosk,Cash,Sunny
WSR-2026-1689,2026-07-26,July,Sunday,Summer,Walk-in,Single Kayak,1 Hour,1,28.80,Premium Life Jacket,7.00,0.00,35.80,Chloe Nguyen,Resort Pier,Debit Card,Sunny
WSR-2026-1690,2026-07-26,July,Sunday,Summer,Online Booking,Stand-Up Paddle Board,2 Hours,1,50.40,Waterproof Speaker,12.00,0.00,62.40,Ava Martinez,Beachfront Hut,Credit Card,Sunny
WSR-2026-1691,2026-07-26,July,Sunday,Summer,Group/Event,Bodyboard,1 Hour,1,16.80,None,0.00,0.84,15.96,Chloe Nguyen,Lagoon Launch,Debit Card,Sunny
WSR-2026-1692,2026-07-26,July,Sunday,Summer,Member,Single Kayak,Half Day,1,69.60,Dry Bag,6.00,7.56,68.04,Mia Thompson,Marina Kiosk,Credit Card,Cloudy
WSR-2026-1693,2026-07-26,July,Sunday,Summer,Online Booking,Surfboard,2 Hours,1,43.20,None,0.00,0.00,43.20,Ava Martinez,Lagoon Launch,Debit Card,Sunny
WSR-2026-1694,2026-07-26,July,Sunday,Summer,Walk-in,Single Kayak,2 Hours,1,45.60,None,0.00,0.00,45.60,Ben Carter,Lagoon Launch,Credit Card,Sunny
WSR-2026-1695,2026-07-26,July,Sunday,Summer,Online Booking,Tandem Kayak,1 Hour,1,40.80,Cooler Rental,10.00,0.00,50.80,Hannah Brooks,Resort Pier,Credit Card,Windy
WSR-2026-1696,2026-07-26,July,Sunday,Summer,Walk-in,Stand-Up Paddle Board,2 Hours,1,50.40,None,0.00,0.00,50.40,Mia Thompson,Lagoon Launch,Cash,Sunny
WSR-2026-1697,2026-07-26,July,Sunday,Summer,Group/Event,Tandem Kayak,1 Hour,1,40.80,Dry Bag,6.00,2.34,44.46,Finn Johnson,Resort Pier,Debit Card,Sunny
WSR-2026-1698,2026-07-26,July,Sunday,Summer,Group/Event,Tandem Kayak,Half Day,1,93.60,None,0.00,4.68,88.92,Chloe Nguyen,Resort Pier,Mobile Pay,Cloudy
WSR-2026-1699,2026-07-26,July,Sunday,Summer,Resort Guest,Tandem Kayak,2 Hours,1,62.40,Phone Pouch,5.00,0.00,67.40,Ben Carter,Harbor Dock,Debit Card,Sunny
WSR-2026-1700,2026-07-26,July,Sunday,Summer,Resort Guest,Single Kayak,Half Day,1,69.60,None,0.00,0.00,69.60,Isaac Patel,Resort Pier,Debit Card,Windy
WSR-2026-1701,2026-07-26,July,Sunday,Summer,Member,Single Kayak,1 Hour,1,28.80,Premium Life Jacket,7.00,5.37,30.43,Ben Carter,Beachfront Hut,Credit Card,Sunny
WSR-2026-1702,2026-07-26,July,Sunday,Summer,Group/Event,Single Kayak,1 Hour,1,28.80,Dry Bag,6.00,0.00,34.80,Chloe Nguyen,Marina Kiosk,Credit Card,Sunny
WSR-2026-1703,2026-07-26,July,Sunday,Summer,Walk-in,Surfboard,Half Day,1,64.80,None,0.00,3.24,61.56,Chloe Nguyen,Marina Kiosk,Mobile Pay,Sunny
WSR-2026-1704,2026-07-26,July,Sunday,Summer,Walk-in,Single Kayak,Half Day,1,69.60,None,0.00,3.48,66.12,Mia Thompson,Lagoon Launch,Credit Card,Cloudy
WSR-2026-1705,2026-07-26,July,Sunday,Summer,Online Booking,Tandem Kayak,Half Day,1,93.60,None,0.00,0.00,93.60,Grace Lee,Marina Kiosk,Credit Card,Sunny
WSR-2026-1706,2026-07-26,July,Sunday,Summer,Member,Surfboard,Half Day,1,64.80,Dry Bag,6.00,10.62,60.18,Mia Thompson,Harbor Dock,Mobile Pay,Sunny
WSR-2026-1707,2026-07-26,July,Sunday,Summer,Online Booking,Wetsuit Rental,1 Hour,1,12.00,None,0.00,0.00,12.00,Chloe Nguyen,Marina Kiosk,Credit Card,Sunny
WSR-2026-1708,2026-07-26,July,Sunday,Summer,Walk-in,Fishing Kayak,2 Hours,1,60.00,None,0.00,0.00,60.00,Ben Carter,Marina Kiosk,Credit Card,Sunny
WSR-2026-1709,2026-07-26,July,Sunday,Summer,Walk-in,Single Kayak,Half Day,1,69.60,None,0.00,0.00,69.60,Diego Ramirez,Harbor Dock,Credit Card,Sunny
WSR-2026-1710,2026-07-26,July,Sunday,Summer,Online Booking,Stand-Up Paddle Board,2 Hours,1,50.40,Phone Pouch,5.00,0.00,55.40,Diego Ramirez,Resort Pier,Mobile Pay,Sunny
WSR-2026-1711,2026-07-26,July,Sunday,Summer,Resort Guest,Snorkel Set,Full Day,1,48.00,Phone Pouch,5.00,0.00,53.00,Finn Johnson,Lagoon Launch,Credit Card,Sunny
WSR-2026-1712,2026-07-26,July,Sunday,Summer,Resort Guest,Single Kayak,Half Day,1,69.60,Phone Pouch,5.00,0.00,74.60,Emma Wilson,Lagoon Launch,Credit Card,Sunny
WSR-2026-1713,2026-07-27,July,Monday,Summer,Resort Guest,Wetsuit Rental,1 Hour,1,11.20,None,0.00,0.00,11.20,Hannah Brooks,Lagoon Launch,Mobile Pay,Sunny
WSR-2026-1714,2026-07-27,July,Monday,Summer,Walk-in,Hydro Bike,2 Hours,1,53.76,None,0.00,0.00,53.76,Hannah Brooks,Beachfront Hut,Credit Card,Sunny
WSR-2026-1715,2026-07-27,July,Monday,Summer,Walk-in,Wetsuit Rental,2 Hours,1,17.92,None,0.00,0.00,17.92,Diego Ramirez,Harbor Dock,Credit Card,Cloudy
WSR-2026-1716,2026-07-27,July,Monday,Summer,Walk-in,Tandem Kayak,1 Hour,1,38.08,None,0.00,0.00,38.08,Grace Lee,Marina Kiosk,Cash,Sunny
WSR-2026-1717,2026-07-27,July,Monday,Summer,Online Booking,Hydro Bike,2 Hours,1,53.76,GoPro Mount,8.00,0.00,61.76,Diego Ramirez,Lagoon Launch,Credit Card,Sunny
WSR-2026-1718,2026-07-27,July,Monday,Summer,Walk-in,Single Kayak,2 Hours,1,42.56,None,0.00,0.00,42.56,Mia Thompson,Resort Pier,Debit Card,Sunny
WSR-2026-1719,2026-07-27,July,Monday,Summer,Walk-in,Stand-Up Paddle Board,1 Hour,1,29.12,Phone Pouch,5.00,0.00,34.12,Ben Carter,Beachfront Hut,Debit Card,Sunny
WSR-2026-1720,2026-07-27,July,Monday,Summer,Resort Guest,Wetsuit Rental,Half Day,1,26.88,GoPro Mount,8.00,0.00,34.88,Ava Martinez,Marina Kiosk,Cash,Windy
WSR-2026-1721,2026-07-27,July,Monday,Summer,Walk-in,Bodyboard,1 Hour,1,15.68,None,0.00,0.00,15.68,Isaac Patel,Marina Kiosk,Mobile Pay,Sunny
WSR-2026-1722,2026-07-27,July,Monday,Summer,Resort Guest,Fishing Kayak,2 Hours,1,56.00,None,0.00,0.00,56.00,Grace Lee,Marina Kiosk,Credit Card,Sunny
WSR-2026-1723,2026-07-27,July,Monday,Summer,Online Booking,Single Kayak,Half Day,1,64.96,Cooler Rental,10.00,0.00,74.96,Ava Martinez,Lagoon Launch,Debit Card,Sunny
WSR-2026-1724,2026-07-27,July,Monday,Summer,Resort Guest,Pedal Boat,2 Hours,1,64.96,None,0.00,0.00,64.96,Emma Wilson,Harbor Dock,Credit Card,Sunny
WSR-2026-1725,2026-07-27,July,Monday,Summer,Resort Guest,Single Kayak,Full Day,1,94.08,None,0.00,0.00,94.08,Emma Wilson,Lagoon Launch,Mobile Pay,Sunny
WSR-2026-1726,2026-07-27,July,Monday,Summer,Walk-in,Single Kayak,1 Hour,1,26.88,None,0.00,0.00,26.88,Mia Thompson,Beachfront Hut,Credit Card,Sunny
WSR-2026-1727,2026-07-27,July,Monday,Summer,Online Booking,Wetsuit Rental,1 Hour,1,11.20,Dry Bag,6.00,0.00,17.20,Diego Ramirez,Resort Pier,Credit Card,Windy
WSR-2026-1728,2026-07-27,July,Monday,Summer,Group/Event,Surfboard,2 Hours,1,40.32,Cooler Rental,10.00,2.52,47.80,Isaac Patel,Marina Kiosk,Credit Card,Sunny
WSR-2026-1729,2026-07-27,July,Monday,Summer,Walk-in,Surfboard,1 Hour,1,24.64,None,0.00,0.00,24.64,Finn Johnson,Lagoon Launch,Credit Card,Sunny
WSR-2026-1730,2026-07-28,July,Tuesday,Summer,Online Booking,Fishing Kayak,Half Day,1,85.12,None,0.00,0.00,85.12,Emma Wilson,Marina Kiosk,Cash,Sunny
WSR-2026-1731,2026-07-28,July,Tuesday,Summer,Walk-in,Surfboard,1 Hour,1,24.64,Cooler Rental,10.00,0.00,34.64,Ava Martinez,Beachfront Hut,Credit Card,Sunny
WSR-2026-1732,2026-07-28,July,Tuesday,Summer,Online Booking,Hydro Bike,2 Hours,1,53.76,Cooler Rental,10.00,0.00,63.76,Ben Carter,Harbor Dock,Debit Card,Cloudy
WSR-2026-1733,2026-07-28,July,Tuesday,Summer,Walk-in,Tandem Kayak,1 Hour,1,38.08,Cooler Rental,10.00,0.00,48.08,Chloe Nguyen,Resort Pier,Debit Card,Sunny
WSR-2026-1734,2026-07-28,July,Tuesday,Summer,Online Booking,Fishing Kayak,1 Hour,1,35.84,GoPro Mount,8.00,2.19,41.65,Diego Ramirez,Marina Kiosk,Cash,Sunny
WSR-2026-1735,2026-07-28,July,Tuesday,Summer,Walk-in,Single Kayak,Half Day,1,64.96,GoPro Mount,8.00,0.00,72.96,Chloe Nguyen,Beachfront Hut,Credit Card,Sunny
WSR-2026-1736,2026-07-28,July,Tuesday,Summer,Online Booking,Tandem Kayak,Full Day,1,125.44,None,0.00,0.00,125.44,Ben Carter,Marina Kiosk,Debit Card,Cloudy
WSR-2026-1737,2026-07-28,July,Tuesday,Summer,Walk-in,Single Kayak,2 Hours,1,42.56,None,0.00,0.00,42.56,Diego Ramirez,Harbor Dock,Credit Card,Sunny
WSR-2026-1738,2026-07-28,July,Tuesday,Summer,Resort Guest,Single Kayak,2 Hours,1,42.56,None,0.00,0.00,42.56,Ava Martinez,Lagoon Launch,Mobile Pay,Windy
WSR-2026-1739,2026-07-29,July,Wednesday,Summer,Walk-in,Snorkel Set,1 Hour,1,13.44,None,0.00,0.00,13.44,Grace Lee,Marina Kiosk,Credit Card,Sunny
WSR-2026-1740,2026-07-29,July,Wednesday,Summer,Online Booking,Bodyboard,Half Day,1,38.08,None,0.00,0.00,38.08,Chloe Nguyen,Beachfront Hut,Credit Card,Sunny
WSR-2026-1741,2026-07-29,July,Wednesday,Summer,Online Booking,Stand-Up Paddle Board,1 Hour,1,29.12,Phone Pouch,5.00,0.00,34.12,Ava Martinez,Beachfront Hut,Cash,Sunny
WSR-2026-1742,2026-07-29,July,Wednesday,Summer,Walk-in,Surfboard,Half Day,1,60.48,Dry Bag,6.00,0.00,66.48,Chloe Nguyen,Beachfront Hut,Credit Card,Sunny
WSR-2026-1743,2026-07-29,July,Wednesday,Summer,Group/Event,Single Kayak,1 Hour,1,26.88,None,0.00,0.00,26.88,Diego Ramirez,Lagoon Launch,Debit Card,Windy
WSR-2026-1744,2026-07-29,July,Wednesday,Summer,Walk-in,Single Kayak,2 Hours,1,42.56,None,0.00,0.00,42.56,Emma Wilson,Marina Kiosk,Credit Card,Sunny
WSR-2026-1745,2026-07-29,July,Wednesday,Summer,Walk-in,Snorkel Set,1 Hour,1,13.44,Dry Bag,6.00,0.97,18.47,Chloe Nguyen,Lagoon Launch,Cash,Cloudy
WSR-2026-1746,2026-07-29,July,Wednesday,Summer,Online Booking,Bodyboard,1 Hour,1,15.68,Dry Bag,6.00,0.00,21.68,Mia Thompson,Marina Kiosk,Debit Card,Sunny
WSR-2026-1747,2026-07-29,July,Wednesday,Summer,Resort Guest,Hydro Bike,2 Hours,1,53.76,Premium Life Jacket,7.00,0.00,60.76,Chloe Nguyen,Marina Kiosk,Cash,Cloudy
WSR-2026-1748,2026-07-29,July,Wednesday,Summer,Walk-in,Single Kayak,2 Hours,1,42.56,None,0.00,0.00,42.56,Finn Johnson,Marina Kiosk,Cash,Sunny
WSR-2026-1749,2026-07-29,July,Wednesday,Summer,Resort Guest,Single Kayak,1 Hour,1,26.88,None,0.00,0.00,26.88,Chloe Nguyen,Beachfront Hut,Cash,Sunny
WSR-2026-1750,2026-07-29,July,Wednesday,Summer,Group/Event,Snorkel Set,Full Day,1,44.80,Dry Bag,6.00,5.08,45.72,Isaac Patel,Harbor Dock,Debit Card,Sunny
WSR-2026-1751,2026-07-29,July,Wednesday,Summer,Online Booking,Single Kayak,Half Day,1,64.96,Dry Bag,6.00,0.00,70.96,Finn Johnson,Resort Pier,Credit Card,Sunny
WSR-2026-1752,2026-07-29,July,Wednesday,Summer,Online Booking,Bodyboard,1 Hour,1,15.68,None,0.00,0.00,15.68,Diego Ramirez,Harbor Dock,Cash,Sunny
WSR-2026-1753,2026-07-29,July,Wednesday,Summer,Online Booking,Bodyboard,1 Hour,1,15.68,None,0.00,0.00,15.68,Diego Ramirez,Resort Pier,Credit Card,Cloudy
WSR-2026-1754,2026-07-29,July,Wednesday,Summer,Walk-in,Single Kayak,2 Hours,1,42.56,None,0.00,0.00,42.56,Emma Wilson,Beachfront Hut,Debit Card,Sunny
WSR-2026-1755,2026-07-30,July,Thursday,Summer,Group/Event,Stand-Up Paddle Board,Half Day,1,69.44,Cooler Rental,10.00,7.94,71.50,Ben Carter,Resort Pier,Cash,Sunny
WSR-2026-1756,2026-07-30,July,Thursday,Summer,Online Booking,Stand-Up Paddle Board,2 Hours,1,47.04,Cooler Rental,10.00,0.00,57.04,Mia Thompson,Beachfront Hut,Credit Card,Sunny
WSR-2026-1757,2026-07-30,July,Thursday,Summer,Online Booking,Fishing Kayak,Half Day,1,85.12,Cooler Rental,10.00,0.00,95.12,Isaac Patel,Beachfront Hut,Credit Card,Sunny
WSR-2026-1758,2026-07-30,July,Thursday,Summer,Walk-in,Fishing Kayak,1 Hour,1,35.84,None,0.00,0.00,35.84,Finn Johnson,Marina Kiosk,Credit Card,Sunny
WSR-2026-1759,2026-07-30,July,Thursday,Summer,Member,Tandem Kayak,2 Hours,1,58.24,None,0.00,5.82,52.42,Ben Carter,Resort Pier,Cash,Sunny
WSR-2026-1760,2026-07-30,July,Thursday,Summer,Walk-in,Tandem Kayak,2 Hours,1,58.24,Dry Bag,6.00,0.00,64.24,Mia Thompson,Lagoon Launch,Mobile Pay,Sunny
WSR-2026-1761,2026-07-30,July,Thursday,Summer,Online Booking,Surfboard,Half Day,1,60.48,None,0.00,0.00,60.48,Hannah Brooks,Harbor Dock,Credit Card,Cloudy
WSR-2026-1762,2026-07-30,July,Thursday,Summer,Walk-in,Stand-Up Paddle Board,1 Hour,1,29.12,GoPro Mount,8.00,0.00,37.12,Isaac Patel,Beachfront Hut,Credit Card,Cloudy
WSR-2026-1763,2026-07-30,July,Thursday,Summer,Online Booking,Surfboard,1 Hour,1,24.64,None,0.00,0.00,24.64,Finn Johnson,Marina Kiosk,Debit Card,Windy
WSR-2026-1764,2026-07-30,July,Thursday,Summer,Resort Guest,Single Kayak,Full Day,1,94.08,None,0.00,0.00,94.08,Finn Johnson,Resort Pier,Debit Card,Sunny
WSR-2026-1765,2026-07-31,July,Friday,Summer,Walk-in,Tandem Kayak,2 Hours,1,58.24,Phone Pouch,5.00,0.00,63.24,Isaac Patel,Beachfront Hut,Debit Card,Sunny
WSR-2026-1766,2026-07-31,July,Friday,Summer,Online Booking,Bodyboard,Half Day,1,38.08,GoPro Mount,8.00,0.00,46.08,Diego Ramirez,Harbor Dock,Credit Card,Sunny
WSR-2026-1767,2026-07-31,July,Friday,Summer,Online Booking,Tandem Kayak,2 Hours,1,58.24,Premium Life Jacket,7.00,0.00,65.24,Chloe Nguyen,Lagoon Launch,Debit Card,Sunny
WSR-2026-1768,2026-07-31,July,Friday,Summer,Walk-in,Single Kayak,2 Hours,1,42.56,None,0.00,0.00,42.56,Ava Martinez,Lagoon Launch,Debit Card,Sunny
WSR-2026-1769,2026-07-31,July,Friday,Summer,Member,Surfboard,2 Hours,1,40.32,None,0.00,6.05,34.27,Finn Johnson,Marina Kiosk,Debit Card,Sunny
WSR-2026-1770,2026-07-31,July,Friday,Summer,Walk-in,Surfboard,2 Hours,1,40.32,Phone Pouch,5.00,0.00,45.32,Diego Ramirez,Resort Pier,Mobile Pay,Sunny
WSR-2026-1771,2026-07-31,July,Friday,Summer,Walk-in,Tandem Kayak,Full Day,1,125.44,Dry Bag,6.00,0.00,131.44,Chloe Nguyen,Marina Kiosk,Debit Card,Sunny
WSR-2026-1772,2026-07-31,July,Friday,Summer,Online Booking,Stand-Up Paddle Board,Full Day,1,98.56,None,0.00,0.00,98.56,Hannah Brooks,Harbor Dock,Gift Card,Sunny
WSR-2026-1773,2026-07-31,July,Friday,Summer,Walk-in,Surfboard,1 Hour,1,24.64,None,0.00,0.00,24.64,Grace Lee,Resort Pier,Cash,Cloudy
WSR-2026-1774,2026-07-31,July,Friday,Summer,Resort Guest,Stand-Up Paddle Board,1 Hour,1,29.12,Premium Life Jacket,7.00,0.00,36.12,Ben Carter,Marina Kiosk,Credit Card,Sunny
WSR-2026-1775,2026-07-31,July,Friday,Summer,Walk-in,Surfboard,Full Day,1,85.12,Dry Bag,6.00,0.00,91.12,Isaac Patel,Lagoon Launch,Debit Card,Cloudy
WSR-2026-1776,2026-07-31,July,Friday,Summer,Online Booking,Single Kayak,Half Day,1,64.96,None,0.00,0.00,64.96,Ava Martinez,Marina Kiosk,Credit Card,Cloudy
WSR-2026-1777,2026-07-31,July,Friday,Summer,Resort Guest,Surfboard,2 Hours,1,40.32,None,0.00,0.00,40.32,Mia Thompson,Resort Pier,Credit Card,Rainy
WSR-2026-1778,2026-07-31,July,Friday,Summer,Member,Tandem Kayak,1 Hour,1,38.08,GoPro Mount,8.00,4.61,41.47,Ava Martinez,Beachfront Hut,Credit Card,Sunny
WSR-2026-1779,2026-07-31,July,Friday,Summer,Walk-in,Stand-Up Paddle Board,Half Day,1,69.44,Cooler Rental,10.00,0.00,79.44,Diego Ramirez,Beachfront Hut,Credit Card,Windy
WSR-2026-1780,2026-07-31,July,Friday,Summer,Online Booking,Stand-Up Paddle Board,1 Hour,1,29.12,GoPro Mount,8.00,0.00,37.12,Emma Wilson,Resort Pier,Debit Card,Cloudy
WSR-2026-1781,2026-07-31,July,Friday,Summer,Walk-in,Tandem Kayak,2 Hours,1,58.24,GoPro Mount,8.00,0.00,66.24,Mia Thompson,Harbor Dock,Debit Card,Sunny
WSR-2026-1782,2026-08-01,August,Saturday,Summer,Walk-in,Pedal Boat,Half Day,1,103.20,Phone Pouch,5.00,0.00,108.20,Diego Ramirez,Harbor Dock,Credit Card,Sunny
WSR-2026-1783,2026-08-01,August,Saturday,Summer,Walk-in,Tandem Kayak,Full Day,1,134.40,Dry Bag,6.00,0.00,140.40,Diego Ramirez,Lagoon Launch,Debit Card,Windy
WSR-2026-1784,2026-08-01,August,Saturday,Summer,Group/Event,Surfboard,Full Day,1,91.20,None,0.00,4.56,86.64,Mia Thompson,Marina Kiosk,Credit Card,Cloudy
WSR-2026-1785,2026-08-01,August,Saturday,Summer,Online Booking,Single Kayak,Full Day,1,100.80,None,0.00,0.00,100.80,Chloe Nguyen,Marina Kiosk,Cash,Sunny
WSR-2026-1786,2026-08-01,August,Saturday,Summer,Walk-in,Pedal Boat,1 Hour,1,43.20,None,0.00,0.00,43.20,Grace Lee,Lagoon Launch,Credit Card,Sunny
WSR-2026-1787,2026-08-01,August,Saturday,Summer,Online Booking,Stand-Up Paddle Board,2 Hours,1,50.40,Dry Bag,6.00,0.00,56.40,Chloe Nguyen,Resort Pier,Credit Card,Sunny
WSR-2026-1788,2026-08-01,August,Saturday,Summer,Group/Event,Single Kayak,Half Day,1,69.60,Dry Bag,6.00,3.78,71.82,Ava Martinez,Harbor Dock,Mobile Pay,Sunny
WSR-2026-1789,2026-08-01,August,Saturday,Summer,Walk-in,Snorkel Set,1 Hour,1,14.40,Cooler Rental,10.00,0.00,24.40,Ava Martinez,Beachfront Hut,Credit Card,Sunny
WSR-2026-1790,2026-08-01,August,Saturday,Summer,Walk-in,Wetsuit Rental,Full Day,1,40.80,Phone Pouch,5.00,0.00,45.80,Mia Thompson,Beachfront Hut,Debit Card,Sunny
WSR-2026-1791,2026-08-01,August,Saturday,Summer,Online Booking,Single Kayak,Half Day,1,69.60,Dry Bag,6.00,0.00,75.60,Diego Ramirez,Lagoon Launch,Cash,Sunny
WSR-2026-1792,2026-08-01,August,Saturday,Summer,Resort Guest,Tandem Kayak,1 Hour,1,40.80,None,0.00,0.00,40.80,Ben Carter,Lagoon Launch,Credit Card,Sunny
WSR-2026-1793,2026-08-01,August,Saturday,Summer,Online Booking,Stand-Up Paddle Board,2 Hours,1,50.40,None,0.00,2.52,47.88,Mia Thompson,Resort Pier,Mobile Pay,Sunny
WSR-2026-1794,2026-08-01,August,Saturday,Summer,Online Booking,Tandem Kayak,1 Hour,1,40.80,None,0.00,0.00,40.80,Hannah Brooks,Beachfront Hut,Credit Card,Sunny
WSR-2026-1795,2026-08-01,August,Saturday,Summer,Resort Guest,Stand-Up Paddle Board,2 Hours,1,50.40,Phone Pouch,5.00,0.00,55.40,Hannah Brooks,Marina Kiosk,Credit Card,Sunny
WSR-2026-1796,2026-08-01,August,Saturday,Summer,Online Booking,Bodyboard,Full Day,1,57.60,None,0.00,0.00,57.60,Finn Johnson,Harbor Dock,Credit Card,Sunny
WSR-2026-1797,2026-08-01,August,Saturday,Summer,Walk-in,Stand-Up Paddle Board,1 Hour,1,31.20,None,0.00,0.00,31.20,Hannah Brooks,Beachfront Hut,Credit Card,Sunny
WSR-2026-1798,2026-08-01,August,Saturday,Summer,Online Booking,Fishing Kayak,Full Day,1,132.00,None,0.00,0.00,132.00,Emma Wilson,Beachfront Hut,Cash,Sunny
WSR-2026-1799,2026-08-01,August,Saturday,Summer,Online Booking,Stand-Up Paddle Board,1 Hour,1,31.20,None,0.00,0.00,31.20,Finn Johnson,Beachfront Hut,Credit Card,Sunny
WSR-2026-1800,2026-08-01,August,Saturday,Summer,Walk-in,Single Kayak,2 Hours,1,45.60,None,0.00,0.00,45.60,Mia Thompson,Beachfront Hut,Debit Card,Cloudy
WSR-2026-1801,2026-08-01,August,Saturday,Summer,Online Booking,Stand-Up Paddle Board,1 Hour,1,31.20,None,0.00,0.00,31.20,Emma Wilson,Lagoon Launch,Credit Card,Sunny
WSR-2026-1802,2026-08-01,August,Saturday,Summer,Resort Guest,Single Kayak,2 Hours,1,45.60,Waterproof Speaker,12.00,0.00,57.60,Diego Ramirez,Harbor Dock,Gift Card,Sunny
WSR-2026-1803,2026-08-01,August,Saturday,Summer,Online Booking,Hydro Bike,1 Hour,1,36.00,None,0.00,0.00,36.00,Hannah Brooks,Lagoon Launch,Gift Card,Sunny
WSR-2026-1804,2026-08-01,August,Saturday,Summer,Resort Guest,Surfboard,2 Hours,1,43.20,Phone Pouch,5.00,0.00,48.20,Emma Wilson,Resort Pier,Credit Card,Sunny
WSR-2026-1805,2026-08-01,August,Saturday,Summer,Group/Event,Single Kayak,Full Day,1,100.80,Phone Pouch,5.00,5.29,100.51,Ben Carter,Harbor Dock,Debit Card,Sunny
WSR-2026-1806,2026-08-01,August,Saturday,Summer,Walk-in,Stand-Up Paddle Board,Full Day,1,105.60,None,0.00,0.00,105.60,Mia Thompson,Resort Pier,Credit Card,Sunny
WSR-2026-1807,2026-08-01,August,Saturday,Summer,Resort Guest,Fishing Kayak,2 Hours,1,60.00,Dry Bag,6.00,0.00,66.00,Finn Johnson,Lagoon Launch,Cash,Cloudy
WSR-2026-1808,2026-08-01,August,Saturday,Summer,Online Booking,Tandem Kayak,Half Day,1,93.60,Dry Bag,6.00,0.00,99.60,Hannah Brooks,Resort Pier,Credit Card,Sunny
WSR-2026-1809,2026-08-02,August,Sunday,Summer,Resort Guest,Stand-Up Paddle Board,2 Hours,1,50.40,Dry Bag,6.00,0.00,56.40,Isaac Patel,Harbor Dock,Cash,Sunny
WSR-2026-1810,2026-08-02,August,Sunday,Summer,Group/Event,Stand-Up Paddle Board,2 Hours,1,50.40,None,0.00,0.00,50.40,Emma Wilson,Lagoon Launch,Cash,Sunny
WSR-2026-1811,2026-08-02,August,Sunday,Summer,Online Booking,Fishing Kayak,1 Hour,1,38.40,None,0.00,0.00,38.40,Mia Thompson,Marina Kiosk,Debit Card,Cloudy
WSR-2026-1812,2026-08-02,August,Sunday,Summer,Online Booking,Stand-Up Paddle Board,2 Hours,1,50.40,None,0.00,0.00,50.40,Grace Lee,Beachfront Hut,Debit Card,Sunny
WSR-2026-1813,2026-08-02,August,Sunday,Summer,Resort Guest,Stand-Up Paddle Board,2 Hours,1,50.40,Dry Bag,6.00,0.00,56.40,Mia Thompson,Resort Pier,Credit Card,Windy
WSR-2026-1814,2026-08-02,August,Sunday,Summer,Group/Event,Tandem Kayak,1 Hour,1,40.80,Phone Pouch,5.00,4.58,41.22,Grace Lee,Resort Pier,Debit Card,Sunny
WSR-2026-1815,2026-08-02,August,Sunday,Summer,Walk-in,Single Kayak,2 Hours,1,45.60,None,0.00,0.00,45.60,Diego Ramirez,Marina Kiosk,Debit Card,Sunny
WSR-2026-1816,2026-08-02,August,Sunday,Summer,Group/Event,Snorkel Set,1 Hour,1,14.40,None,0.00,1.44,12.96,Emma Wilson,Harbor Dock,Cash,Sunny
WSR-2026-1817,2026-08-02,August,Sunday,Summer,Resort Guest,Snorkel Set,Half Day,1,33.60,None,0.00,0.00,33.60,Ava Martinez,Harbor Dock,Credit Card,Sunny
WSR-2026-1818,2026-08-02,August,Sunday,Summer,Member,Surfboard,1 Hour,1,26.40,Dry Bag,6.00,4.86,27.54,Chloe Nguyen,Lagoon Launch,Credit Card,Sunny
WSR-2026-1819,2026-08-02,August,Sunday,Summer,Resort Guest,Stand-Up Paddle Board,2 Hours,1,50.40,None,0.00,0.00,50.40,Ava Martinez,Resort Pier,Cash,Sunny
WSR-2026-1820,2026-08-02,August,Sunday,Summer,Walk-in,Tandem Kayak,Half Day,1,93.60,Phone Pouch,5.00,0.00,98.60,Ava Martinez,Lagoon Launch,Mobile Pay,Cloudy
WSR-2026-1821,2026-08-02,August,Sunday,Summer,Resort Guest,Stand-Up Paddle Board,1 Hour,1,31.20,None,0.00,0.00,31.20,Ben Carter,Lagoon Launch,Debit Card,Sunny
WSR-2026-1822,2026-08-02,August,Sunday,Summer,Walk-in,Surfboard,1 Hour,1,26.40,Dry Bag,6.00,0.00,32.40,Finn Johnson,Resort Pier,Credit Card,Cloudy
WSR-2026-1823,2026-08-02,August,Sunday,Summer,Walk-in,Snorkel Set,Full Day,1,48.00,Phone Pouch,5.00,0.00,53.00,Grace Lee,Harbor Dock,Debit Card,Cloudy
WSR-2026-1824,2026-08-02,August,Sunday,Summer,Online Booking,Hydro Bike,1 Hour,1,36.00,None,0.00,0.00,36.00,Isaac Patel,Harbor Dock,Credit Card,Sunny
WSR-2026-1825,2026-08-02,August,Sunday,Summer,Resort Guest,Wetsuit Rental,2 Hours,1,19.20,Cooler Rental,10.00,0.00,29.20,Emma Wilson,Beachfront Hut,Credit Card,Cloudy
WSR-2026-1826,2026-08-02,August,Sunday,Summer,Resort Guest,Surfboard,2 Hours,1,43.20,None,0.00,2.16,41.04,Mia Thompson,Lagoon Launch,Credit Card,Sunny
WSR-2026-1827,2026-08-02,August,Sunday,Summer,Group/Event,Hydro Bike,1 Hour,1,36.00,Phone Pouch,5.00,0.00,41.00,Ava Martinez,Harbor Dock,Debit Card,Sunny
WSR-2026-1828,2026-08-02,August,Sunday,Summer,Group/Event,Wetsuit Rental,1 Hour,1,12.00,None,0.00,1.20,10.80,Mia Thompson,Marina Kiosk,Cash,Sunny
WSR-2026-1829,2026-08-02,August,Sunday,Summer,Walk-in,Stand-Up Paddle Board,1 Hour,1,31.20,Dry Bag,6.00,1.86,35.34,Emma Wilson,Beachfront Hut,Credit Card,Sunny
WSR-2026-1830,2026-08-02,August,Sunday,Summer,Group/Event,Stand-Up Paddle Board,2 Hours,1,50.40,Dry Bag,6.00,0.00,56.40,Chloe Nguyen,Lagoon Launch,Debit Card,Sunny
WSR-2026-1831,2026-08-02,August,Sunday,Summer,Online Booking,Stand-Up Paddle Board,2 Hours,1,50.40,GoPro Mount,8.00,0.00,58.40,Finn Johnson,Resort Pier,Cash,Sunny
WSR-2026-1832,2026-08-02,August,Sunday,Summer,Group/Event,Stand-Up Paddle Board,Half Day,1,74.40,Phone Pouch,5.00,7.94,71.46,Finn Johnson,Harbor Dock,Debit Card,Sunny
WSR-2026-1833,2026-08-03,August,Monday,Summer,Group/Event,Surfboard,Half Day,1,60.48,Dry Bag,6.00,3.32,63.16,Isaac Patel,Lagoon Launch,Credit Card,Sunny
WSR-2026-1834,2026-08-03,August,Monday,Summer,Online Booking,Hydro Bike,Half Day,1,80.64,Cooler Rental,10.00,0.00,90.64,Emma Wilson,Marina Kiosk,Credit Card,Sunny
WSR-2026-1835,2026-08-03,August,Monday,Summer,Online Booking,Surfboard,2 Hours,1,40.32,Dry Bag,6.00,0.00,46.32,Ava Martinez,Marina Kiosk,Mobile Pay,Cloudy
WSR-2026-1836,2026-08-03,August,Monday,Summer,Walk-in,Snorkel Set,Half Day,1,31.36,None,0.00,0.00,31.36,Emma Wilson,Resort Pier,Mobile Pay,Sunny
WSR-2026-1837,2026-08-03,August,Monday,Summer,Online Booking,Tandem Kayak,2 Hours,1,58.24,None,0.00,0.00,58.24,Grace Lee,Beachfront Hut,Credit Card,Cloudy
WSR-2026-1838,2026-08-03,August,Monday,Summer,Walk-in,Stand-Up Paddle Board,Half Day,1,69.44,Phone Pouch,5.00,0.00,74.44,Finn Johnson,Harbor Dock,Mobile Pay,Sunny
WSR-2026-1839,2026-08-03,August,Monday,Summer,Online Booking,Stand-Up Paddle Board,2 Hours,1,47.04,None,0.00,0.00,47.04,Diego Ramirez,Lagoon Launch,Credit Card,Sunny
WSR-2026-1840,2026-08-03,August,Monday,Summer,Online Booking,Single Kayak,1 Hour,1,26.88,None,0.00,0.00,26.88,Isaac Patel,Resort Pier,Credit Card,Sunny
WSR-2026-1841,2026-08-03,August,Monday,Summer,Walk-in,Stand-Up Paddle Board,1 Hour,1,29.12,None,0.00,1.46,27.66,Grace Lee,Marina Kiosk,Debit Card,Cloudy
WSR-2026-1842,2026-08-03,August,Monday,Summer,Walk-in,Tandem Kayak,2 Hours,1,58.24,None,0.00,0.00,58.24,Isaac Patel,Harbor Dock,Credit Card,Sunny
WSR-2026-1843,2026-08-03,August,Monday,Summer,Online Booking,Surfboard,1 Hour,1,24.64,None,0.00,0.00,24.64,Finn Johnson,Marina Kiosk,Credit Card,Sunny
WSR-2026-1844,2026-08-03,August,Monday,Summer,Online Booking,Surfboard,1 Hour,1,24.64,None,0.00,0.00,24.64,Diego Ramirez,Beachfront Hut,Credit Card,Sunny
WSR-2026-1845,2026-08-03,August,Monday,Summer,Walk-in,Stand-Up Paddle Board,1 Hour,1,29.12,None,0.00,0.00,29.12,Isaac Patel,Beachfront Hut,Credit Card,Sunny
WSR-2026-1846,2026-08-04,August,Tuesday,Summer,Walk-in,Stand-Up Paddle Board,2 Hours,1,47.04,None,0.00,0.00,47.04,Ava Martinez,Marina Kiosk,Credit Card,Sunny
WSR-2026-1847,2026-08-04,August,Tuesday,Summer,Resort Guest,Single Kayak,2 Hours,1,42.56,None,0.00,0.00,42.56,Ben Carter,Harbor Dock,Credit Card,Sunny
WSR-2026-1848,2026-08-04,August,Tuesday,Summer,Resort Guest,Snorkel Set,2 Hours,1,20.16,Phone Pouch,5.00,0.00,25.16,Diego Ramirez,Marina Kiosk,Mobile Pay,Sunny
WSR-2026-1849,2026-08-04,August,Tuesday,Summer,Online Booking,Single Kayak,2 Hours,1,42.56,None,0.00,0.00,42.56,Chloe Nguyen,Lagoon Launch,Mobile Pay,Sunny
WSR-2026-1850,2026-08-04,August,Tuesday,Summer,Walk-in,Single Kayak,Half Day,1,64.96,None,0.00,0.00,64.96,Hannah Brooks,Marina Kiosk,Credit Card,Sunny
WSR-2026-1851,2026-08-04,August,Tuesday,Summer,Online Booking,Tandem Kayak,Half Day,1,87.36,GoPro Mount,8.00,0.00,95.36,Ava Martinez,Marina Kiosk,Debit Card,Sunny
WSR-2026-1852,2026-08-05,August,Wednesday,Summer,Walk-in,Single Kayak,Half Day,1,64.96,Waterproof Speaker,12.00,0.00,76.96,Hannah Brooks,Harbor Dock,Gift Card,Sunny
WSR-2026-1853,2026-08-05,August,Wednesday,Summer,Member,Single Kayak,Half Day,1,64.96,None,0.00,6.50,58.46,Emma Wilson,Lagoon Launch,Credit Card,Sunny
WSR-2026-1854,2026-08-05,August,Wednesday,Summer,Resort Guest,Wetsuit Rental,Half Day,1,26.88,None,0.00,0.00,26.88,Mia Thompson,Beachfront Hut,Credit Card,Sunny
WSR-2026-1855,2026-08-05,August,Wednesday,Summer,Walk-in,Stand-Up Paddle Board,1 Hour,1,29.12,Waterproof Speaker,12.00,0.00,41.12,Ava Martinez,Harbor Dock,Debit Card,Sunny
WSR-2026-1856,2026-08-05,August,Wednesday,Summer,Online Booking,Hydro Bike,Half Day,1,80.64,None,0.00,0.00,80.64,Ben Carter,Beachfront Hut,Credit Card,Sunny
WSR-2026-1857,2026-08-05,August,Wednesday,Summer,Walk-in,Tandem Kayak,1 Hour,1,38.08,None,0.00,0.00,38.08,Finn Johnson,Lagoon Launch,Cash,Sunny
WSR-2026-1858,2026-08-05,August,Wednesday,Summer,Group/Event,Wetsuit Rental,1 Hour,1,11.20,Cooler Rental,10.00,1.06,20.14,Finn Johnson,Lagoon Launch,Credit Card,Sunny
WSR-2026-1859,2026-08-05,August,Wednesday,Summer,Walk-in,Single Kayak,2 Hours,1,42.56,Premium Life Jacket,7.00,0.00,49.56,Mia Thompson,Harbor Dock,Credit Card,Sunny
WSR-2026-1860,2026-08-05,August,Wednesday,Summer,Resort Guest,Pedal Boat,Full Day,1,138.88,Phone Pouch,5.00,0.00,143.88,Isaac Patel,Lagoon Launch,Debit Card,Sunny
WSR-2026-1861,2026-08-05,August,Wednesday,Summer,Online Booking,Pedal Boat,Full Day,1,138.88,None,0.00,0.00,138.88,Mia Thompson,Harbor Dock,Debit Card,Sunny
WSR-2026-1862,2026-08-05,August,Wednesday,Summer,Resort Guest,Stand-Up Paddle Board,1 Hour,1,29.12,None,0.00,0.00,29.12,Mia Thompson,Resort Pier,Credit Card,Sunny
WSR-2026-1863,2026-08-05,August,Wednesday,Summer,Walk-in,Tandem Kayak,Half Day,1,87.36,None,0.00,4.37,82.99,Diego Ramirez,Resort Pier,Mobile Pay,Cloudy
WSR-2026-1864,2026-08-06,August,Thursday,Summer,Online Booking,Wetsuit Rental,1 Hour,1,11.20,Phone Pouch,5.00,0.00,16.20,Ben Carter,Lagoon Launch,Gift Card,Sunny
WSR-2026-1865,2026-08-06,August,Thursday,Summer,Online Booking,Tandem Kayak,2 Hours,1,58.24,Premium Life Jacket,7.00,0.00,65.24,Ava Martinez,Resort Pier,Mobile Pay,Sunny
WSR-2026-1866,2026-08-06,August,Thursday,Summer,Resort Guest,Tandem Kayak,1 Hour,1,38.08,None,0.00,0.00,38.08,Ben Carter,Marina Kiosk,Debit Card,Sunny
WSR-2026-1867,2026-08-06,August,Thursday,Summer,Walk-in,Pedal Boat,2 Hours,1,64.96,Cooler Rental,10.00,0.00,74.96,Ava Martinez,Harbor Dock,Credit Card,Sunny
WSR-2026-1868,2026-08-06,August,Thursday,Summer,Resort Guest,Tandem Kayak,1 Hour,1,38.08,None,0.00,0.00,38.08,Ava Martinez,Harbor Dock,Credit Card,Sunny
WSR-2026-1869,2026-08-06,August,Thursday,Summer,Walk-in,Snorkel Set,2 Hours,1,20.16,None,0.00,0.00,20.16,Ava Martinez,Resort Pier,Mobile Pay,Cloudy
WSR-2026-1870,2026-08-06,August,Thursday,Summer,Online Booking,Stand-Up Paddle Board,Half Day,1,69.44,Cooler Rental,10.00,0.00,79.44,Emma Wilson,Marina Kiosk,Cash,Sunny
WSR-2026-1871,2026-08-06,August,Thursday,Summer,Resort Guest,Stand-Up Paddle Board,Half Day,1,69.44,GoPro Mount,8.00,0.00,77.44,Diego Ramirez,Resort Pier,Cash,Sunny
WSR-2026-1872,2026-08-06,August,Thursday,Summer,Walk-in,Surfboard,Half Day,1,60.48,Cooler Rental,10.00,0.00,70.48,Diego Ramirez,Lagoon Launch,Credit Card,Sunny
WSR-2026-1873,2026-08-06,August,Thursday,Summer,Resort Guest,Single Kayak,2 Hours,1,42.56,Dry Bag,6.00,0.00,48.56,Ben Carter,Marina Kiosk,Credit Card,Sunny
WSR-2026-1874,2026-08-06,August,Thursday,Summer,Walk-in,Hydro Bike,Full Day,1,116.48,None,0.00,0.00,116.48,Chloe Nguyen,Resort Pier,Debit Card,Sunny
WSR-2026-1875,2026-08-06,August,Thursday,Summer,Resort Guest,Tandem Kayak,2 Hours,1,58.24,Premium Life Jacket,7.00,0.00,65.24,Mia Thompson,Beachfront Hut,Debit Card,Cloudy
WSR-2026-1876,2026-08-06,August,Thursday,Summer,Walk-in,Bodyboard,1 Hour,1,15.68,GoPro Mount,8.00,0.00,23.68,Diego Ramirez,Marina Kiosk,Credit Card,Windy
WSR-2026-1877,2026-08-06,August,Thursday,Summer,Online Booking,Surfboard,1 Hour,1,24.64,Phone Pouch,5.00,0.00,29.64,Emma Wilson,Beachfront Hut,Cash,Sunny
WSR-2026-1878,2026-08-06,August,Thursday,Summer,Online Booking,Surfboard,1 Hour,1,24.64,None,0.00,0.00,24.64,Hannah Brooks,Harbor Dock,Debit Card,Sunny
WSR-2026-1879,2026-08-07,August,Friday,Summer,Online Booking,Single Kayak,1 Hour,1,26.88,Waterproof Speaker,12.00,0.00,38.88,Ava Martinez,Marina Kiosk,Credit Card,Sunny
WSR-2026-1880,2026-08-07,August,Friday,Summer,Walk-in,Stand-Up Paddle Board,1 Hour,1,29.12,None,0.00,0.00,29.12,Chloe Nguyen,Lagoon Launch,Debit Card,Sunny
WSR-2026-1881,2026-08-07,August,Friday,Summer,Walk-in,Tandem Kayak,Full Day,1,125.44,Premium Life Jacket,7.00,6.62,125.82,Chloe Nguyen,Beachfront Hut,Debit Card,Rainy
WSR-2026-1882,2026-08-07,August,Friday,Summer,Resort Guest,Surfboard,1 Hour,1,24.64,None,0.00,0.00,24.64,Diego Ramirez,Harbor Dock,Debit Card,Cloudy
WSR-2026-1883,2026-08-07,August,Friday,Summer,Walk-in,Wetsuit Rental,2 Hours,1,17.92,Phone Pouch,5.00,0.00,22.92,Ava Martinez,Harbor Dock,Credit Card,Sunny
WSR-2026-1884,2026-08-07,August,Friday,Summer,Online Booking,Tandem Kayak,1 Hour,1,38.08,None,0.00,0.00,38.08,Chloe Nguyen,Beachfront Hut,Credit Card,Sunny
WSR-2026-1885,2026-08-07,August,Friday,Summer,Walk-in,Snorkel Set,Half Day,1,31.36,Premium Life Jacket,7.00,0.00,38.36,Hannah Brooks,Marina Kiosk,Credit Card,Sunny
WSR-2026-1886,2026-08-07,August,Friday,Summer,Group/Event,Single Kayak,Full Day,1,94.08,Phone Pouch,5.00,0.00,99.08,Emma Wilson,Marina Kiosk,Credit Card,Sunny
WSR-2026-1887,2026-08-07,August,Friday,Summer,Resort Guest,Wetsuit Rental,Half Day,1,26.88,Premium Life Jacket,7.00,0.00,33.88,Diego Ramirez,Harbor Dock,Gift Card,Sunny
WSR-2026-1888,2026-08-07,August,Friday,Summer,Online Booking,Single Kayak,1 Hour,1,26.88,Premium Life Jacket,7.00,0.00,33.88,Chloe Nguyen,Harbor Dock,Credit Card,Sunny
WSR-2026-1889,2026-08-07,August,Friday,Summer,Resort Guest,Tandem Kayak,2 Hours,1,58.24,GoPro Mount,8.00,0.00,66.24,Mia Thompson,Lagoon Launch,Debit Card,Sunny
WSR-2026-1890,2026-08-07,August,Friday,Summer,Online Booking,Tandem Kayak,2 Hours,1,58.24,Dry Bag,6.00,0.00,64.24,Ben Carter,Lagoon Launch,Cash,Sunny
WSR-2026-1891,2026-08-07,August,Friday,Summer,Member,Single Kayak,2 Hours,1,42.56,None,0.00,4.26,38.30,Emma Wilson,Marina Kiosk,Debit Card,Sunny
WSR-2026-1892,2026-08-07,August,Friday,Summer,Online Booking,Stand-Up Paddle Board,Half Day,1,69.44,None,0.00,0.00,69.44,Mia Thompson,Resort Pier,Mobile Pay,Cloudy
WSR-2026-1893,2026-08-07,August,Friday,Summer,Online Booking,Stand-Up Paddle Board,2 Hours,1,47.04,Cooler Rental,10.00,0.00,57.04,Chloe Nguyen,Marina Kiosk,Cash,Sunny
WSR-2026-1894,2026-08-07,August,Friday,Summer,Online Booking,Surfboard,2 Hours,1,40.32,None,0.00,0.00,40.32,Ava Martinez,Resort Pier,Credit Card,Sunny
WSR-2026-1895,2026-08-07,August,Friday,Summer,Walk-in,Wetsuit Rental,Full Day,1,38.08,None,0.00,0.00,38.08,Ben Carter,Harbor Dock,Credit Card,Sunny
WSR-2026-1896,2026-08-07,August,Friday,Summer,Walk-in,Snorkel Set,2 Hours,1,20.16,None,0.00,0.00,20.16,Hannah Brooks,Marina Kiosk,Mobile Pay,Sunny
WSR-2026-1897,2026-08-07,August,Friday,Summer,Walk-in,Snorkel Set,1 Hour,1,13.44,GoPro Mount,8.00,1.07,20.37,Diego Ramirez,Lagoon Launch,Cash,Sunny
WSR-2026-1898,2026-08-07,August,Friday,Summer,Online Booking,Single Kayak,1 Hour,1,26.88,Dry Bag,6.00,0.00,32.88,Finn Johnson,Harbor Dock,Debit Card,Sunny
WSR-2026-1899,2026-08-07,August,Friday,Summer,Walk-in,Single Kayak,2 Hours,1,42.56,None,0.00,0.00,42.56,Hannah Brooks,Resort Pier,Mobile Pay,Sunny
WSR-2026-1900,2026-08-07,August,Friday,Summer,Online Booking,Single Kayak,1 Hour,1,26.88,Dry Bag,6.00,0.00,32.88,Ava Martinez,Marina Kiosk,Credit Card,Cloudy
WSR-2026-1901,2026-08-07,August,Friday,Summer,Resort Guest,Single Kayak,Half Day,1,64.96,Premium Life Jacket,7.00,0.00,71.96,Ben Carter,Lagoon Launch,Credit Card,Sunny
WSR-2026-1902,2026-08-07,August,Friday,Summer,Walk-in,Tandem Kayak,Half Day,1,87.36,Cooler Rental,10.00,0.00,97.36,Diego Ramirez,Lagoon Launch,Debit Card,Windy
WSR-2026-1903,2026-08-08,August,Saturday,Summer,Walk-in,Stand-Up Paddle Board,Half Day,1,74.40,None,0.00,0.00,74.40,Grace Lee,Resort Pier,Credit Card,Rainy
WSR-2026-1904,2026-08-08,August,Saturday,Summer,Resort Guest,Tandem Kayak,1 Hour,1,40.80,None,0.00,0.00,40.80,Isaac Patel,Resort Pier,Debit Card,Windy
WSR-2026-1905,2026-08-08,August,Saturday,Summer,Walk-in,Single Kayak,Half Day,1,69.60,None,0.00,0.00,69.60,Mia Thompson,Harbor Dock,Credit Card,Sunny
WSR-2026-1906,2026-08-08,August,Saturday,Summer,Group/Event,Stand-Up Paddle Board,1 Hour,1,31.20,GoPro Mount,8.00,3.92,35.28,Diego Ramirez,Harbor Dock,Mobile Pay,Sunny
WSR-2026-1907,2026-08-08,August,Saturday,Summer,Member,Pedal Boat,1 Hour,1,43.20,None,0.00,4.32,38.88,Grace Lee,Lagoon Launch,Credit Card,Sunny
WSR-2026-1908,2026-08-08,August,Saturday,Summer,Group/Event,Pedal Boat,2 Hours,1,69.60,None,0.00,3.48,66.12,Mia Thompson,Harbor Dock,Credit Card,Windy
WSR-2026-1909,2026-08-08,August,Saturday,Summer,Walk-in,Tandem Kayak,2 Hours,1,62.40,None,0.00,0.00,62.40,Ben Carter,Resort Pier,Debit Card,Cloudy
WSR-2026-1910,2026-08-08,August,Saturday,Summer,Walk-in,Stand-Up Paddle Board,1 Hour,1,31.20,None,0.00,0.00,31.20,Grace Lee,Marina Kiosk,Credit Card,Sunny
WSR-2026-1911,2026-08-08,August,Saturday,Summer,Online Booking,Stand-Up Paddle Board,2 Hours,1,50.40,GoPro Mount,8.00,0.00,58.40,Isaac Patel,Beachfront Hut,Mobile Pay,Sunny
WSR-2026-1912,2026-08-08,August,Saturday,Summer,Member,Pedal Boat,2 Hours,1,69.60,None,0.00,10.44,59.16,Hannah Brooks,Resort Pier,Credit Card,Sunny
WSR-2026-1913,2026-08-08,August,Saturday,Summer,Online Booking,Tandem Kayak,2 Hours,1,62.40,Cooler Rental,10.00,0.00,72.40,Ava Martinez,Lagoon Launch,Debit Card,Sunny
WSR-2026-1914,2026-08-08,August,Saturday,Summer,Online Booking,Bodyboard,2 Hours,1,26.40,Cooler Rental,10.00,0.00,36.40,Ava Martinez,Lagoon Launch,Debit Card,Sunny
WSR-2026-1915,2026-08-08,August,Saturday,Summer,Group/Event,Snorkel Set,1 Hour,1,14.40,Premium Life Jacket,7.00,0.00,21.40,Mia Thompson,Harbor Dock,Credit Card,Sunny
WSR-2026-1916,2026-08-08,August,Saturday,Summer,Resort Guest,Wetsuit Rental,2 Hours,1,19.20,Dry Bag,6.00,0.00,25.20,Chloe Nguyen,Marina Kiosk,Credit Card,Cloudy
WSR-2026-1917,2026-08-08,August,Saturday,Summer,Online Booking,Bodyboard,2 Hours,1,26.40,Phone Pouch,5.00,0.00,31.40,Isaac Patel,Lagoon Launch,Debit Card,Windy
WSR-2026-1918,2026-08-08,August,Saturday,Summer,Walk-in,Wetsuit Rental,1 Hour,1,12.00,None,0.00,0.00,12.00,Chloe Nguyen,Beachfront Hut,Credit Card,Sunny
WSR-2026-1919,2026-08-08,August,Saturday,Summer,Online Booking,Fishing Kayak,1 Hour,1,38.40,Premium Life Jacket,7.00,0.00,45.40,Grace Lee,Lagoon Launch,Mobile Pay,Sunny
WSR-2026-1920,2026-08-08,August,Saturday,Summer,Resort Guest,Pedal Boat,Half Day,1,103.20,Phone Pouch,5.00,0.00,108.20,Finn Johnson,Lagoon Launch,Debit Card,Sunny
WSR-2026-1921,2026-08-08,August,Saturday,Summer,Walk-in,Single Kayak,1 Hour,1,28.80,None,0.00,0.00,28.80,Hannah Brooks,Harbor Dock,Cash,Sunny
WSR-2026-1922,2026-08-08,August,Saturday,Summer,Online Booking,Tandem Kayak,1 Hour,1,40.80,None,0.00,0.00,40.80,Diego Ramirez,Resort Pier,Gift Card,Sunny
WSR-2026-1923,2026-08-08,August,Saturday,Summer,Walk-in,Stand-Up Paddle Board,Half Day,1,74.40,Cooler Rental,10.00,0.00,84.40,Chloe Nguyen,Lagoon Launch,Debit Card,Sunny
WSR-2026-1924,2026-08-08,August,Saturday,Summer,Group/Event,Tandem Kayak,Half Day,1,93.60,None,0.00,4.68,88.92,Diego Ramirez,Beachfront Hut,Debit Card,Cloudy
WSR-2026-1925,2026-08-08,August,Saturday,Summer,Member,Surfboard,2 Hours,1,43.20,None,0.00,4.32,38.88,Finn Johnson,Lagoon Launch,Cash,Windy
WSR-2026-1926,2026-08-08,August,Saturday,Summer,Walk-in,Single Kayak,2 Hours,1,45.60,None,0.00,0.00,45.60,Hannah Brooks,Beachfront Hut,Credit Card,Sunny
WSR-2026-1927,2026-08-08,August,Saturday,Summer,Online Booking,Surfboard,2 Hours,1,43.20,None,0.00,0.00,43.20,Mia Thompson,Harbor Dock,Cash,Cloudy
WSR-2026-1928,2026-08-08,August,Saturday,Summer,Online Booking,Stand-Up Paddle Board,1 Hour,1,31.20,None,0.00,0.00,31.20,Emma Wilson,Lagoon Launch,Cash,Sunny
WSR-2026-1929,2026-08-08,August,Saturday,Summer,Online Booking,Stand-Up Paddle Board,1 Hour,1,31.20,None,0.00,1.56,29.64,Ben Carter,Resort Pier,Debit Card,Sunny
WSR-2026-1930,2026-08-08,August,Saturday,Summer,Online Booking,Hydro Bike,Half Day,1,86.40,Premium Life Jacket,7.00,0.00,93.40,Emma Wilson,Harbor Dock,Credit Card,Sunny
WSR-2026-1931,2026-08-08,August,Saturday,Summer,Walk-in,Tandem Kayak,1 Hour,1,40.80,None,0.00,0.00,40.80,Isaac Patel,Lagoon Launch,Debit Card,Sunny
WSR-2026-1932,2026-08-08,August,Saturday,Summer,Walk-in,Stand-Up Paddle Board,1 Hour,1,31.20,Dry Bag,6.00,0.00,37.20,Hannah Brooks,Marina Kiosk,Debit Card,Sunny
WSR-2026-1933,2026-08-08,August,Saturday,Summer,Online Booking,Single Kayak,2 Hours,1,45.60,Cooler Rental,10.00,0.00,55.60,Emma Wilson,Marina Kiosk,Credit Card,Sunny
WSR-2026-1934,2026-08-08,August,Saturday,Summer,Walk-in,Surfboard,2 Hours,1,43.20,None,0.00,0.00,43.20,Isaac Patel,Beachfront Hut,Mobile Pay,Sunny
WSR-2026-1935,2026-08-08,August,Saturday,Summer,Online Booking,Surfboard,Full Day,1,91.20,Phone Pouch,5.00,0.00,96.20,Ben Carter,Resort Pier,Credit Card,Sunny
WSR-2026-1936,2026-08-09,August,Sunday,Summer,Group/Event,Stand-Up Paddle Board,1 Hour,1,31.20,Phone Pouch,5.00,1.81,34.39,Emma Wilson,Resort Pier,Gift Card,Sunny
WSR-2026-1937,2026-08-09,August,Sunday,Summer,Online Booking,Tandem Kayak,1 Hour,1,40.80,None,0.00,0.00,40.80,Ava Martinez,Harbor Dock,Debit Card,Windy
WSR-2026-1938,2026-08-09,August,Sunday,Summer,Walk-in,Surfboard,1 Hour,1,26.40,None,0.00,0.00,26.40,Mia Thompson,Resort Pier,Mobile Pay,Sunny
WSR-2026-1939,2026-08-09,August,Sunday,Summer,Walk-in,Tandem Kayak,1 Hour,1,40.80,Phone Pouch,5.00,0.00,45.80,Emma Wilson,Marina Kiosk,Debit Card,Cloudy
WSR-2026-1940,2026-08-09,August,Sunday,Summer,Walk-in,Stand-Up Paddle Board,2 Hours,1,50.40,None,0.00,0.00,50.40,Grace Lee,Harbor Dock,Credit Card,Cloudy
WSR-2026-1941,2026-08-09,August,Sunday,Summer,Online Booking,Tandem Kayak,Half Day,1,93.60,Cooler Rental,10.00,0.00,103.60,Ben Carter,Beachfront Hut,Credit Card,Sunny
WSR-2026-1942,2026-08-09,August,Sunday,Summer,Online Booking,Single Kayak,2 Hours,1,45.60,None,0.00,0.00,45.60,Emma Wilson,Lagoon Launch,Debit Card,Sunny
WSR-2026-1943,2026-08-09,August,Sunday,Summer,Walk-in,Surfboard,Full Day,1,91.20,None,0.00,0.00,91.20,Ben Carter,Resort Pier,Credit Card,Sunny
WSR-2026-1944,2026-08-09,August,Sunday,Summer,Online Booking,Hydro Bike,2 Hours,1,57.60,None,0.00,0.00,57.60,Ava Martinez,Marina Kiosk,Mobile Pay,Sunny
WSR-2026-1945,2026-08-09,August,Sunday,Summer,Walk-in,Surfboard,Half Day,1,64.80,Cooler Rental,10.00,0.00,74.80,Mia Thompson,Resort Pier,Cash,Sunny
WSR-2026-1946,2026-08-09,August,Sunday,Summer,Walk-in,Wetsuit Rental,Full Day,1,40.80,None,0.00,0.00,40.80,Ava Martinez,Marina Kiosk,Debit Card,Cloudy
WSR-2026-1947,2026-08-09,August,Sunday,Summer,Resort Guest,Stand-Up Paddle Board,Half Day,1,74.40,Waterproof Speaker,12.00,0.00,86.40,Ava Martinez,Beachfront Hut,Credit Card,Cloudy
WSR-2026-1948,2026-08-09,August,Sunday,Summer,Group/Event,Fishing Kayak,Half Day,1,91.20,None,0.00,0.00,91.20,Ben Carter,Marina Kiosk,Mobile Pay,Sunny
WSR-2026-1949,2026-08-09,August,Sunday,Summer,Walk-in,Fishing Kayak,2 Hours,1,60.00,None,0.00,0.00,60.00,Ben Carter,Lagoon Launch,Cash,Sunny
WSR-2026-1950,2026-08-09,August,Sunday,Summer,Online Booking,Tandem Kayak,2 Hours,1,62.40,Premium Life Jacket,7.00,3.47,65.93,Diego Ramirez,Lagoon Launch,Credit Card,Sunny
WSR-2026-1951,2026-08-09,August,Sunday,Summer,Group/Event,Stand-Up Paddle Board,Half Day,1,74.40,Dry Bag,6.00,0.00,80.40,Grace Lee,Beachfront Hut,Cash,Sunny
WSR-2026-1952,2026-08-09,August,Sunday,Summer,Resort Guest,Stand-Up Paddle Board,1 Hour,1,31.20,None,0.00,0.00,31.20,Ben Carter,Resort Pier,Credit Card,Sunny
WSR-2026-1953,2026-08-09,August,Sunday,Summer,Member,Stand-Up Paddle Board,1 Hour,1,31.20,Dry Bag,6.00,5.58,31.62,Ava Martinez,Marina Kiosk,Cash,Sunny
WSR-2026-1954,2026-08-09,August,Sunday,Summer,Online Booking,Surfboard,Half Day,1,64.80,None,0.00,0.00,64.80,Diego Ramirez,Beachfront Hut,Debit Card,Sunny
WSR-2026-1955,2026-08-09,August,Sunday,Summer,Walk-in,Snorkel Set,2 Hours,1,21.60,Phone Pouch,5.00,0.00,26.60,Finn Johnson,Lagoon Launch,Cash,Sunny
WSR-2026-1956,2026-08-09,August,Sunday,Summer,Online Booking,Stand-Up Paddle Board,2 Hours,1,50.40,Cooler Rental,10.00,0.00,60.40,Finn Johnson,Harbor Dock,Debit Card,Cloudy
WSR-2026-1957,2026-08-09,August,Sunday,Summer,Walk-in,Single Kayak,1 Hour,1,28.80,None,0.00,0.00,28.80,Isaac Patel,Lagoon Launch,Mobile Pay,Sunny
WSR-2026-1958,2026-08-09,August,Sunday,Summer,Online Booking,Single Kayak,1 Hour,1,28.80,None,0.00,0.00,28.80,Mia Thompson,Lagoon Launch,Mobile Pay,Sunny
WSR-2026-1959,2026-08-09,August,Sunday,Summer,Walk-in,Single Kayak,Full Day,1,100.80,None,0.00,0.00,100.80,Diego Ramirez,Lagoon Launch,Credit Card,Windy
WSR-2026-1960,2026-08-09,August,Sunday,Summer,Walk-in,Single Kayak,Half Day,1,69.60,None,0.00,0.00,69.60,Grace Lee,Harbor Dock,Credit Card,Sunny
WSR-2026-1961,2026-08-09,August,Sunday,Summer,Online Booking,Stand-Up Paddle Board,2 Hours,1,50.40,Phone Pouch,5.00,0.00,55.40,Ben Carter,Beachfront Hut,Credit Card,Sunny
WSR-2026-1962,2026-08-09,August,Sunday,Summer,Walk-in,Pedal Boat,2 Hours,1,69.60,None,0.00,3.48,66.12,Emma Wilson,Lagoon Launch,Debit Card,Sunny
WSR-2026-1963,2026-08-09,August,Sunday,Summer,Walk-in,Wetsuit Rental,1 Hour,1,12.00,Premium Life Jacket,7.00,0.00,19.00,Chloe Nguyen,Beachfront Hut,Mobile Pay,Sunny
WSR-2026-1964,2026-08-10,August,Monday,Summer,Online Booking,Snorkel Set,Half Day,1,31.36,Waterproof Speaker,12.00,0.00,43.36,Finn Johnson,Harbor Dock,Credit Card,Sunny
WSR-2026-1965,2026-08-10,August,Monday,Summer,Online Booking,Stand-Up Paddle Board,1 Hour,1,29.12,None,0.00,0.00,29.12,Ben Carter,Harbor Dock,Credit Card,Sunny
WSR-2026-1966,2026-08-10,August,Monday,Summer,Online Booking,Pedal Boat,2 Hours,1,64.96,Waterproof Speaker,12.00,0.00,76.96,Mia Thompson,Harbor Dock,Debit Card,Sunny
WSR-2026-1967,2026-08-10,August,Monday,Summer,Walk-in,Stand-Up Paddle Board,Half Day,1,69.44,None,0.00,0.00,69.44,Ben Carter,Marina Kiosk,Mobile Pay,Sunny
WSR-2026-1968,2026-08-10,August,Monday,Summer,Online Booking,Tandem Kayak,2 Hours,1,58.24,Waterproof Speaker,12.00,0.00,70.24,Ava Martinez,Beachfront Hut,Debit Card,Cloudy
WSR-2026-1969,2026-08-10,August,Monday,Summer,Resort Guest,Stand-Up Paddle Board,2 Hours,1,47.04,None,0.00,0.00,47.04,Ben Carter,Resort Pier,Mobile Pay,Sunny
WSR-2026-1970,2026-08-10,August,Monday,Summer,Walk-in,Single Kayak,1 Hour,1,26.88,None,0.00,0.00,26.88,Chloe Nguyen,Lagoon Launch,Credit Card,Sunny
WSR-2026-1971,2026-08-10,August,Monday,Summer,Walk-in,Tandem Kayak,Half Day,1,87.36,Dry Bag,6.00,0.00,93.36,Chloe Nguyen,Harbor Dock,Debit Card,Sunny
WSR-2026-1972,2026-08-10,August,Monday,Summer,Walk-in,Fishing Kayak,2 Hours,1,56.00,None,0.00,0.00,56.00,Diego Ramirez,Lagoon Launch,Mobile Pay,Sunny
WSR-2026-1973,2026-08-10,August,Monday,Summer,Resort Guest,Single Kayak,2 Hours,1,42.56,None,0.00,0.00,42.56,Chloe Nguyen,Resort Pier,Cash,Sunny
WSR-2026-1974,2026-08-10,August,Monday,Summer,Walk-in,Snorkel Set,Full Day,1,44.80,Dry Bag,6.00,0.00,50.80,Emma Wilson,Marina Kiosk,Cash,Sunny
WSR-2026-1975,2026-08-11,August,Tuesday,Summer,Walk-in,Tandem Kayak,1 Hour,1,38.08,Dry Bag,6.00,0.00,44.08,Diego Ramirez,Lagoon Launch,Mobile Pay,Windy
WSR-2026-1976,2026-08-11,August,Tuesday,Summer,Online Booking,Single Kayak,2 Hours,1,42.56,None,0.00,0.00,42.56,Ava Martinez,Resort Pier,Credit Card,Sunny
WSR-2026-1977,2026-08-11,August,Tuesday,Summer,Online Booking,Snorkel Set,Half Day,1,31.36,Cooler Rental,10.00,0.00,41.36,Mia Thompson,Lagoon Launch,Debit Card,Sunny
WSR-2026-1978,2026-08-11,August,Tuesday,Summer,Walk-in,Stand-Up Paddle Board,2 Hours,1,47.04,Phone Pouch,5.00,0.00,52.04,Emma Wilson,Resort Pier,Cash,Sunny
WSR-2026-1979,2026-08-11,August,Tuesday,Summer,Online Booking,Fishing Kayak,Half Day,1,85.12,None,0.00,0.00,85.12,Hannah Brooks,Marina Kiosk,Credit Card,Sunny
WSR-2026-1980,2026-08-11,August,Tuesday,Summer,Resort Guest,Single Kayak,2 Hours,1,42.56,Dry Bag,6.00,0.00,48.56,Hannah Brooks,Marina Kiosk,Credit Card,Cloudy
WSR-2026-1981,2026-08-11,August,Tuesday,Summer,Online Booking,Tandem Kayak,1 Hour,1,38.08,Dry Bag,6.00,0.00,44.08,Ben Carter,Harbor Dock,Credit Card,Windy
WSR-2026-1982,2026-08-11,August,Tuesday,Summer,Walk-in,Snorkel Set,1 Hour,1,13.44,None,0.00,0.00,13.44,Finn Johnson,Harbor Dock,Debit Card,Sunny
WSR-2026-1983,2026-08-11,August,Tuesday,Summer,Online Booking,Stand-Up Paddle Board,Half Day,1,69.44,None,0.00,0.00,69.44,Chloe Nguyen,Lagoon Launch,Cash,Sunny
WSR-2026-1984,2026-08-11,August,Tuesday,Summer,Walk-in,Surfboard,2 Hours,1,40.32,None,0.00,0.00,40.32,Ava Martinez,Beachfront Hut,Debit Card,Sunny
WSR-2026-1985,2026-08-12,August,Wednesday,Summer,Walk-in,Snorkel Set,2 Hours,1,20.16,GoPro Mount,8.00,0.00,28.16,Ben Carter,Beachfront Hut,Credit Card,Sunny
WSR-2026-1986,2026-08-12,August,Wednesday,Summer,Online Booking,Single Kayak,2 Hours,1,42.56,None,0.00,2.13,40.43,Mia Thompson,Resort Pier,Credit Card,Sunny
WSR-2026-1987,2026-08-12,August,Wednesday,Summer,Online Booking,Single Kayak,2 Hours,1,42.56,Waterproof Speaker,12.00,0.00,54.56,Isaac Patel,Harbor Dock,Debit Card,Sunny
WSR-2026-1988,2026-08-12,August,Wednesday,Summer,Resort Guest,Single Kayak,1 Hour,1,26.88,Phone Pouch,5.00,0.00,31.88,Ava Martinez,Lagoon Launch,Credit Card,Sunny
WSR-2026-1989,2026-08-12,August,Wednesday,Summer,Resort Guest,Tandem Kayak,1 Hour,1,38.08,Phone Pouch,5.00,0.00,43.08,Grace Lee,Beachfront Hut,Gift Card,Cloudy
WSR-2026-1990,2026-08-12,August,Wednesday,Summer,Online Booking,Snorkel Set,1 Hour,1,13.44,GoPro Mount,8.00,0.00,21.44,Grace Lee,Marina Kiosk,Credit Card,Windy
WSR-2026-1991,2026-08-12,August,Wednesday,Summer,Walk-in,Bodyboard,2 Hours,1,24.64,GoPro Mount,8.00,0.00,32.64,Hannah Brooks,Marina Kiosk,Credit Card,Sunny
WSR-2026-1992,2026-08-12,August,Wednesday,Summer,Online Booking,Fishing Kayak,2 Hours,1,56.00,None,0.00,0.00,56.00,Ava Martinez,Beachfront Hut,Cash,Sunny
WSR-2026-1993,2026-08-12,August,Wednesday,Summer,Resort Guest,Single Kayak,Full Day,1,94.08,Cooler Rental,10.00,0.00,104.08,Emma Wilson,Lagoon Launch,Credit Card,Sunny
WSR-2026-1994,2026-08-12,August,Wednesday,Summer,Resort Guest,Single Kayak,1 Hour,1,26.88,Dry Bag,6.00,0.00,32.88,Ben Carter,Beachfront Hut,Credit Card,Sunny
WSR-2026-1995,2026-08-13,August,Thursday,Summer,Walk-in,Surfboard,2 Hours,1,40.32,None,0.00,0.00,40.32,Ben Carter,Lagoon Launch,Credit Card,Cloudy
WSR-2026-1996,2026-08-13,August,Thursday,Summer,Online Booking,Snorkel Set,2 Hours,1,20.16,None,0.00,0.00,20.16,Mia Thompson,Beachfront Hut,Credit Card,Sunny
WSR-2026-1997,2026-08-13,August,Thursday,Summer,Online Booking,Surfboard,Half Day,1,60.48,GoPro Mount,8.00,0.00,68.48,Finn Johnson,Lagoon Launch,Debit Card,Sunny
WSR-2026-1998,2026-08-13,August,Thursday,Summer,Walk-in,Stand-Up Paddle Board,Half Day,1,69.44,Phone Pouch,5.00,0.00,74.44,Ava Martinez,Lagoon Launch,Credit Card,Cloudy
WSR-2026-1999,2026-08-13,August,Thursday,Summer,Resort Guest,Surfboard,1 Hour,1,24.64,None,0.00,0.00,24.64,Grace Lee,Beachfront Hut,Credit Card,Sunny
WSR-2026-2000,2026-08-13,August,Thursday,Summer,Online Booking,Single Kayak,Half Day,1,64.96,None,0.00,0.00,64.96,Chloe Nguyen,Marina Kiosk,Credit Card,Sunny
WSR-2026-2001,2026-08-13,August,Thursday,Summer,Walk-in,Surfboard,2 Hours,1,40.32,None,0.00,0.00,40.32,Mia Thompson,Lagoon Launch,Credit Card,Sunny
WSR-2026-2002,2026-08-13,August,Thursday,Summer,Online Booking,Stand-Up Paddle Board,2 Hours,1,47.04,None,0.00,0.00,47.04,Isaac Patel,Marina Kiosk,Credit Card,Sunny
WSR-2026-2003,2026-08-13,August,Thursday,Summer,Online Booking,Stand-Up Paddle Board,Half Day,1,69.44,None,0.00,0.00,69.44,Hannah Brooks,Harbor Dock,Credit Card,Sunny
WSR-2026-2004,2026-08-13,August,Thursday,Summer,Resort Guest,Bodyboard,2 Hours,1,24.64,GoPro Mount,8.00,0.00,32.64,Mia Thompson,Beachfront Hut,Credit Card,Windy
WSR-2026-2005,2026-08-13,August,Thursday,Summer,Walk-in,Single Kayak,Half Day,1,64.96,Dry Bag,6.00,0.00,70.96,Grace Lee,Resort Pier,Credit Card,Sunny
WSR-2026-2006,2026-08-13,August,Thursday,Summer,Group/Event,Tandem Kayak,2 Hours,1,58.24,None,0.00,0.00,58.24,Chloe Nguyen,Beachfront Hut,Credit Card,Windy
WSR-2026-2007,2026-08-13,August,Thursday,Summer,Walk-in,Surfboard,1 Hour,1,24.64,Dry Bag,6.00,0.00,30.64,Ben Carter,Marina Kiosk,Debit Card,Cloudy
WSR-2026-2008,2026-08-13,August,Thursday,Summer,Walk-in,Fishing Kayak,2 Hours,1,56.00,Phone Pouch,5.00,0.00,61.00,Isaac Patel,Marina Kiosk,Mobile Pay,Sunny
WSR-2026-2009,2026-08-14,August,Friday,Summer,Resort Guest,Snorkel Set,2 Hours,1,20.16,None,0.00,0.00,20.16,Emma Wilson,Beachfront Hut,Debit Card,Sunny
WSR-2026-2010,2026-08-14,August,Friday,Summer,Online Booking,Surfboard,Half Day,1,60.48,GoPro Mount,8.00,0.00,68.48,Ben Carter,Beachfront Hut,Debit Card,Sunny
WSR-2026-2011,2026-08-14,August,Friday,Summer,Online Booking,Pedal Boat,2 Hours,1,64.96,None,0.00,0.00,64.96,Chloe Nguyen,Lagoon Launch,Mobile Pay,Cloudy
WSR-2026-2012,2026-08-14,August,Friday,Summer,Walk-in,Surfboard,2 Hours,1,40.32,None,0.00,0.00,40.32,Chloe Nguyen,Resort Pier,Credit Card,Sunny
WSR-2026-2013,2026-08-14,August,Friday,Summer,Resort Guest,Single Kayak,Half Day,1,64.96,None,0.00,0.00,64.96,Ben Carter,Harbor Dock,Cash,Sunny
WSR-2026-2014,2026-08-14,August,Friday,Summer,Online Booking,Single Kayak,Full Day,1,94.08,Cooler Rental,10.00,0.00,104.08,Mia Thompson,Resort Pier,Debit Card,Cloudy
WSR-2026-2015,2026-08-14,August,Friday,Summer,Online Booking,Stand-Up Paddle Board,2 Hours,1,47.04,Dry Bag,6.00,0.00,53.04,Ben Carter,Harbor Dock,Debit Card,Sunny
WSR-2026-2016,2026-08-14,August,Friday,Summer,Walk-in,Tandem Kayak,Half Day,1,87.36,GoPro Mount,8.00,0.00,95.36,Emma Wilson,Harbor Dock,Debit Card,Cloudy
WSR-2026-2017,2026-08-14,August,Friday,Summer,Online Booking,Tandem Kayak,1 Hour,1,38.08,None,0.00,1.90,36.18,Grace Lee,Resort Pier,Debit Card,Windy
WSR-2026-2018,2026-08-14,August,Friday,Summer,Online Booking,Tandem Kayak,Half Day,1,87.36,None,0.00,0.00,87.36,Grace Lee,Resort Pier,Debit Card,Sunny
WSR-2026-2019,2026-08-14,August,Friday,Summer,Member,Stand-Up Paddle Board,2 Hours,1,47.04,None,0.00,7.06,39.98,Finn Johnson,Harbor Dock,Debit Card,Cloudy
WSR-2026-2020,2026-08-14,August,Friday,Summer,Walk-in,Stand-Up Paddle Board,1 Hour,1,29.12,Dry Bag,6.00,0.00,35.12,Mia Thompson,Beachfront Hut,Debit Card,Sunny
WSR-2026-2021,2026-08-14,August,Friday,Summer,Walk-in,Snorkel Set,2 Hours,1,20.16,None,0.00,0.00,20.16,Isaac Patel,Harbor Dock,Debit Card,Sunny
WSR-2026-2022,2026-08-14,August,Friday,Summer,Group/Event,Stand-Up Paddle Board,2 Hours,1,47.04,None,0.00,2.35,44.69,Mia Thompson,Lagoon Launch,Debit Card,Sunny
WSR-2026-2023,2026-08-14,August,Friday,Summer,Online Booking,Stand-Up Paddle Board,2 Hours,1,47.04,GoPro Mount,8.00,0.00,55.04,Ava Martinez,Marina Kiosk,Debit Card,Sunny
WSR-2026-2024,2026-08-14,August,Friday,Summer,Online Booking,Snorkel Set,Full Day,1,44.80,Waterproof Speaker,12.00,0.00,56.80,Ava Martinez,Harbor Dock,Credit Card,Sunny
WSR-2026-2025,2026-08-14,August,Friday,Summer,Group/Event,Single Kayak,2 Hours,1,42.56,Premium Life Jacket,7.00,2.48,47.08,Grace Lee,Harbor Dock,Credit Card,Sunny
WSR-2026-2026,2026-08-14,August,Friday,Summer,Walk-in,Single Kayak,2 Hours,1,42.56,Phone Pouch,5.00,0.00,47.56,Isaac Patel,Marina Kiosk,Credit Card,Sunny
WSR-2026-2027,2026-08-14,August,Friday,Summer,Online Booking,Single Kayak,Full Day,1,94.08,Phone Pouch,5.00,0.00,99.08,Isaac Patel,Resort Pier,Credit Card,Windy
WSR-2026-2028,2026-08-14,August,Friday,Summer,Walk-in,Bodyboard,1 Hour,1,15.68,Dry Bag,6.00,0.00,21.68,Diego Ramirez,Resort Pier,Credit Card,Sunny
WSR-2026-2029,2026-08-14,August,Friday,Summer,Online Booking,Surfboard,1 Hour,1,24.64,None,0.00,0.00,24.64,Grace Lee,Resort Pier,Mobile Pay,Sunny
WSR-2026-2030,2026-08-14,August,Friday,Summer,Online Booking,Single Kayak,Half Day,1,64.96,None,0.00,0.00,64.96,Emma Wilson,Harbor Dock,Credit Card,Sunny
WSR-2026-2031,2026-08-14,August,Friday,Summer,Walk-in,Single Kayak,Half Day,1,64.96,Waterproof Speaker,12.00,0.00,76.96,Mia Thompson,Lagoon Launch,Credit Card,Sunny
WSR-2026-2032,2026-08-14,August,Friday,Summer,Online Booking,Hydro Bike,2 Hours,1,53.76,Phone Pouch,5.00,0.00,58.76,Emma Wilson,Marina Kiosk,Mobile Pay,Sunny
WSR-2026-2033,2026-08-14,August,Friday,Summer,Resort Guest,Single Kayak,Half Day,1,64.96,Waterproof Speaker,12.00,0.00,76.96,Ben Carter,Lagoon Launch,Credit Card,Sunny
WSR-2026-2034,2026-08-14,August,Friday,Summer,Walk-in,Surfboard,Full Day,1,85.12,None,0.00,0.00,85.12,Ava Martinez,Resort Pier,Mobile Pay,Sunny
WSR-2026-2035,2026-08-15,August,Saturday,Summer,Resort Guest,Stand-Up Paddle Board,Half Day,1,74.40,None,0.00,0.00,74.40,Hannah Brooks,Harbor Dock,Credit Card,Sunny
WSR-2026-2036,2026-08-15,August,Saturday,Summer,Group/Event,Tandem Kayak,1 Hour,1,40.80,Cooler Rental,10.00,2.54,48.26,Ava Martinez,Lagoon Launch,Credit Card,Cloudy
WSR-2026-2037,2026-08-15,August,Saturday,Summer,Resort Guest,Tandem Kayak,Half Day,1,93.60,GoPro Mount,8.00,0.00,101.60,Hannah Brooks,Lagoon Launch,Debit Card,Windy
WSR-2026-2038,2026-08-15,August,Saturday,Summer,Walk-in,Pedal Boat,Half Day,1,103.20,Cooler Rental,10.00,0.00,113.20,Ben Carter,Lagoon Launch,Mobile Pay,Sunny
WSR-2026-2039,2026-08-15,August,Saturday,Summer,Online Booking,Wetsuit Rental,1 Hour,1,12.00,Waterproof Speaker,12.00,0.00,24.00,Ben Carter,Beachfront Hut,Mobile Pay,Sunny
WSR-2026-2040,2026-08-15,August,Saturday,Summer,Online Booking,Single Kayak,2 Hours,1,45.60,GoPro Mount,8.00,0.00,53.60,Diego Ramirez,Resort Pier,Credit Card,Sunny
WSR-2026-2041,2026-08-15,August,Saturday,Summer,Member,Tandem Kayak,Half Day,1,93.60,Cooler Rental,10.00,10.36,93.24,Ben Carter,Harbor Dock,Mobile Pay,Sunny
WSR-2026-2042,2026-08-15,August,Saturday,Summer,Member,Stand-Up Paddle Board,1 Hour,1,31.20,Dry Bag,6.00,3.72,33.48,Ava Martinez,Marina Kiosk,Credit Card,Windy
WSR-2026-2043,2026-08-15,August,Saturday,Summer,Online Booking,Wetsuit Rental,2 Hours,1,19.20,None,0.00,0.00,19.20,Finn Johnson,Resort Pier,Mobile Pay,Windy
WSR-2026-2044,2026-08-15,August,Saturday,Summer,Group/Event,Bodyboard,1 Hour,1,16.80,Dry Bag,6.00,2.28,20.52,Finn Johnson,Beachfront Hut,Credit Card,Sunny
WSR-2026-2045,2026-08-15,August,Saturday,Summer,Online Booking,Stand-Up Paddle Board,Full Day,1,105.60,None,0.00,0.00,105.60,Finn Johnson,Lagoon Launch,Mobile Pay,Sunny
WSR-2026-2046,2026-08-15,August,Saturday,Summer,Online Booking,Tandem Kayak,1 Hour,1,40.80,None,0.00,0.00,40.80,Hannah Brooks,Resort Pier,Cash,Sunny
WSR-2026-2047,2026-08-15,August,Saturday,Summer,Walk-in,Tandem Kayak,2 Hours,1,62.40,GoPro Mount,8.00,0.00,70.40,Mia Thompson,Marina Kiosk,Credit Card,Sunny
WSR-2026-2048,2026-08-15,August,Saturday,Summer,Resort Guest,Single Kayak,1 Hour,1,28.80,Phone Pouch,5.00,0.00,33.80,Diego Ramirez,Resort Pier,Cash,Windy
WSR-2026-2049,2026-08-15,August,Saturday,Summer,Resort Guest,Wetsuit Rental,1 Hour,1,12.00,None,0.00,0.60,11.40,Chloe Nguyen,Resort Pier,Credit Card,Sunny
WSR-2026-2050,2026-08-15,August,Saturday,Summer,Online Booking,Single Kayak,2 Hours,1,45.60,None,0.00,0.00,45.60,Isaac Patel,Marina Kiosk,Credit Card,Sunny
WSR-2026-2051,2026-08-15,August,Saturday,Summer,Group/Event,Stand-Up Paddle Board,2 Hours,1,50.40,None,0.00,0.00,50.40,Hannah Brooks,Beachfront Hut,Credit Card,Sunny
WSR-2026-2052,2026-08-15,August,Saturday,Summer,Walk-in,Surfboard,Half Day,1,64.80,Dry Bag,6.00,0.00,70.80,Isaac Patel,Harbor Dock,Debit Card,Sunny
WSR-2026-2053,2026-08-15,August,Saturday,Summer,Resort Guest,Stand-Up Paddle Board,2 Hours,1,50.40,Phone Pouch,5.00,0.00,55.40,Mia Thompson,Marina Kiosk,Credit Card,Windy
WSR-2026-2054,2026-08-15,August,Saturday,Summer,Online Booking,Wetsuit Rental,Half Day,1,28.80,Premium Life Jacket,7.00,0.00,35.80,Grace Lee,Lagoon Launch,Credit Card,Sunny
WSR-2026-2055,2026-08-15,August,Saturday,Summer,Online Booking,Single Kayak,2 Hours,1,45.60,Phone Pouch,5.00,2.53,48.07,Finn Johnson,Marina Kiosk,Credit Card,Sunny
WSR-2026-2056,2026-08-15,August,Saturday,Summer,Walk-in,Surfboard,Full Day,1,91.20,GoPro Mount,8.00,0.00,99.20,Grace Lee,Lagoon Launch,Mobile Pay,Sunny
WSR-2026-2057,2026-08-15,August,Saturday,Summer,Online Booking,Tandem Kayak,Full Day,1,134.40,None,0.00,0.00,134.40,Chloe Nguyen,Harbor Dock,Debit Card,Sunny
WSR-2026-2058,2026-08-15,August,Saturday,Summer,Walk-in,Surfboard,Half Day,1,64.80,None,0.00,0.00,64.80,Ben Carter,Beachfront Hut,Credit Card,Rainy
WSR-2026-2059,2026-08-15,August,Saturday,Summer,Walk-in,Stand-Up Paddle Board,1 Hour,1,31.20,Dry Bag,6.00,0.00,37.20,Mia Thompson,Beachfront Hut,Debit Card,Cloudy
WSR-2026-2060,2026-08-15,August,Saturday,Summer,Resort Guest,Snorkel Set,2 Hours,1,21.60,Dry Bag,6.00,0.00,27.60,Ben Carter,Marina Kiosk,Credit Card,Sunny
WSR-2026-2061,2026-08-15,August,Saturday,Summer,Member,Single Kayak,1 Hour,1,28.80,None,0.00,4.32,24.48,Chloe Nguyen,Resort Pier,Credit Card,Sunny
WSR-2026-2062,2026-08-16,August,Sunday,Summer,Member,Stand-Up Paddle Board,2 Hours,1,50.40,None,0.00,5.04,45.36,Hannah Brooks,Lagoon Launch,Gift Card,Windy
WSR-2026-2063,2026-08-16,August,Sunday,Summer,Online Booking,Pedal Boat,Half Day,1,103.20,None,0.00,0.00,103.20,Finn Johnson,Marina Kiosk,Debit Card,Windy
WSR-2026-2064,2026-08-16,August,Sunday,Summer,Member,Bodyboard,Half Day,1,40.80,None,0.00,4.08,36.72,Mia Thompson,Beachfront Hut,Mobile Pay,Sunny
WSR-2026-2065,2026-08-16,August,Sunday,Summer,Walk-in,Single Kayak,2 Hours,1,45.60,None,0.00,0.00,45.60,Ava Martinez,Lagoon Launch,Debit Card,Sunny
WSR-2026-2066,2026-08-16,August,Sunday,Summer,Resort Guest,Surfboard,1 Hour,1,26.40,None,0.00,0.00,26.40,Emma Wilson,Lagoon Launch,Cash,Sunny
WSR-2026-2067,2026-08-16,August,Sunday,Summer,Resort Guest,Bodyboard,1 Hour,1,16.80,Waterproof Speaker,12.00,1.44,27.36,Emma Wilson,Marina Kiosk,Credit Card,Sunny
WSR-2026-2068,2026-08-16,August,Sunday,Summer,Resort Guest,Surfboard,Full Day,1,91.20,Phone Pouch,5.00,0.00,96.20,Chloe Nguyen,Resort Pier,Credit Card,Sunny
WSR-2026-2069,2026-08-16,August,Sunday,Summer,Resort Guest,Snorkel Set,2 Hours,1,21.60,Dry Bag,6.00,0.00,27.60,Hannah Brooks,Harbor Dock,Debit Card,Sunny
WSR-2026-2070,2026-08-16,August,Sunday,Summer,Group/Event,Stand-Up Paddle Board,1 Hour,1,31.20,Phone Pouch,5.00,0.00,36.20,Emma Wilson,Resort Pier,Debit Card,Sunny
WSR-2026-2071,2026-08-16,August,Sunday,Summer,Resort Guest,Tandem Kayak,Full Day,1,134.40,Phone Pouch,5.00,0.00,139.40,Ava Martinez,Marina Kiosk,Credit Card,Sunny
WSR-2026-2072,2026-08-16,August,Sunday,Summer,Online Booking,Tandem Kayak,Full Day,1,134.40,Phone Pouch,5.00,0.00,139.40,Ben Carter,Beachfront Hut,Cash,Sunny
WSR-2026-2073,2026-08-16,August,Sunday,Summer,Group/Event,Stand-Up Paddle Board,1 Hour,1,31.20,Dry Bag,6.00,1.86,35.34,Chloe Nguyen,Harbor Dock,Debit Card,Sunny
WSR-2026-2074,2026-08-16,August,Sunday,Summer,Online Booking,Single Kayak,Half Day,1,69.60,None,0.00,0.00,69.60,Finn Johnson,Marina Kiosk,Gift Card,Sunny
WSR-2026-2075,2026-08-16,August,Sunday,Summer,Resort Guest,Single Kayak,Full Day,1,100.80,Dry Bag,6.00,0.00,106.80,Finn Johnson,Lagoon Launch,Mobile Pay,Sunny
WSR-2026-2076,2026-08-16,August,Sunday,Summer,Walk-in,Tandem Kayak,Half Day,1,93.60,None,0.00,0.00,93.60,Diego Ramirez,Lagoon Launch,Debit Card,Sunny
WSR-2026-2077,2026-08-16,August,Sunday,Summer,Walk-in,Stand-Up Paddle Board,Half Day,1,74.40,Phone Pouch,5.00,0.00,79.40,Grace Lee,Harbor Dock,Credit Card,Sunny
WSR-2026-2078,2026-08-16,August,Sunday,Summer,Walk-in,Bodyboard,Full Day,1,57.60,None,0.00,0.00,57.60,Emma Wilson,Harbor Dock,Debit Card,Windy
WSR-2026-2079,2026-08-16,August,Sunday,Summer,Online Booking,Stand-Up Paddle Board,1 Hour,1,31.20,Phone Pouch,5.00,0.00,36.20,Isaac Patel,Beachfront Hut,Mobile Pay,Cloudy
WSR-2026-2080,2026-08-16,August,Sunday,Summer,Walk-in,Single Kayak,Half Day,1,69.60,GoPro Mount,8.00,0.00,77.60,Finn Johnson,Beachfront Hut,Debit Card,Sunny
WSR-2026-2081,2026-08-16,August,Sunday,Summer,Member,Snorkel Set,Half Day,1,33.60,None,0.00,5.04,28.56,Ben Carter,Lagoon Launch,Debit Card,Sunny
WSR-2026-2082,2026-08-16,August,Sunday,Summer,Member,Fishing Kayak,2 Hours,1,60.00,None,0.00,9.00,51.00,Ava Martinez,Resort Pier,Credit Card,Sunny
WSR-2026-2083,2026-08-16,August,Sunday,Summer,Online Booking,Stand-Up Paddle Board,2 Hours,1,50.40,None,0.00,0.00,50.40,Diego Ramirez,Lagoon Launch,Mobile Pay,Sunny
WSR-2026-2084,2026-08-16,August,Sunday,Summer,Walk-in,Tandem Kayak,2 Hours,1,62.40,Cooler Rental,10.00,0.00,72.40,Ben Carter,Resort Pier,Mobile Pay,Sunny
WSR-2026-2085,2026-08-16,August,Sunday,Summer,Walk-in,Surfboard,1 Hour,1,26.40,Dry Bag,6.00,0.00,32.40,Isaac Patel,Resort Pier,Credit Card,Sunny
WSR-2026-2086,2026-08-16,August,Sunday,Summer,Walk-in,Single Kayak,Half Day,1,69.60,None,0.00,0.00,69.60,Ava Martinez,Lagoon Launch,Credit Card,Sunny
WSR-2026-2087,2026-08-16,August,Sunday,Summer,Online Booking,Snorkel Set,2 Hours,1,21.60,None,0.00,0.00,21.60,Chloe Nguyen,Harbor Dock,Debit Card,Cloudy
WSR-2026-2088,2026-08-16,August,Sunday,Summer,Online Booking,Wetsuit Rental,1 Hour,1,12.00,Dry Bag,6.00,0.90,17.10,Isaac Patel,Marina Kiosk,Credit Card,Cloudy
WSR-2026-2089,2026-08-16,August,Sunday,Summer,Online Booking,Stand-Up Paddle Board,1 Hour,1,31.20,GoPro Mount,8.00,0.00,39.20,Finn Johnson,Beachfront Hut,Credit Card,Sunny
WSR-2026-2090,2026-08-16,August,Sunday,Summer,Resort Guest,Surfboard,2 Hours,1,43.20,Waterproof Speaker,12.00,0.00,55.20,Ava Martinez,Resort Pier,Credit Card,Sunny
WSR-2026-2091,2026-08-16,August,Sunday,Summer,Online Booking,Bodyboard,2 Hours,1,26.40,None,0.00,0.00,26.40,Isaac Patel,Lagoon Launch,Cash,Sunny
WSR-2026-2092,2026-08-17,August,Monday,Summer,Online Booking,Stand-Up Paddle Board,Half Day,1,69.44,Phone Pouch,5.00,0.00,74.44,Emma Wilson,Marina Kiosk,Credit Card,Sunny
WSR-2026-2093,2026-08-17,August,Monday,Summer,Resort Guest,Stand-Up Paddle Board,1 Hour,1,29.12,None,0.00,0.00,29.12,Ben Carter,Resort Pier,Credit Card,Sunny
WSR-2026-2094,2026-08-17,August,Monday,Summer,Walk-in,Tandem Kayak,Half Day,1,87.36,None,0.00,0.00,87.36,Ava Martinez,Beachfront Hut,Credit Card,Rainy
WSR-2026-2095,2026-08-17,August,Monday,Summer,Walk-in,Stand-Up Paddle Board,2 Hours,1,47.04,Premium Life Jacket,7.00,0.00,54.04,Ava Martinez,Beachfront Hut,Debit Card,Sunny
WSR-2026-2096,2026-08-17,August,Monday,Summer,Walk-in,Single Kayak,2 Hours,1,42.56,None,0.00,0.00,42.56,Emma Wilson,Harbor Dock,Credit Card,Sunny
WSR-2026-2097,2026-08-17,August,Monday,Summer,Online Booking,Tandem Kayak,1 Hour,1,38.08,None,0.00,0.00,38.08,Ava Martinez,Marina Kiosk,Mobile Pay,Sunny
WSR-2026-2098,2026-08-17,August,Monday,Summer,Resort Guest,Stand-Up Paddle Board,1 Hour,1,29.12,Phone Pouch,5.00,0.00,34.12,Emma Wilson,Harbor Dock,Credit Card,Sunny
WSR-2026-2099,2026-08-17,August,Monday,Summer,Resort Guest,Surfboard,Half Day,1,60.48,Waterproof Speaker,12.00,0.00,72.48,Emma Wilson,Marina Kiosk,Mobile Pay,Windy
WSR-2026-2100,2026-08-17,August,Monday,Summer,Walk-in,Pedal Boat,2 Hours,1,64.96,None,0.00,0.00,64.96,Finn Johnson,Beachfront Hut,Mobile Pay,Sunny
WSR-2026-2101,2026-08-17,August,Monday,Summer,Online Booking,Stand-Up Paddle Board,2 Hours,1,47.04,None,0.00,0.00,47.04,Diego Ramirez,Marina Kiosk,Credit Card,Sunny
WSR-2026-2102,2026-08-17,August,Monday,Summer,Online Booking,Tandem Kayak,Half Day,1,87.36,None,0.00,0.00,87.36,Finn Johnson,Beachfront Hut,Mobile Pay,Cloudy
WSR-2026-2103,2026-08-17,August,Monday,Summer,Walk-in,Single Kayak,1 Hour,1,26.88,None,0.00,0.00,26.88,Ben Carter,Beachfront Hut,Debit Card,Sunny
WSR-2026-2104,2026-08-17,August,Monday,Summer,Walk-in,Stand-Up Paddle Board,Half Day,1,69.44,Dry Bag,6.00,0.00,75.44,Chloe Nguyen,Harbor Dock,Credit Card,Sunny
WSR-2026-2105,2026-08-17,August,Monday,Summer,Walk-in,Single Kayak,1 Hour,1,26.88,None,0.00,0.00,26.88,Mia Thompson,Marina Kiosk,Debit Card,Sunny
WSR-2026-2106,2026-08-17,August,Monday,Summer,Online Booking,Single Kayak,1 Hour,1,26.88,None,0.00,0.00,26.88,Ben Carter,Resort Pier,Mobile Pay,Sunny
WSR-2026-2107,2026-08-17,August,Monday,Summer,Walk-in,Single Kayak,1 Hour,1,26.88,Dry Bag,6.00,0.00,32.88,Mia Thompson,Harbor Dock,Credit Card,Sunny
WSR-2026-2108,2026-08-17,August,Monday,Summer,Walk-in,Snorkel Set,1 Hour,1,13.44,None,0.00,0.00,13.44,Emma Wilson,Harbor Dock,Debit Card,Sunny
WSR-2026-2109,2026-08-17,August,Monday,Summer,Online Booking,Fishing Kayak,1 Hour,1,35.84,None,0.00,0.00,35.84,Ava Martinez,Lagoon Launch,Debit Card,Sunny
WSR-2026-2110,2026-08-18,August,Tuesday,Summer,Online Booking,Stand-Up Paddle Board,Full Day,1,98.56,None,0.00,0.00,98.56,Finn Johnson,Beachfront Hut,Debit Card,Sunny
WSR-2026-2111,2026-08-18,August,Tuesday,Summer,Online Booking,Single Kayak,Half Day,1,64.96,None,0.00,0.00,64.96,Grace Lee,Beachfront Hut,Cash,Sunny
WSR-2026-2112,2026-08-18,August,Tuesday,Summer,Group/Event,Surfboard,Half Day,1,60.48,Dry Bag,6.00,3.32,63.16,Emma Wilson,Beachfront Hut,Mobile Pay,Sunny
WSR-2026-2113,2026-08-18,August,Tuesday,Summer,Walk-in,Snorkel Set,Half Day,1,31.36,None,0.00,0.00,31.36,Grace Lee,Harbor Dock,Mobile Pay,Sunny
WSR-2026-2114,2026-08-18,August,Tuesday,Summer,Walk-in,Tandem Kayak,2 Hours,1,58.24,GoPro Mount,8.00,0.00,66.24,Chloe Nguyen,Resort Pier,Debit Card,Sunny
WSR-2026-2115,2026-08-18,August,Tuesday,Summer,Resort Guest,Surfboard,1 Hour,1,24.64,Phone Pouch,5.00,0.00,29.64,Chloe Nguyen,Harbor Dock,Credit Card,Sunny
WSR-2026-2116,2026-08-18,August,Tuesday,Summer,Online Booking,Single Kayak,2 Hours,1,42.56,GoPro Mount,8.00,0.00,50.56,Ben Carter,Marina Kiosk,Credit Card,Sunny
WSR-2026-2117,2026-08-18,August,Tuesday,Summer,Online Booking,Fishing Kayak,Half Day,1,85.12,None,0.00,0.00,85.12,Chloe Nguyen,Marina Kiosk,Credit Card,Sunny
WSR-2026-2118,2026-08-18,August,Tuesday,Summer,Resort Guest,Wetsuit Rental,2 Hours,1,17.92,Premium Life Jacket,7.00,0.00,24.92,Hannah Brooks,Marina Kiosk,Cash,Sunny
WSR-2026-2119,2026-08-18,August,Tuesday,Summer,Online Booking,Stand-Up Paddle Board,1 Hour,1,29.12,Dry Bag,6.00,0.00,35.12,Mia Thompson,Resort Pier,Debit Card,Sunny
WSR-2026-2120,2026-08-18,August,Tuesday,Summer,Online Booking,Stand-Up Paddle Board,2 Hours,1,47.04,None,0.00,0.00,47.04,Hannah Brooks,Lagoon Launch,Debit Card,Sunny
WSR-2026-2121,2026-08-18,August,Tuesday,Summer,Online Booking,Stand-Up Paddle Board,2 Hours,1,47.04,None,0.00,0.00,47.04,Isaac Patel,Resort Pier,Debit Card,Sunny
WSR-2026-2122,2026-08-19,August,Wednesday,Summer,Group/Event,Single Kayak,2 Hours,1,42.56,None,0.00,0.00,42.56,Ben Carter,Beachfront Hut,Gift Card,Sunny
WSR-2026-2123,2026-08-19,August,Wednesday,Summer,Walk-in,Stand-Up Paddle Board,1 Hour,1,29.12,Dry Bag,6.00,0.00,35.12,Isaac Patel,Harbor Dock,Debit Card,Windy
WSR-2026-2124,2026-08-19,August,Wednesday,Summer,Group/Event,Stand-Up Paddle Board,1 Hour,1,29.12,None,0.00,0.00,29.12,Ava Martinez,Harbor Dock,Credit Card,Sunny
WSR-2026-2125,2026-08-19,August,Wednesday,Summer,Group/Event,Snorkel Set,Full Day,1,44.80,None,0.00,0.00,44.80,Hannah Brooks,Resort Pier,Debit Card,Sunny
WSR-2026-2126,2026-08-19,August,Wednesday,Summer,Group/Event,Stand-Up Paddle Board,1 Hour,1,29.12,Phone Pouch,5.00,1.71,32.41,Diego Ramirez,Marina Kiosk,Cash,Sunny
WSR-2026-2127,2026-08-19,August,Wednesday,Summer,Online Booking,Single Kayak,2 Hours,1,42.56,None,0.00,0.00,42.56,Ben Carter,Resort Pier,Debit Card,Sunny
WSR-2026-2128,2026-08-19,August,Wednesday,Summer,Member,Single Kayak,2 Hours,1,42.56,None,0.00,6.38,36.18,Emma Wilson,Marina Kiosk,Debit Card,Rainy
WSR-2026-2129,2026-08-19,August,Wednesday,Summer,Online Booking,Tandem Kayak,Half Day,1,87.36,None,0.00,0.00,87.36,Hannah Brooks,Resort Pier,Debit Card,Windy
WSR-2026-2130,2026-08-19,August,Wednesday,Summer,Resort Guest,Wetsuit Rental,2 Hours,1,17.92,None,0.00,0.00,17.92,Emma Wilson,Lagoon Launch,Debit Card,Cloudy
WSR-2026-2131,2026-08-19,August,Wednesday,Summer,Walk-in,Single Kayak,Half Day,1,64.96,None,0.00,0.00,64.96,Mia Thompson,Beachfront Hut,Credit Card,Cloudy
WSR-2026-2132,2026-08-19,August,Wednesday,Summer,Online Booking,Single Kayak,2 Hours,1,42.56,None,0.00,0.00,42.56,Diego Ramirez,Harbor Dock,Credit Card,Sunny
WSR-2026-2133,2026-08-20,August,Thursday,Summer,Resort Guest,Fishing Kayak,Half Day,1,85.12,None,0.00,0.00,85.12,Emma Wilson,Resort Pier,Mobile Pay,Sunny
WSR-2026-2134,2026-08-20,August,Thursday,Summer,Online Booking,Snorkel Set,2 Hours,1,20.16,None,0.00,0.00,20.16,Chloe Nguyen,Marina Kiosk,Credit Card,Sunny
WSR-2026-2135,2026-08-20,August,Thursday,Summer,Online Booking,Stand-Up Paddle Board,2 Hours,1,47.04,GoPro Mount,8.00,0.00,55.04,Isaac Patel,Lagoon Launch,Debit Card,Sunny
WSR-2026-2136,2026-08-20,August,Thursday,Summer,Walk-in,Stand-Up Paddle Board,2 Hours,1,47.04,None,0.00,0.00,47.04,Isaac Patel,Lagoon Launch,Credit Card,Sunny
WSR-2026-2137,2026-08-20,August,Thursday,Summer,Walk-in,Surfboard,Full Day,1,85.12,GoPro Mount,8.00,0.00,93.12,Ben Carter,Marina Kiosk,Mobile Pay,Rainy
WSR-2026-2138,2026-08-20,August,Thursday,Summer,Resort Guest,Single Kayak,Half Day,1,64.96,Cooler Rental,10.00,0.00,74.96,Grace Lee,Marina Kiosk,Credit Card,Sunny
WSR-2026-2139,2026-08-20,August,Thursday,Summer,Walk-in,Single Kayak,Half Day,1,64.96,Waterproof Speaker,12.00,0.00,76.96,Ben Carter,Marina Kiosk,Credit Card,Sunny
WSR-2026-2140,2026-08-20,August,Thursday,Summer,Online Booking,Bodyboard,Half Day,1,38.08,Phone Pouch,5.00,0.00,43.08,Mia Thompson,Lagoon Launch,Cash,Sunny
WSR-2026-2141,2026-08-20,August,Thursday,Summer,Resort Guest,Bodyboard,1 Hour,1,15.68,Phone Pouch,5.00,0.00,20.68,Emma Wilson,Marina Kiosk,Mobile Pay,Windy
WSR-2026-2142,2026-08-21,August,Friday,Summer,Walk-in,Fishing Kayak,Half Day,1,85.12,None,0.00,0.00,85.12,Finn Johnson,Harbor Dock,Credit Card,Sunny
WSR-2026-2143,2026-08-21,August,Friday,Summer,Walk-in,Tandem Kayak,1 Hour,1,38.08,None,0.00,0.00,38.08,Hannah Brooks,Marina Kiosk,Cash,Sunny
WSR-2026-2144,2026-08-21,August,Friday,Summer,Walk-in,Wetsuit Rental,Full Day,1,38.08,None,0.00,0.00,38.08,Mia Thompson,Resort Pier,Credit Card,Sunny
WSR-2026-2145,2026-08-21,August,Friday,Summer,Resort Guest,Stand-Up Paddle Board,Half Day,1,69.44,None,0.00,0.00,69.44,Emma Wilson,Beachfront Hut,Cash,Sunny
WSR-2026-2146,2026-08-21,August,Friday,Summer,Group/Event,Single Kayak,Half Day,1,64.96,GoPro Mount,8.00,0.00,72.96,Diego Ramirez,Resort Pier,Debit Card,Cloudy
WSR-2026-2147,2026-08-21,August,Friday,Summer,Resort Guest,Stand-Up Paddle Board,1 Hour,1,29.12,None,0.00,0.00,29.12,Chloe Nguyen,Harbor Dock,Credit Card,Sunny
WSR-2026-2148,2026-08-21,August,Friday,Summer,Walk-in,Stand-Up Paddle Board,2 Hours,1,47.04,None,0.00,0.00,47.04,Diego Ramirez,Harbor Dock,Debit Card,Sunny
WSR-2026-2149,2026-08-21,August,Friday,Summer,Member,Fishing Kayak,Half Day,1,85.12,Phone Pouch,5.00,9.01,81.11,Ben Carter,Resort Pier,Debit Card,Sunny
WSR-2026-2150,2026-08-21,August,Friday,Summer,Online Booking,Hydro Bike,1 Hour,1,33.60,Cooler Rental,10.00,0.00,43.60,Hannah Brooks,Lagoon Launch,Credit Card,Sunny
WSR-2026-2151,2026-08-21,August,Friday,Summer,Walk-in,Tandem Kayak,Half Day,1,87.36,Cooler Rental,10.00,4.87,92.49,Grace Lee,Resort Pier,Credit Card,Sunny
WSR-2026-2152,2026-08-21,August,Friday,Summer,Resort Guest,Tandem Kayak,2 Hours,1,58.24,None,0.00,0.00,58.24,Ava Martinez,Marina Kiosk,Credit Card,Sunny
WSR-2026-2153,2026-08-21,August,Friday,Summer,Walk-in,Stand-Up Paddle Board,Half Day,1,69.44,Premium Life Jacket,7.00,0.00,76.44,Ava Martinez,Harbor Dock,Gift Card,Sunny
WSR-2026-2154,2026-08-21,August,Friday,Summer,Online Booking,Fishing Kayak,Half Day,1,85.12,Dry Bag,6.00,0.00,91.12,Ben Carter,Marina Kiosk,Cash,Cloudy
WSR-2026-2155,2026-08-21,August,Friday,Summer,Online Booking,Surfboard,2 Hours,1,40.32,Cooler Rental,10.00,0.00,50.32,Mia Thompson,Beachfront Hut,Credit Card,Sunny
WSR-2026-2156,2026-08-21,August,Friday,Summer,Online Booking,Tandem Kayak,2 Hours,1,58.24,Dry Bag,6.00,0.00,64.24,Mia Thompson,Beachfront Hut,Credit Card,Sunny
WSR-2026-2157,2026-08-21,August,Friday,Summer,Resort Guest,Surfboard,1 Hour,1,24.64,GoPro Mount,8.00,0.00,32.64,Isaac Patel,Resort Pier,Debit Card,Sunny
WSR-2026-2158,2026-08-21,August,Friday,Summer,Resort Guest,Bodyboard,2 Hours,1,24.64,Premium Life Jacket,7.00,0.00,31.64,Grace Lee,Harbor Dock,Debit Card,Sunny
WSR-2026-2159,2026-08-21,August,Friday,Summer,Online Booking,Stand-Up Paddle Board,1 Hour,1,29.12,None,0.00,0.00,29.12,Isaac Patel,Resort Pier,Debit Card,Sunny
WSR-2026-2160,2026-08-21,August,Friday,Summer,Online Booking,Stand-Up Paddle Board,1 Hour,1,29.12,None,0.00,0.00,29.12,Emma Wilson,Harbor Dock,Debit Card,Sunny
WSR-2026-2161,2026-08-21,August,Friday,Summer,Resort Guest,Stand-Up Paddle Board,2 Hours,1,47.04,None,0.00,0.00,47.04,Finn Johnson,Resort Pier,Credit Card,Sunny
WSR-2026-2162,2026-08-21,August,Friday,Summer,Group/Event,Stand-Up Paddle Board,2 Hours,1,47.04,Premium Life Jacket,7.00,5.40,48.64,Emma Wilson,Harbor Dock,Credit Card,Sunny
WSR-2026-2163,2026-08-21,August,Friday,Summer,Group/Event,Bodyboard,1 Hour,1,15.68,GoPro Mount,8.00,2.37,21.31,Ava Martinez,Lagoon Launch,Cash,Sunny
WSR-2026-2164,2026-08-21,August,Friday,Summer,Group/Event,Hydro Bike,1 Hour,1,33.60,Phone Pouch,5.00,3.86,34.74,Emma Wilson,Marina Kiosk,Mobile Pay,Cloudy
WSR-2026-2165,2026-08-21,August,Friday,Summer,Resort Guest,Single Kayak,Half Day,1,64.96,None,0.00,0.00,64.96,Ava Martinez,Marina Kiosk,Credit Card,Cloudy
WSR-2026-2166,2026-08-21,August,Friday,Summer,Walk-in,Wetsuit Rental,1 Hour,1,11.20,None,0.00,0.00,11.20,Emma Wilson,Beachfront Hut,Debit Card,Sunny
WSR-2026-2167,2026-08-21,August,Friday,Summer,Walk-in,Surfboard,Full Day,1,85.12,Waterproof Speaker,12.00,0.00,97.12,Mia Thompson,Marina Kiosk,Debit Card,Sunny
WSR-2026-2168,2026-08-21,August,Friday,Summer,Resort Guest,Stand-Up Paddle Board,1 Hour,1,29.12,None,0.00,0.00,29.12,Emma Wilson,Resort Pier,Credit Card,Sunny
WSR-2026-2169,2026-08-21,August,Friday,Summer,Member,Snorkel Set,1 Hour,1,13.44,None,0.00,2.02,11.42,Ava Martinez,Marina Kiosk,Credit Card,Sunny
WSR-2026-2170,2026-08-22,August,Saturday,Summer,Resort Guest,Snorkel Set,Half Day,1,33.60,Cooler Rental,10.00,0.00,43.60,Chloe Nguyen,Harbor Dock,Debit Card,Cloudy
WSR-2026-2171,2026-08-22,August,Saturday,Summer,Online Booking,Stand-Up Paddle Board,Full Day,1,105.60,Phone Pouch,5.00,0.00,110.60,Finn Johnson,Beachfront Hut,Debit Card,Sunny
WSR-2026-2172,2026-08-22,August,Saturday,Summer,Online Booking,Tandem Kayak,1 Hour,1,40.80,Dry Bag,6.00,0.00,46.80,Mia Thompson,Lagoon Launch,Credit Card,Cloudy
WSR-2026-2173,2026-08-22,August,Saturday,Summer,Resort Guest,Wetsuit Rental,2 Hours,1,19.20,GoPro Mount,8.00,0.00,27.20,Mia Thompson,Lagoon Launch,Mobile Pay,Sunny
WSR-2026-2174,2026-08-22,August,Saturday,Summer,Online Booking,Stand-Up Paddle Board,2 Hours,1,50.40,GoPro Mount,8.00,0.00,58.40,Hannah Brooks,Resort Pier,Credit Card,Sunny
WSR-2026-2175,2026-08-22,August,Saturday,Summer,Online Booking,Surfboard,Half Day,1,64.80,None,0.00,3.24,61.56,Isaac Patel,Beachfront Hut,Debit Card,Sunny
WSR-2026-2176,2026-08-22,August,Saturday,Summer,Online Booking,Snorkel Set,1 Hour,1,14.40,None,0.00,0.00,14.40,Emma Wilson,Lagoon Launch,Credit Card,Cloudy
WSR-2026-2177,2026-08-22,August,Saturday,Summer,Resort Guest,Tandem Kayak,Half Day,1,93.60,None,0.00,0.00,93.60,Ava Martinez,Marina Kiosk,Credit Card,Sunny
WSR-2026-2178,2026-08-22,August,Saturday,Summer,Online Booking,Tandem Kayak,1 Hour,1,40.80,Phone Pouch,5.00,0.00,45.80,Diego Ramirez,Marina Kiosk,Credit Card,Sunny
WSR-2026-2179,2026-08-22,August,Saturday,Summer,Resort Guest,Single Kayak,Full Day,1,100.80,Phone Pouch,5.00,0.00,105.80,Emma Wilson,Resort Pier,Cash,Sunny
WSR-2026-2180,2026-08-22,August,Saturday,Summer,Walk-in,Single Kayak,2 Hours,1,45.60,Dry Bag,6.00,0.00,51.60,Grace Lee,Beachfront Hut,Gift Card,Sunny
WSR-2026-2181,2026-08-22,August,Saturday,Summer,Group/Event,Single Kayak,1 Hour,1,28.80,Phone Pouch,5.00,0.00,33.80,Finn Johnson,Lagoon Launch,Debit Card,Sunny
WSR-2026-2182,2026-08-22,August,Saturday,Summer,Online Booking,Snorkel Set,1 Hour,1,14.40,None,0.00,0.00,14.40,Diego Ramirez,Marina Kiosk,Debit Card,Sunny
WSR-2026-2183,2026-08-22,August,Saturday,Summer,Online Booking,Snorkel Set,2 Hours,1,21.60,None,0.00,0.00,21.60,Ava Martinez,Marina Kiosk,Credit Card,Windy
WSR-2026-2184,2026-08-22,August,Saturday,Summer,Walk-in,Fishing Kayak,1 Hour,1,38.40,None,0.00,1.92,36.48,Ben Carter,Beachfront Hut,Credit Card,Sunny
WSR-2026-2185,2026-08-22,August,Saturday,Summer,Resort Guest,Stand-Up Paddle Board,2 Hours,1,50.40,Premium Life Jacket,7.00,0.00,57.40,Ava Martinez,Lagoon Launch,Mobile Pay,Sunny
WSR-2026-2186,2026-08-22,August,Saturday,Summer,Resort Guest,Stand-Up Paddle Board,Half Day,1,74.40,None,0.00,0.00,74.40,Grace Lee,Marina Kiosk,Credit Card,Sunny
WSR-2026-2187,2026-08-22,August,Saturday,Summer,Group/Event,Single Kayak,Half Day,1,69.60,Dry Bag,6.00,3.78,71.82,Grace Lee,Beachfront Hut,Gift Card,Cloudy
WSR-2026-2188,2026-08-22,August,Saturday,Summer,Member,Single Kayak,1 Hour,1,28.80,Phone Pouch,5.00,3.38,30.42,Finn Johnson,Resort Pier,Credit Card,Cloudy
WSR-2026-2189,2026-08-22,August,Saturday,Summer,Online Booking,Single Kayak,Full Day,1,100.80,None,0.00,0.00,100.80,Hannah Brooks,Marina Kiosk,Credit Card,Windy
WSR-2026-2190,2026-08-22,August,Saturday,Summer,Resort Guest,Single Kayak,Full Day,1,100.80,Waterproof Speaker,12.00,0.00,112.80,Hannah Brooks,Harbor Dock,Credit Card,Cloudy
WSR-2026-2191,2026-08-22,August,Saturday,Summer,Member,Single Kayak,Half Day,1,69.60,None,0.00,6.96,62.64,Ava Martinez,Beachfront Hut,Cash,Windy
WSR-2026-2192,2026-08-22,August,Saturday,Summer,Online Booking,Surfboard,Full Day,1,91.20,Dry Bag,6.00,4.86,92.34,Emma Wilson,Marina Kiosk,Debit Card,Sunny
WSR-2026-2193,2026-08-22,August,Saturday,Summer,Online Booking,Surfboard,1 Hour,1,26.40,None,0.00,1.32,25.08,Ben Carter,Beachfront Hut,Cash,Sunny
WSR-2026-2194,2026-08-22,August,Saturday,Summer,Group/Event,Stand-Up Paddle Board,Half Day,1,74.40,None,0.00,3.72,70.68,Ben Carter,Marina Kiosk,Cash,Sunny
WSR-2026-2195,2026-08-22,August,Saturday,Summer,Walk-in,Stand-Up Paddle Board,2 Hours,1,50.40,None,0.00,0.00,50.40,Hannah Brooks,Lagoon Launch,Cash,Sunny
WSR-2026-2196,2026-08-22,August,Saturday,Summer,Online Booking,Fishing Kayak,2 Hours,1,60.00,GoPro Mount,8.00,0.00,68.00,Emma Wilson,Marina Kiosk,Credit Card,Cloudy
WSR-2026-2197,2026-08-22,August,Saturday,Summer,Walk-in,Hydro Bike,1 Hour,1,36.00,None,0.00,0.00,36.00,Hannah Brooks,Resort Pier,Credit Card,Windy
WSR-2026-2198,2026-08-23,August,Sunday,Summer,Walk-in,Snorkel Set,2 Hours,1,21.60,Phone Pouch,5.00,0.00,26.60,Mia Thompson,Lagoon Launch,Cash,Windy
WSR-2026-2199,2026-08-23,August,Sunday,Summer,Online Booking,Tandem Kayak,2 Hours,1,62.40,None,0.00,0.00,62.40,Chloe Nguyen,Harbor Dock,Credit Card,Sunny
WSR-2026-2200,2026-08-23,August,Sunday,Summer,Group/Event,Wetsuit Rental,1 Hour,1,12.00,None,0.00,1.20,10.80,Hannah Brooks,Harbor Dock,Credit Card,Sunny
WSR-2026-2201,2026-08-23,August,Sunday,Summer,Online Booking,Surfboard,1 Hour,1,26.40,None,0.00,0.00,26.40,Finn Johnson,Resort Pier,Debit Card,Sunny
WSR-2026-2202,2026-08-23,August,Sunday,Summer,Group/Event,Tandem Kayak,1 Hour,1,40.80,None,0.00,0.00,40.80,Finn Johnson,Lagoon Launch,Credit Card,Sunny
WSR-2026-2203,2026-08-23,August,Sunday,Summer,Walk-in,Stand-Up Paddle Board,1 Hour,1,31.20,Phone Pouch,5.00,0.00,36.20,Emma Wilson,Harbor Dock,Credit Card,Sunny
WSR-2026-2204,2026-08-23,August,Sunday,Summer,Walk-in,Stand-Up Paddle Board,1 Hour,1,31.20,Dry Bag,6.00,0.00,37.20,Mia Thompson,Lagoon Launch,Credit Card,Sunny
WSR-2026-2205,2026-08-23,August,Sunday,Summer,Group/Event,Stand-Up Paddle Board,2 Hours,1,50.40,None,0.00,5.04,45.36,Ava Martinez,Marina Kiosk,Credit Card,Sunny
WSR-2026-2206,2026-08-23,August,Sunday,Summer,Online Booking,Stand-Up Paddle Board,2 Hours,1,50.40,None,0.00,0.00,50.40,Isaac Patel,Marina Kiosk,Debit Card,Sunny
WSR-2026-2207,2026-08-23,August,Sunday,Summer,Group/Event,Single Kayak,Half Day,1,69.60,Phone Pouch,5.00,0.00,74.60,Mia Thompson,Harbor Dock,Credit Card,Sunny
WSR-2026-2208,2026-08-23,August,Sunday,Summer,Online Booking,Bodyboard,1 Hour,1,16.80,None,0.00,0.00,16.80,Ben Carter,Resort Pier,Credit Card,Sunny
WSR-2026-2209,2026-08-23,August,Sunday,Summer,Group/Event,Surfboard,Full Day,1,91.20,None,0.00,4.56,86.64,Mia Thompson,Beachfront Hut,Credit Card,Sunny
WSR-2026-2210,2026-08-23,August,Sunday,Summer,Walk-in,Single Kayak,Half Day,1,69.60,None,0.00,3.48,66.12,Chloe Nguyen,Lagoon Launch,Credit Card,Sunny
WSR-2026-2211,2026-08-23,August,Sunday,Summer,Group/Event,Single Kayak,1 Hour,1,28.80,None,0.00,0.00,28.80,Ben Carter,Resort Pier,Credit Card,Sunny
WSR-2026-2212,2026-08-23,August,Sunday,Summer,Member,Single Kayak,1 Hour,1,28.80,None,0.00,2.88,25.92,Ben Carter,Beachfront Hut,Credit Card,Sunny
WSR-2026-2213,2026-08-23,August,Sunday,Summer,Resort Guest,Surfboard,1 Hour,1,26.40,Dry Bag,6.00,1.62,30.78,Ava Martinez,Beachfront Hut,Credit Card,Sunny
WSR-2026-2214,2026-08-23,August,Sunday,Summer,Walk-in,Tandem Kayak,1 Hour,1,40.80,None,0.00,0.00,40.80,Diego Ramirez,Harbor Dock,Cash,Sunny
WSR-2026-2215,2026-08-23,August,Sunday,Summer,Group/Event,Snorkel Set,1 Hour,1,14.40,None,0.00,0.72,13.68,Chloe Nguyen,Beachfront Hut,Credit Card,Sunny
WSR-2026-2216,2026-08-23,August,Sunday,Summer,Online Booking,Tandem Kayak,Half Day,1,93.60,None,0.00,4.68,88.92,Chloe Nguyen,Resort Pier,Credit Card,Sunny
WSR-2026-2217,2026-08-23,August,Sunday,Summer,Group/Event,Single Kayak,1 Hour,1,28.80,Premium Life Jacket,7.00,0.00,35.80,Emma Wilson,Marina Kiosk,Debit Card,Sunny
WSR-2026-2218,2026-08-23,August,Sunday,Summer,Walk-in,Fishing Kayak,Half Day,1,91.20,Dry Bag,6.00,0.00,97.20,Diego Ramirez,Resort Pier,Debit Card,Sunny
WSR-2026-2219,2026-08-23,August,Sunday,Summer,Online Booking,Stand-Up Paddle Board,Half Day,1,74.40,None,0.00,0.00,74.40,Mia Thompson,Lagoon Launch,Cash,Sunny
WSR-2026-2220,2026-08-24,August,Monday,Summer,Group/Event,Single Kayak,2 Hours,1,42.56,Premium Life Jacket,7.00,2.48,47.08,Hannah Brooks,Resort Pier,Credit Card,Windy
WSR-2026-2221,2026-08-24,August,Monday,Summer,Online Booking,Stand-Up Paddle Board,1 Hour,1,29.12,Premium Life Jacket,7.00,0.00,36.12,Diego Ramirez,Resort Pier,Debit Card,Sunny
WSR-2026-2222,2026-08-24,August,Monday,Summer,Group/Event,Pedal Boat,Half Day,1,96.32,Waterproof Speaker,12.00,5.42,102.90,Emma Wilson,Lagoon Launch,Debit Card,Sunny
WSR-2026-2223,2026-08-24,August,Monday,Summer,Resort Guest,Surfboard,Half Day,1,60.48,None,0.00,0.00,60.48,Isaac Patel,Resort Pier,Debit Card,Sunny
WSR-2026-2224,2026-08-24,August,Monday,Summer,Group/Event,Tandem Kayak,1 Hour,1,38.08,Phone Pouch,5.00,2.15,40.93,Emma Wilson,Resort Pier,Credit Card,Sunny
WSR-2026-2225,2026-08-24,August,Monday,Summer,Online Booking,Stand-Up Paddle Board,1 Hour,1,29.12,Phone Pouch,5.00,0.00,34.12,Mia Thompson,Resort Pier,Mobile Pay,Sunny
WSR-2026-2226,2026-08-24,August,Monday,Summer,Online Booking,Tandem Kayak,2 Hours,1,58.24,None,0.00,0.00,58.24,Chloe Nguyen,Resort Pier,Credit Card,Cloudy
WSR-2026-2227,2026-08-24,August,Monday,Summer,Walk-in,Stand-Up Paddle Board,2 Hours,1,47.04,None,0.00,0.00,47.04,Finn Johnson,Resort Pier,Cash,Sunny
WSR-2026-2228,2026-08-24,August,Monday,Summer,Online Booking,Single Kayak,Half Day,1,64.96,Dry Bag,6.00,0.00,70.96,Mia Thompson,Resort Pier,Debit Card,Sunny
WSR-2026-2229,2026-08-24,August,Monday,Summer,Online Booking,Single Kayak,1 Hour,1,26.88,None,0.00,0.00,26.88,Ava Martinez,Beachfront Hut,Cash,Cloudy
WSR-2026-2230,2026-08-24,August,Monday,Summer,Online Booking,Wetsuit Rental,1 Hour,1,11.20,GoPro Mount,8.00,0.00,19.20,Mia Thompson,Harbor Dock,Debit Card,Sunny
WSR-2026-2231,2026-08-25,August,Tuesday,Summer,Walk-in,Snorkel Set,2 Hours,1,20.16,Premium Life Jacket,7.00,0.00,27.16,Diego Ramirez,Beachfront Hut,Debit Card,Sunny
WSR-2026-2232,2026-08-25,August,Tuesday,Summer,Walk-in,Snorkel Set,2 Hours,1,20.16,None,0.00,0.00,20.16,Finn Johnson,Beachfront Hut,Credit Card,Sunny
WSR-2026-2233,2026-08-25,August,Tuesday,Summer,Group/Event,Stand-Up Paddle Board,2 Hours,1,47.04,None,0.00,0.00,47.04,Emma Wilson,Resort Pier,Mobile Pay,Sunny
WSR-2026-2234,2026-08-25,August,Tuesday,Summer,Online Booking,Fishing Kayak,1 Hour,1,35.84,Dry Bag,6.00,0.00,41.84,Grace Lee,Harbor Dock,Credit Card,Sunny
WSR-2026-2235,2026-08-25,August,Tuesday,Summer,Online Booking,Fishing Kayak,Half Day,1,85.12,None,0.00,0.00,85.12,Mia Thompson,Harbor Dock,Credit Card,Cloudy
WSR-2026-2236,2026-08-25,August,Tuesday,Summer,Online Booking,Tandem Kayak,1 Hour,1,38.08,None,0.00,0.00,38.08,Ava Martinez,Lagoon Launch,Cash,Sunny
WSR-2026-2237,2026-08-25,August,Tuesday,Summer,Walk-in,Single Kayak,Half Day,1,64.96,Dry Bag,6.00,0.00,70.96,Ava Martinez,Harbor Dock,Credit Card,Sunny
WSR-2026-2238,2026-08-25,August,Tuesday,Summer,Group/Event,Wetsuit Rental,1 Hour,1,11.20,None,0.00,0.56,10.64,Grace Lee,Beachfront Hut,Mobile Pay,Sunny
WSR-2026-2239,2026-08-25,August,Tuesday,Summer,Resort Guest,Snorkel Set,1 Hour,1,13.44,Dry Bag,6.00,0.00,19.44,Ava Martinez,Harbor Dock,Mobile Pay,Cloudy
WSR-2026-2240,2026-08-25,August,Tuesday,Summer,Walk-in,Stand-Up Paddle Board,1 Hour,1,29.12,None,0.00,0.00,29.12,Ava Martinez,Harbor Dock,Gift Card,Sunny
WSR-2026-2241,2026-08-25,August,Tuesday,Summer,Walk-in,Bodyboard,2 Hours,1,24.64,None,0.00,0.00,24.64,Grace Lee,Beachfront Hut,Mobile Pay,Sunny
WSR-2026-2242,2026-08-25,August,Tuesday,Summer,Online Booking,Stand-Up Paddle Board,Half Day,1,69.44,None,0.00,0.00,69.44,Mia Thompson,Harbor Dock,Cash,Sunny
WSR-2026-2243,2026-08-25,August,Tuesday,Summer,Walk-in,Surfboard,1 Hour,1,24.64,None,0.00,0.00,24.64,Ben Carter,Resort Pier,Mobile Pay,Windy
WSR-2026-2244,2026-08-26,August,Wednesday,Summer,Walk-in,Tandem Kayak,1 Hour,1,38.08,None,0.00,0.00,38.08,Ava Martinez,Harbor Dock,Debit Card,Sunny
WSR-2026-2245,2026-08-26,August,Wednesday,Summer,Group/Event,Bodyboard,2 Hours,1,24.64,Dry Bag,6.00,0.00,30.64,Mia Thompson,Marina Kiosk,Credit Card,Sunny
WSR-2026-2246,2026-08-26,August,Wednesday,Summer,Group/Event,Stand-Up Paddle Board,Half Day,1,69.44,GoPro Mount,8.00,0.00,77.44,Ben Carter,Beachfront Hut,Cash,Sunny
WSR-2026-2247,2026-08-26,August,Wednesday,Summer,Resort Guest,Bodyboard,Full Day,1,53.76,Premium Life Jacket,7.00,0.00,60.76,Emma Wilson,Harbor Dock,Credit Card,Windy
WSR-2026-2248,2026-08-26,August,Wednesday,Summer,Walk-in,Surfboard,2 Hours,1,40.32,None,0.00,0.00,40.32,Emma Wilson,Lagoon Launch,Credit Card,Cloudy
WSR-2026-2249,2026-08-26,August,Wednesday,Summer,Group/Event,Fishing Kayak,1 Hour,1,35.84,None,0.00,1.79,34.05,Emma Wilson,Resort Pier,Credit Card,Sunny
WSR-2026-2250,2026-08-26,August,Wednesday,Summer,Walk-in,Pedal Boat,1 Hour,1,40.32,Dry Bag,6.00,0.00,46.32,Ava Martinez,Marina Kiosk,Credit Card,Windy
WSR-2026-2251,2026-08-26,August,Wednesday,Summer,Resort Guest,Bodyboard,2 Hours,1,24.64,Premium Life Jacket,7.00,0.00,31.64,Grace Lee,Harbor Dock,Credit Card,Cloudy
WSR-2026-2252,2026-08-26,August,Wednesday,Summer,Group/Event,Single Kayak,1 Hour,1,26.88,None,0.00,0.00,26.88,Diego Ramirez,Marina Kiosk,Mobile Pay,Sunny
WSR-2026-2253,2026-08-26,August,Wednesday,Summer,Resort Guest,Single Kayak,2 Hours,1,42.56,None,0.00,0.00,42.56,Ben Carter,Marina Kiosk,Cash,Cloudy
WSR-2026-2254,2026-08-26,August,Wednesday,Summer,Walk-in,Single Kayak,2 Hours,1,42.56,Phone Pouch,5.00,0.00,47.56,Grace Lee,Resort Pier,Debit Card,Sunny
WSR-2026-2255,2026-08-26,August,Wednesday,Summer,Group/Event,Tandem Kayak,2 Hours,1,58.24,None,0.00,5.82,52.42,Chloe Nguyen,Resort Pier,Gift Card,Sunny
WSR-2026-2256,2026-08-26,August,Wednesday,Summer,Walk-in,Wetsuit Rental,1 Hour,1,11.20,Premium Life Jacket,7.00,0.00,18.20,Diego Ramirez,Marina Kiosk,Credit Card,Sunny
WSR-2026-2257,2026-08-26,August,Wednesday,Summer,Resort Guest,Stand-Up Paddle Board,2 Hours,1,47.04,None,0.00,0.00,47.04,Mia Thompson,Marina Kiosk,Debit Card,Sunny
WSR-2026-2258,2026-08-26,August,Wednesday,Summer,Resort Guest,Single Kayak,2 Hours,1,42.56,None,0.00,0.00,42.56,Chloe Nguyen,Harbor Dock,Debit Card,Sunny
WSR-2026-2259,2026-08-26,August,Wednesday,Summer,Online Booking,Single Kayak,Half Day,1,64.96,None,0.00,0.00,64.96,Ava Martinez,Marina Kiosk,Debit Card,Windy
WSR-2026-2260,2026-08-27,August,Thursday,Summer,Walk-in,Stand-Up Paddle Board,1 Hour,1,29.12,Phone Pouch,5.00,0.00,34.12,Hannah Brooks,Harbor Dock,Credit Card,Sunny
WSR-2026-2261,2026-08-27,August,Thursday,Summer,Online Booking,Hydro Bike,2 Hours,1,53.76,Phone Pouch,5.00,0.00,58.76,Hannah Brooks,Harbor Dock,Debit Card,Sunny
WSR-2026-2262,2026-08-27,August,Thursday,Summer,Walk-in,Single Kayak,2 Hours,1,42.56,Phone Pouch,5.00,0.00,47.56,Isaac Patel,Beachfront Hut,Credit Card,Sunny
WSR-2026-2263,2026-08-27,August,Thursday,Summer,Walk-in,Single Kayak,1 Hour,1,26.88,None,0.00,0.00,26.88,Chloe Nguyen,Beachfront Hut,Debit Card,Sunny
WSR-2026-2264,2026-08-27,August,Thursday,Summer,Walk-in,Surfboard,2 Hours,1,40.32,None,0.00,2.02,38.30,Hannah Brooks,Lagoon Launch,Credit Card,Cloudy
WSR-2026-2265,2026-08-27,August,Thursday,Summer,Walk-in,Tandem Kayak,Half Day,1,87.36,None,0.00,0.00,87.36,Grace Lee,Lagoon Launch,Credit Card,Windy
WSR-2026-2266,2026-08-27,August,Thursday,Summer,Walk-in,Wetsuit Rental,Full Day,1,38.08,Phone Pouch,5.00,0.00,43.08,Mia Thompson,Harbor Dock,Cash,Sunny
WSR-2026-2267,2026-08-27,August,Thursday,Summer,Online Booking,Single Kayak,Half Day,1,64.96,Premium Life Jacket,7.00,0.00,71.96,Ava Martinez,Marina Kiosk,Debit Card,Sunny
WSR-2026-2268,2026-08-28,August,Friday,Summer,Walk-in,Fishing Kayak,1 Hour,1,35.84,Cooler Rental,10.00,0.00,45.84,Chloe Nguyen,Lagoon Launch,Credit Card,Sunny
WSR-2026-2269,2026-08-28,August,Friday,Summer,Resort Guest,Stand-Up Paddle Board,Half Day,1,69.44,Dry Bag,6.00,0.00,75.44,Mia Thompson,Lagoon Launch,Credit Card,Sunny
WSR-2026-2270,2026-08-28,August,Friday,Summer,Group/Event,Snorkel Set,1 Hour,1,13.44,None,0.00,0.00,13.44,Ben Carter,Resort Pier,Debit Card,Windy
WSR-2026-2271,2026-08-28,August,Friday,Summer,Resort Guest,Tandem Kayak,2 Hours,1,58.24,Dry Bag,6.00,0.00,64.24,Grace Lee,Harbor Dock,Debit Card,Sunny
WSR-2026-2272,2026-08-28,August,Friday,Summer,Online Booking,Surfboard,Half Day,1,60.48,None,0.00,0.00,60.48,Finn Johnson,Marina Kiosk,Credit Card,Windy
WSR-2026-2273,2026-08-28,August,Friday,Summer,Online Booking,Tandem Kayak,Half Day,1,87.36,None,0.00,0.00,87.36,Finn Johnson,Lagoon Launch,Mobile Pay,Cloudy
WSR-2026-2274,2026-08-28,August,Friday,Summer,Resort Guest,Surfboard,1 Hour,1,24.64,Dry Bag,6.00,0.00,30.64,Finn Johnson,Harbor Dock,Mobile Pay,Sunny
WSR-2026-2275,2026-08-28,August,Friday,Summer,Resort Guest,Stand-Up Paddle Board,2 Hours,1,47.04,None,0.00,0.00,47.04,Finn Johnson,Resort Pier,Credit Card,Sunny
WSR-2026-2276,2026-08-28,August,Friday,Summer,Online Booking,Snorkel Set,2 Hours,1,20.16,None,0.00,0.00,20.16,Chloe Nguyen,Marina Kiosk,Mobile Pay,Sunny
WSR-2026-2277,2026-08-28,August,Friday,Summer,Walk-in,Tandem Kayak,2 Hours,1,58.24,None,0.00,0.00,58.24,Ava Martinez,Resort Pier,Mobile Pay,Sunny
WSR-2026-2278,2026-08-28,August,Friday,Summer,Online Booking,Stand-Up Paddle Board,2 Hours,1,47.04,None,0.00,0.00,47.04,Finn Johnson,Beachfront Hut,Debit Card,Cloudy
WSR-2026-2279,2026-08-28,August,Friday,Summer,Resort Guest,Tandem Kayak,1 Hour,1,38.08,Dry Bag,6.00,0.00,44.08,Chloe Nguyen,Harbor Dock,Debit Card,Sunny
WSR-2026-2280,2026-08-28,August,Friday,Summer,Walk-in,Tandem Kayak,1 Hour,1,38.08,None,0.00,0.00,38.08,Hannah Brooks,Lagoon Launch,Credit Card,Sunny
WSR-2026-2281,2026-08-28,August,Friday,Summer,Online Booking,Tandem Kayak,Half Day,1,87.36,Premium Life Jacket,7.00,0.00,94.36,Ava Martinez,Resort Pier,Credit Card,Sunny
WSR-2026-2282,2026-08-28,August,Friday,Summer,Walk-in,Pedal Boat,2 Hours,1,64.96,None,0.00,0.00,64.96,Hannah Brooks,Harbor Dock,Credit Card,Sunny
WSR-2026-2283,2026-08-28,August,Friday,Summer,Resort Guest,Stand-Up Paddle Board,1 Hour,1,29.12,None,0.00,0.00,29.12,Hannah Brooks,Resort Pier,Credit Card,Sunny
WSR-2026-2284,2026-08-28,August,Friday,Summer,Online Booking,Tandem Kayak,1 Hour,1,38.08,Waterproof Speaker,12.00,0.00,50.08,Diego Ramirez,Harbor Dock,Credit Card,Windy
WSR-2026-2285,2026-08-28,August,Friday,Summer,Walk-in,Single Kayak,2 Hours,1,42.56,Cooler Rental,10.00,0.00,52.56,Ava Martinez,Beachfront Hut,Credit Card,Sunny
WSR-2026-2286,2026-08-28,August,Friday,Summer,Walk-in,Single Kayak,1 Hour,1,26.88,None,0.00,0.00,26.88,Finn Johnson,Beachfront Hut,Mobile Pay,Sunny
WSR-2026-2287,2026-08-28,August,Friday,Summer,Online Booking,Tandem Kayak,1 Hour,1,38.08,Dry Bag,6.00,0.00,44.08,Mia Thompson,Harbor Dock,Credit Card,Rainy
WSR-2026-2288,2026-08-28,August,Friday,Summer,Member,Hydro Bike,Half Day,1,80.64,None,0.00,8.06,72.58,Finn Johnson,Resort Pier,Credit Card,Sunny
WSR-2026-2289,2026-08-28,August,Friday,Summer,Walk-in,Fishing Kayak,2 Hours,1,56.00,None,0.00,0.00,56.00,Finn Johnson,Harbor Dock,Debit Card,Sunny
WSR-2026-2290,2026-08-28,August,Friday,Summer,Online Booking,Tandem Kayak,2 Hours,1,58.24,Dry Bag,6.00,0.00,64.24,Ava Martinez,Harbor Dock,Credit Card,Sunny
WSR-2026-2291,2026-08-29,August,Saturday,Summer,Walk-in,Stand-Up Paddle Board,1 Hour,1,31.20,Cooler Rental,10.00,0.00,41.20,Grace Lee,Lagoon Launch,Debit Card,Sunny
WSR-2026-2292,2026-08-29,August,Saturday,Summer,Online Booking,Snorkel Set,2 Hours,1,21.60,None,0.00,0.00,21.60,Mia Thompson,Beachfront Hut,Credit Card,Sunny
WSR-2026-2293,2026-08-29,August,Saturday,Summer,Member,Snorkel Set,Half Day,1,33.60,None,0.00,3.36,30.24,Ava Martinez,Marina Kiosk,Debit Card,Sunny
WSR-2026-2294,2026-08-29,August,Saturday,Summer,Walk-in,Fishing Kayak,2 Hours,1,60.00,None,0.00,0.00,60.00,Hannah Brooks,Beachfront Hut,Credit Card,Cloudy
WSR-2026-2295,2026-08-29,August,Saturday,Summer,Resort Guest,Single Kayak,1 Hour,1,28.80,None,0.00,0.00,28.80,Mia Thompson,Harbor Dock,Debit Card,Windy
WSR-2026-2296,2026-08-29,August,Saturday,Summer,Online Booking,Stand-Up Paddle Board,2 Hours,1,50.40,None,0.00,0.00,50.40,Emma Wilson,Marina Kiosk,Credit Card,Sunny
WSR-2026-2297,2026-08-29,August,Saturday,Summer,Group/Event,Surfboard,2 Hours,1,43.20,Phone Pouch,5.00,2.41,45.79,Finn Johnson,Marina Kiosk,Debit Card,Cloudy
WSR-2026-2298,2026-08-29,August,Saturday,Summer,Walk-in,Surfboard,1 Hour,1,26.40,Phone Pouch,5.00,0.00,31.40,Finn Johnson,Marina Kiosk,Credit Card,Sunny
WSR-2026-2299,2026-08-29,August,Saturday,Summer,Online Booking,Stand-Up Paddle Board,2 Hours,1,50.40,None,0.00,0.00,50.40,Emma Wilson,Resort Pier,Credit Card,Sunny
WSR-2026-2300,2026-08-29,August,Saturday,Summer,Online Booking,Pedal Boat,2 Hours,1,69.60,Phone Pouch,5.00,0.00,74.60,Diego Ramirez,Beachfront Hut,Mobile Pay,Sunny
WSR-2026-2301,2026-08-29,August,Saturday,Summer,Walk-in,Tandem Kayak,1 Hour,1,40.80,None,0.00,2.04,38.76,Hannah Brooks,Marina Kiosk,Mobile Pay,Cloudy
WSR-2026-2302,2026-08-29,August,Saturday,Summer,Online Booking,Tandem Kayak,Half Day,1,93.60,Phone Pouch,5.00,0.00,98.60,Grace Lee,Harbor Dock,Credit Card,Sunny
WSR-2026-2303,2026-08-29,August,Saturday,Summer,Online Booking,Stand-Up Paddle Board,2 Hours,1,50.40,None,0.00,0.00,50.40,Ben Carter,Marina Kiosk,Cash,Sunny
WSR-2026-2304,2026-08-29,August,Saturday,Summer,Online Booking,Tandem Kayak,2 Hours,1,62.40,GoPro Mount,8.00,0.00,70.40,Diego Ramirez,Harbor Dock,Mobile Pay,Sunny
WSR-2026-2305,2026-08-29,August,Saturday,Summer,Walk-in,Tandem Kayak,2 Hours,1,62.40,None,0.00,0.00,62.40,Isaac Patel,Marina Kiosk,Cash,Sunny
WSR-2026-2306,2026-08-29,August,Saturday,Summer,Online Booking,Stand-Up Paddle Board,1 Hour,1,31.20,Cooler Rental,10.00,0.00,41.20,Isaac Patel,Lagoon Launch,Credit Card,Sunny
WSR-2026-2307,2026-08-29,August,Saturday,Summer,Group/Event,Single Kayak,1 Hour,1,28.80,None,0.00,0.00,28.80,Emma Wilson,Lagoon Launch,Debit Card,Sunny
WSR-2026-2308,2026-08-29,August,Saturday,Summer,Member,Snorkel Set,2 Hours,1,21.60,None,0.00,3.24,18.36,Emma Wilson,Resort Pier,Credit Card,Sunny
WSR-2026-2309,2026-08-29,August,Saturday,Summer,Resort Guest,Hydro Bike,2 Hours,1,57.60,Cooler Rental,10.00,3.38,64.22,Diego Ramirez,Beachfront Hut,Credit Card,Windy
WSR-2026-2310,2026-08-29,August,Saturday,Summer,Online Booking,Surfboard,Full Day,1,91.20,None,0.00,0.00,91.20,Isaac Patel,Beachfront Hut,Cash,Sunny
WSR-2026-2311,2026-08-29,August,Saturday,Summer,Online Booking,Stand-Up Paddle Board,1 Hour,1,31.20,None,0.00,0.00,31.20,Finn Johnson,Beachfront Hut,Cash,Sunny
WSR-2026-2312,2026-08-29,August,Saturday,Summer,Walk-in,Surfboard,2 Hours,1,43.20,Phone Pouch,5.00,0.00,48.20,Ben Carter,Beachfront Hut,Debit Card,Sunny
WSR-2026-2313,2026-08-29,August,Saturday,Summer,Group/Event,Pedal Boat,2 Hours,1,69.60,None,0.00,0.00,69.60,Chloe Nguyen,Marina Kiosk,Debit Card,Rainy
WSR-2026-2314,2026-08-29,August,Saturday,Summer,Resort Guest,Bodyboard,Half Day,1,40.80,Phone Pouch,5.00,0.00,45.80,Diego Ramirez,Marina Kiosk,Cash,Sunny
WSR-2026-2315,2026-08-29,August,Saturday,Summer,Group/Event,Pedal Boat,2 Hours,1,69.60,None,0.00,6.96,62.64,Ava Martinez,Harbor Dock,Credit Card,Sunny
WSR-2026-2316,2026-08-29,August,Saturday,Summer,Online Booking,Stand-Up Paddle Board,1 Hour,1,31.20,Phone Pouch,5.00,0.00,36.20,Mia Thompson,Beachfront Hut,Cash,Sunny
WSR-2026-2317,2026-08-29,August,Saturday,Summer,Resort Guest,Surfboard,Half Day,1,64.80,Waterproof Speaker,12.00,0.00,76.80,Chloe Nguyen,Harbor Dock,Cash,Sunny
WSR-2026-2318,2026-08-29,August,Saturday,Summer,Walk-in,Stand-Up Paddle Board,Half Day,1,74.40,None,0.00,0.00,74.40,Grace Lee,Resort Pier,Credit Card,Sunny
WSR-2026-2319,2026-08-29,August,Saturday,Summer,Resort Guest,Single Kayak,1 Hour,1,28.80,None,0.00,0.00,28.80,Isaac Patel,Resort Pier,Credit Card,Windy
WSR-2026-2320,2026-08-29,August,Saturday,Summer,Resort Guest,Single Kayak,Half Day,1,69.60,Cooler Rental,10.00,0.00,79.60,Mia Thompson,Beachfront Hut,Credit Card,Sunny
WSR-2026-2321,2026-08-29,August,Saturday,Summer,Resort Guest,Surfboard,1 Hour,1,26.40,None,0.00,0.00,26.40,Finn Johnson,Marina Kiosk,Debit Card,Sunny
WSR-2026-2322,2026-08-29,August,Saturday,Summer,Walk-in,Single Kayak,1 Hour,1,28.80,None,0.00,0.00,28.80,Finn Johnson,Lagoon Launch,Mobile Pay,Cloudy
WSR-2026-2323,2026-08-29,August,Saturday,Summer,Member,Surfboard,1 Hour,1,26.40,Waterproof Speaker,12.00,5.76,32.64,Finn Johnson,Harbor Dock,Credit Card,Sunny
WSR-2026-2324,2026-08-29,August,Saturday,Summer,Group/Event,Tandem Kayak,2 Hours,1,62.40,Waterproof Speaker,12.00,0.00,74.40,Diego Ramirez,Harbor Dock,Credit Card,Cloudy
WSR-2026-2325,2026-08-30,August,Sunday,Summer,Online Booking,Tandem Kayak,1 Hour,1,40.80,Cooler Rental,10.00,0.00,50.80,Isaac Patel,Harbor Dock,Debit Card,Sunny
WSR-2026-2326,2026-08-30,August,Sunday,Summer,Online Booking,Wetsuit Rental,Half Day,1,28.80,GoPro Mount,8.00,0.00,36.80,Chloe Nguyen,Harbor Dock,Credit Card,Sunny
WSR-2026-2327,2026-08-30,August,Sunday,Summer,Online Booking,Tandem Kayak,2 Hours,1,62.40,Dry Bag,6.00,0.00,68.40,Ben Carter,Lagoon Launch,Credit Card,Sunny
WSR-2026-2328,2026-08-30,August,Sunday,Summer,Walk-in,Single Kayak,2 Hours,1,45.60,None,0.00,0.00,45.60,Emma Wilson,Beachfront Hut,Credit Card,Sunny
WSR-2026-2329,2026-08-30,August,Sunday,Summer,Group/Event,Single Kayak,2 Hours,1,45.60,None,0.00,2.28,43.32,Ava Martinez,Marina Kiosk,Debit Card,Sunny
WSR-2026-2330,2026-08-30,August,Sunday,Summer,Walk-in,Wetsuit Rental,2 Hours,1,19.20,None,0.00,0.00,19.20,Ava Martinez,Resort Pier,Debit Card,Sunny
WSR-2026-2331,2026-08-30,August,Sunday,Summer,Walk-in,Bodyboard,2 Hours,1,26.40,None,0.00,0.00,26.40,Mia Thompson,Marina Kiosk,Gift Card,Sunny
WSR-2026-2332,2026-08-30,August,Sunday,Summer,Online Booking,Stand-Up Paddle Board,1 Hour,1,31.20,Cooler Rental,10.00,0.00,41.20,Diego Ramirez,Resort Pier,Credit Card,Sunny
WSR-2026-2333,2026-08-30,August,Sunday,Summer,Walk-in,Stand-Up Paddle Board,2 Hours,1,50.40,None,0.00,2.52,47.88,Mia Thompson,Resort Pier,Credit Card,Sunny
WSR-2026-2334,2026-08-30,August,Sunday,Summer,Online Booking,Stand-Up Paddle Board,2 Hours,1,50.40,None,0.00,0.00,50.40,Ben Carter,Lagoon Launch,Credit Card,Windy
WSR-2026-2335,2026-08-30,August,Sunday,Summer,Online Booking,Wetsuit Rental,2 Hours,1,19.20,GoPro Mount,8.00,0.00,27.20,Ben Carter,Marina Kiosk,Debit Card,Sunny
WSR-2026-2336,2026-08-30,August,Sunday,Summer,Online Booking,Fishing Kayak,Half Day,1,91.20,None,0.00,0.00,91.20,Finn Johnson,Lagoon Launch,Mobile Pay,Sunny
WSR-2026-2337,2026-08-30,August,Sunday,Summer,Walk-in,Stand-Up Paddle Board,Half Day,1,74.40,Cooler Rental,10.00,0.00,84.40,Ben Carter,Resort Pier,Credit Card,Sunny
WSR-2026-2338,2026-08-30,August,Sunday,Summer,Resort Guest,Hydro Bike,1 Hour,1,36.00,None,0.00,0.00,36.00,Grace Lee,Lagoon Launch,Credit Card,Sunny
WSR-2026-2339,2026-08-30,August,Sunday,Summer,Walk-in,Hydro Bike,Half Day,1,86.40,None,0.00,0.00,86.40,Mia Thompson,Marina Kiosk,Credit Card,Sunny
WSR-2026-2340,2026-08-30,August,Sunday,Summer,Walk-in,Hydro Bike,2 Hours,1,57.60,Waterproof Speaker,12.00,0.00,69.60,Finn Johnson,Marina Kiosk,Credit Card,Sunny
WSR-2026-2341,2026-08-30,August,Sunday,Summer,Group/Event,Single Kayak,2 Hours,1,45.60,Dry Bag,6.00,5.16,46.44,Isaac Patel,Marina Kiosk,Cash,Sunny
WSR-2026-2342,2026-08-30,August,Sunday,Summer,Walk-in,Fishing Kayak,Full Day,1,132.00,Cooler Rental,10.00,0.00,142.00,Ben Carter,Beachfront Hut,Debit Card,Sunny
WSR-2026-2343,2026-08-30,August,Sunday,Summer,Walk-in,Stand-Up Paddle Board,2 Hours,1,50.40,Dry Bag,6.00,2.82,53.58,Mia Thompson,Beachfront Hut,Credit Card,Cloudy
WSR-2026-2344,2026-08-30,August,Sunday,Summer,Walk-in,Bodyboard,1 Hour,1,16.80,Phone Pouch,5.00,0.00,21.80,Isaac Patel,Harbor Dock,Credit Card,Sunny
WSR-2026-2345,2026-08-30,August,Sunday,Summer,Online Booking,Pedal Boat,Half Day,1,103.20,None,0.00,0.00,103.20,Isaac Patel,Marina Kiosk,Mobile Pay,Sunny
WSR-2026-2346,2026-08-30,August,Sunday,Summer,Online Booking,Surfboard,2 Hours,1,43.20,Phone Pouch,5.00,0.00,48.20,Hannah Brooks,Marina Kiosk,Cash,Sunny
WSR-2026-2347,2026-08-30,August,Sunday,Summer,Resort Guest,Single Kayak,2 Hours,1,45.60,Dry Bag,6.00,0.00,51.60,Chloe Nguyen,Lagoon Launch,Credit Card,Sunny
WSR-2026-2348,2026-08-30,August,Sunday,Summer,Group/Event,Stand-Up Paddle Board,1 Hour,1,31.20,None,0.00,0.00,31.20,Mia Thompson,Marina Kiosk,Debit Card,Sunny
WSR-2026-2349,2026-08-30,August,Sunday,Summer,Member,Snorkel Set,2 Hours,1,21.60,None,0.00,2.16,19.44,Finn Johnson,Lagoon Launch,Credit Card,Sunny
WSR-2026-2350,2026-08-30,August,Sunday,Summer,Resort Guest,Single Kayak,1 Hour,1,28.80,None,0.00,0.00,28.80,Ava Martinez,Harbor Dock,Credit Card,Cloudy
WSR-2026-2351,2026-08-31,August,Monday,Summer,Group/Event,Surfboard,1 Hour,1,24.64,None,0.00,2.46,22.18,Ava Martinez,Harbor Dock,Credit Card,Cloudy
WSR-2026-2352,2026-08-31,August,Monday,Summer,Online Booking,Single Kayak,1 Hour,1,26.88,None,0.00,0.00,26.88,Finn Johnson,Beachfront Hut,Debit Card,Cloudy
WSR-2026-2353,2026-08-31,August,Monday,Summer,Group/Event,Fishing Kayak,2 Hours,1,56.00,Waterproof Speaker,12.00,0.00,68.00,Chloe Nguyen,Lagoon Launch,Debit Card,Sunny
WSR-2026-2354,2026-08-31,August,Monday,Summer,Online Booking,Stand-Up Paddle Board,Full Day,1,98.56,None,0.00,0.00,98.56,Emma Wilson,Harbor Dock,Cash,Sunny
WSR-2026-2355,2026-08-31,August,Monday,Summer,Group/Event,Wetsuit Rental,Half Day,1,26.88,Premium Life Jacket,7.00,1.69,32.19,Isaac Patel,Beachfront Hut,Cash,Sunny
WSR-2026-2356,2026-08-31,August,Monday,Summer,Group/Event,Tandem Kayak,Full Day,1,125.44,Phone Pouch,5.00,13.04,117.40,Diego Ramirez,Lagoon Launch,Credit Card,Sunny
WSR-2026-2357,2026-08-31,August,Monday,Summer,Walk-in,Tandem Kayak,2 Hours,1,58.24,Cooler Rental,10.00,0.00,68.24,Mia Thompson,Marina Kiosk,Debit Card,Sunny
WSR-2026-2358,2026-08-31,August,Monday,Summer,Group/Event,Single Kayak,1 Hour,1,26.88,Phone Pouch,5.00,0.00,31.88,Ava Martinez,Marina Kiosk,Debit Card,Sunny
WSR-2026-2359,2026-08-31,August,Monday,Summer,Walk-in,Bodyboard,2 Hours,1,24.64,None,0.00,1.23,23.41,Hannah Brooks,Lagoon Launch,Credit Card,Sunny
WSR-2026-2360,2026-09-01,September,Tuesday,Fall,Online Booking,Fishing Kayak,2 Hours,1,50.00,Phone Pouch,5.00,0.00,55.00,Grace Lee,Beachfront Hut,Gift Card,Sunny
WSR-2026-2361,2026-09-01,September,Tuesday,Fall,Walk-in,Stand-Up Paddle Board,2 Hours,1,42.00,Dry Bag,6.00,0.00,48.00,Mia Thompson,Harbor Dock,Credit Card,Sunny
WSR-2026-2362,2026-09-01,September,Tuesday,Fall,Online Booking,Snorkel Set,2 Hours,1,18.00,Dry Bag,6.00,0.00,24.00,Finn Johnson,Resort Pier,Credit Card,Sunny
WSR-2026-2363,2026-09-01,September,Tuesday,Fall,Online Booking,Wetsuit Rental,Half Day,1,24.00,None,0.00,0.00,24.00,Mia Thompson,Beachfront Hut,Credit Card,Rainy
WSR-2026-2364,2026-09-01,September,Tuesday,Fall,Member,Single Kayak,2 Hours,1,38.00,GoPro Mount,8.00,4.60,41.40,Finn Johnson,Beachfront Hut,Credit Card,Sunny
WSR-2026-2365,2026-09-01,September,Tuesday,Fall,Online Booking,Tandem Kayak,2 Hours,1,52.00,None,0.00,0.00,52.00,Ben Carter,Harbor Dock,Debit Card,Cloudy
WSR-2026-2366,2026-09-01,September,Tuesday,Fall,Online Booking,Single Kayak,1 Hour,1,24.00,Dry Bag,6.00,0.00,30.00,Mia Thompson,Resort Pier,Credit Card,Sunny
WSR-2026-2367,2026-09-02,September,Wednesday,Fall,Online Booking,Snorkel Set,1 Hour,1,12.00,None,0.00,0.00,12.00,Grace Lee,Harbor Dock,Gift Card,Windy
WSR-2026-2368,2026-09-02,September,Wednesday,Fall,Resort Guest,Single Kayak,Full Day,1,84.00,Premium Life Jacket,7.00,0.00,91.00,Hannah Brooks,Harbor Dock,Mobile Pay,Sunny
WSR-2026-2369,2026-09-02,September,Wednesday,Fall,Online Booking,Wetsuit Rental,2 Hours,1,16.00,None,0.00,0.00,16.00,Finn Johnson,Harbor Dock,Cash,Sunny
WSR-2026-2370,2026-09-02,September,Wednesday,Fall,Member,Stand-Up Paddle Board,1 Hour,1,26.00,Phone Pouch,5.00,4.65,26.35,Grace Lee,Harbor Dock,Credit Card,Sunny
WSR-2026-2371,2026-09-02,September,Wednesday,Fall,Online Booking,Stand-Up Paddle Board,Half Day,1,62.00,None,0.00,0.00,62.00,Ben Carter,Resort Pier,Debit Card,Rainy
WSR-2026-2372,2026-09-02,September,Wednesday,Fall,Online Booking,Stand-Up Paddle Board,1 Hour,1,26.00,Waterproof Speaker,12.00,0.00,38.00,Ava Martinez,Marina Kiosk,Mobile Pay,Cloudy
WSR-2026-2373,2026-09-02,September,Wednesday,Fall,Walk-in,Single Kayak,Full Day,1,84.00,None,0.00,0.00,84.00,Emma Wilson,Resort Pier,Mobile Pay,Sunny
WSR-2026-2374,2026-09-02,September,Wednesday,Fall,Online Booking,Surfboard,Half Day,1,54.00,None,0.00,0.00,54.00,Mia Thompson,Lagoon Launch,Credit Card,Sunny
WSR-2026-2375,2026-09-02,September,Wednesday,Fall,Resort Guest,Bodyboard,Half Day,1,34.00,Premium Life Jacket,7.00,2.05,38.95,Chloe Nguyen,Resort Pier,Credit Card,Sunny
WSR-2026-2376,2026-09-02,September,Wednesday,Fall,Walk-in,Surfboard,1 Hour,1,22.00,None,0.00,0.00,22.00,Emma Wilson,Resort Pier,Mobile Pay,Sunny
WSR-2026-2377,2026-09-02,September,Wednesday,Fall,Group/Event,Single Kayak,Half Day,1,58.00,None,0.00,5.80,52.20,Emma Wilson,Lagoon Launch,Credit Card,Sunny
WSR-2026-2378,2026-09-03,September,Thursday,Fall,Walk-in,Snorkel Set,Full Day,1,40.00,None,0.00,0.00,40.00,Hannah Brooks,Lagoon Launch,Debit Card,Cloudy
WSR-2026-2379,2026-09-03,September,Thursday,Fall,Walk-in,Surfboard,Full Day,1,76.00,Premium Life Jacket,7.00,0.00,83.00,Isaac Patel,Lagoon Launch,Cash,Sunny
WSR-2026-2380,2026-09-03,September,Thursday,Fall,Group/Event,Stand-Up Paddle Board,2 Hours,1,42.00,None,0.00,2.10,39.90,Ava Martinez,Lagoon Launch,Cash,Sunny
WSR-2026-2381,2026-09-03,September,Thursday,Fall,Online Booking,Bodyboard,1 Hour,1,14.00,Phone Pouch,5.00,0.00,19.00,Emma Wilson,Marina Kiosk,Credit Card,Sunny
WSR-2026-2382,2026-09-03,September,Thursday,Fall,Walk-in,Single Kayak,1 Hour,1,24.00,None,0.00,0.00,24.00,Ben Carter,Beachfront Hut,Credit Card,Sunny
WSR-2026-2383,2026-09-03,September,Thursday,Fall,Online Booking,Bodyboard,2 Hours,1,22.00,Dry Bag,6.00,0.00,28.00,Hannah Brooks,Harbor Dock,Credit Card,Cloudy
WSR-2026-2384,2026-09-03,September,Thursday,Fall,Walk-in,Stand-Up Paddle Board,Full Day,1,88.00,Cooler Rental,10.00,0.00,98.00,Ben Carter,Harbor Dock,Debit Card,Sunny
WSR-2026-2385,2026-09-03,September,Thursday,Fall,Resort Guest,Single Kayak,1 Hour,1,24.00,Dry Bag,6.00,0.00,30.00,Mia Thompson,Lagoon Launch,Cash,Windy
WSR-2026-2386,2026-09-04,September,Friday,Fall,Walk-in,Bodyboard,2 Hours,1,22.00,GoPro Mount,8.00,0.00,30.00,Chloe Nguyen,Lagoon Launch,Gift Card,Cloudy
WSR-2026-2387,2026-09-04,September,Friday,Fall,Resort Guest,Stand-Up Paddle Board,Half Day,1,62.00,GoPro Mount,8.00,0.00,70.00,Chloe Nguyen,Resort Pier,Credit Card,Sunny
WSR-2026-2388,2026-09-04,September,Friday,Fall,Walk-in,Hydro Bike,2 Hours,1,48.00,None,0.00,0.00,48.00,Hannah Brooks,Lagoon Launch,Debit Card,Sunny
WSR-2026-2389,2026-09-04,September,Friday,Fall,Resort Guest,Stand-Up Paddle Board,1 Hour,1,26.00,None,0.00,0.00,26.00,Mia Thompson,Resort Pier,Debit Card,Sunny
WSR-2026-2390,2026-09-04,September,Friday,Fall,Online Booking,Fishing Kayak,2 Hours,1,50.00,Cooler Rental,10.00,0.00,60.00,Hannah Brooks,Resort Pier,Cash,Sunny
WSR-2026-2391,2026-09-04,September,Friday,Fall,Online Booking,Wetsuit Rental,2 Hours,1,16.00,None,0.00,0.00,16.00,Diego Ramirez,Marina Kiosk,Credit Card,Rainy
WSR-2026-2392,2026-09-04,September,Friday,Fall,Walk-in,Pedal Boat,2 Hours,1,58.00,None,0.00,0.00,58.00,Emma Wilson,Lagoon Launch,Debit Card,Sunny
WSR-2026-2393,2026-09-04,September,Friday,Fall,Walk-in,Surfboard,2 Hours,1,36.00,GoPro Mount,8.00,0.00,44.00,Hannah Brooks,Resort Pier,Debit Card,Cloudy
WSR-2026-2394,2026-09-05,September,Saturday,Fall,Group/Event,Bodyboard,1 Hour,1,15.12,Phone Pouch,5.00,2.01,18.11,Grace Lee,Resort Pier,Credit Card,Sunny
WSR-2026-2395,2026-09-05,September,Saturday,Fall,Resort Guest,Snorkel Set,1 Hour,1,12.96,None,0.00,0.00,12.96,Finn Johnson,Resort Pier,Credit Card,Sunny
WSR-2026-2396,2026-09-05,September,Saturday,Fall,Online Booking,Snorkel Set,1 Hour,1,12.96,None,0.00,0.00,12.96,Hannah Brooks,Beachfront Hut,Debit Card,Cloudy
WSR-2026-2397,2026-09-05,September,Saturday,Fall,Online Booking,Stand-Up Paddle Board,Full Day,1,95.04,None,0.00,0.00,95.04,Chloe Nguyen,Lagoon Launch,Debit Card,Rainy
WSR-2026-2398,2026-09-05,September,Saturday,Fall,Walk-in,Single Kayak,2 Hours,1,41.04,None,0.00,0.00,41.04,Mia Thompson,Harbor Dock,Credit Card,Cloudy
WSR-2026-2399,2026-09-05,September,Saturday,Fall,Walk-in,Snorkel Set,2 Hours,1,19.44,None,0.00,0.00,19.44,Mia Thompson,Harbor Dock,Credit Card,Sunny
WSR-2026-2400,2026-09-05,September,Saturday,Fall,Online Booking,Fishing Kayak,1 Hour,1,34.56,None,0.00,0.00,34.56,Grace Lee,Beachfront Hut,Cash,Cloudy
WSR-2026-2401,2026-09-05,September,Saturday,Fall,Walk-in,Bodyboard,Half Day,1,36.72,None,0.00,0.00,36.72,Mia Thompson,Harbor Dock,Credit Card,Cloudy
WSR-2026-2402,2026-09-05,September,Saturday,Fall,Group/Event,Surfboard,1 Hour,1,23.76,None,0.00,0.00,23.76,Isaac Patel,Lagoon Launch,Credit Card,Sunny
WSR-2026-2403,2026-09-05,September,Saturday,Fall,Group/Event,Bodyboard,Full Day,1,51.84,None,0.00,5.18,46.66,Ava Martinez,Lagoon Launch,Debit Card,Sunny
WSR-2026-2404,2026-09-05,September,Saturday,Fall,Walk-in,Surfboard,Half Day,1,58.32,None,0.00,0.00,58.32,Grace Lee,Marina Kiosk,Gift Card,Cloudy
WSR-2026-2405,2026-09-05,September,Saturday,Fall,Online Booking,Pedal Boat,2 Hours,1,62.64,None,0.00,0.00,62.64,Grace Lee,Lagoon Launch,Credit Card,Sunny
WSR-2026-2406,2026-09-06,September,Sunday,Fall,Online Booking,Snorkel Set,1 Hour,1,12.96,None,0.00,0.00,12.96,Ben Carter,Beachfront Hut,Debit Card,Sunny
WSR-2026-2407,2026-09-06,September,Sunday,Fall,Walk-in,Stand-Up Paddle Board,1 Hour,1,28.08,None,0.00,0.00,28.08,Isaac Patel,Lagoon Launch,Mobile Pay,Sunny
WSR-2026-2408,2026-09-06,September,Sunday,Fall,Group/Event,Stand-Up Paddle Board,Half Day,1,66.96,None,0.00,3.35,63.61,Chloe Nguyen,Harbor Dock,Credit Card,Sunny
WSR-2026-2409,2026-09-06,September,Sunday,Fall,Online Booking,Surfboard,2 Hours,1,38.88,GoPro Mount,8.00,0.00,46.88,Ben Carter,Resort Pier,Debit Card,Sunny
WSR-2026-2410,2026-09-06,September,Sunday,Fall,Group/Event,Surfboard,1 Hour,1,23.76,None,0.00,0.00,23.76,Mia Thompson,Resort Pier,Credit Card,Sunny
WSR-2026-2411,2026-09-06,September,Sunday,Fall,Walk-in,Snorkel Set,Full Day,1,43.20,None,0.00,0.00,43.20,Finn Johnson,Resort Pier,Debit Card,Windy
WSR-2026-2412,2026-09-06,September,Sunday,Fall,Resort Guest,Single Kayak,Half Day,1,62.64,None,0.00,0.00,62.64,Ava Martinez,Beachfront Hut,Mobile Pay,Sunny
WSR-2026-2413,2026-09-06,September,Sunday,Fall,Online Booking,Hydro Bike,Half Day,1,77.76,Dry Bag,6.00,0.00,83.76,Chloe Nguyen,Lagoon Launch,Mobile Pay,Sunny
WSR-2026-2414,2026-09-06,September,Sunday,Fall,Walk-in,Tandem Kayak,1 Hour,1,36.72,Dry Bag,6.00,0.00,42.72,Chloe Nguyen,Harbor Dock,Mobile Pay,Sunny
WSR-2026-2415,2026-09-06,September,Sunday,Fall,Walk-in,Tandem Kayak,Half Day,1,84.24,None,0.00,0.00,84.24,Hannah Brooks,Marina Kiosk,Credit Card,Sunny
WSR-2026-2416,2026-09-06,September,Sunday,Fall,Walk-in,Bodyboard,1 Hour,1,15.12,Dry Bag,6.00,0.00,21.12,Grace Lee,Beachfront Hut,Mobile Pay,Sunny
WSR-2026-2417,2026-09-06,September,Sunday,Fall,Walk-in,Snorkel Set,2 Hours,1,19.44,Cooler Rental,10.00,0.00,29.44,Mia Thompson,Harbor Dock,Mobile Pay,Cloudy
WSR-2026-2418,2026-09-06,September,Sunday,Fall,Online Booking,Pedal Boat,2 Hours,1,62.64,Dry Bag,6.00,0.00,68.64,Ava Martinez,Harbor Dock,Credit Card,Cloudy
WSR-2026-2419,2026-09-06,September,Sunday,Fall,Online Booking,Single Kayak,Half Day,1,62.64,None,0.00,0.00,62.64,Mia Thompson,Harbor Dock,Mobile Pay,Sunny
WSR-2026-2420,2026-09-06,September,Sunday,Fall,Online Booking,Single Kayak,1 Hour,1,25.92,Phone Pouch,5.00,0.00,30.92,Ava Martinez,Resort Pier,Debit Card,Windy
WSR-2026-2421,2026-09-06,September,Sunday,Fall,Online Booking,Single Kayak,1 Hour,1,25.92,None,0.00,0.00,25.92,Hannah Brooks,Marina Kiosk,Credit Card,Sunny
WSR-2026-2422,2026-09-06,September,Sunday,Fall,Walk-in,Hydro Bike,1 Hour,1,32.40,None,0.00,0.00,32.40,Emma Wilson,Harbor Dock,Credit Card,Sunny
WSR-2026-2423,2026-09-06,September,Sunday,Fall,Group/Event,Pedal Boat,Half Day,1,92.88,None,0.00,0.00,92.88,Ava Martinez,Lagoon Launch,Credit Card,Sunny
WSR-2026-2424,2026-09-06,September,Sunday,Fall,Resort Guest,Wetsuit Rental,1 Hour,1,10.80,None,0.00,0.00,10.80,Chloe Nguyen,Marina Kiosk,Debit Card,Sunny
WSR-2026-2425,2026-09-06,September,Sunday,Fall,Online Booking,Tandem Kayak,Full Day,1,120.96,Cooler Rental,10.00,0.00,130.96,Chloe Nguyen,Marina Kiosk,Credit Card,Sunny
WSR-2026-2426,2026-09-06,September,Sunday,Fall,Walk-in,Tandem Kayak,Half Day,1,84.24,Dry Bag,6.00,0.00,90.24,Ben Carter,Marina Kiosk,Debit Card,Sunny
WSR-2026-2427,2026-09-07,September,Monday,Fall,Online Booking,Stand-Up Paddle Board,2 Hours,1,48.30,Phone Pouch,5.00,0.00,53.30,Diego Ramirez,Resort Pier,Credit Card,Sunny
WSR-2026-2428,2026-09-07,September,Monday,Fall,Walk-in,Tandem Kayak,2 Hours,1,59.80,None,0.00,2.99,56.81,Hannah Brooks,Harbor Dock,Credit Card,Sunny
WSR-2026-2429,2026-09-07,September,Monday,Fall,Walk-in,Single Kayak,2 Hours,1,43.70,None,0.00,0.00,43.70,Grace Lee,Beachfront Hut,Credit Card,Sunny
WSR-2026-2430,2026-09-07,September,Monday,Fall,Walk-in,Single Kayak,2 Hours,1,43.70,Phone Pouch,5.00,0.00,48.70,Grace Lee,Resort Pier,Credit Card,Cloudy
WSR-2026-2431,2026-09-07,September,Monday,Fall,Walk-in,Stand-Up Paddle Board,2 Hours,1,48.30,Dry Bag,6.00,0.00,54.30,Grace Lee,Marina Kiosk,Gift Card,Cloudy
WSR-2026-2432,2026-09-07,September,Monday,Fall,Online Booking,Bodyboard,2 Hours,1,25.30,Phone Pouch,5.00,0.00,30.30,Diego Ramirez,Beachfront Hut,Credit Card,Sunny
WSR-2026-2433,2026-09-07,September,Monday,Fall,Resort Guest,Single Kayak,1 Hour,1,27.60,GoPro Mount,8.00,0.00,35.60,Mia Thompson,Marina Kiosk,Credit Card,Sunny
WSR-2026-2434,2026-09-07,September,Monday,Fall,Walk-in,Surfboard,Half Day,1,62.10,Phone Pouch,5.00,0.00,67.10,Finn Johnson,Harbor Dock,Credit Card,Sunny
WSR-2026-2435,2026-09-07,September,Monday,Fall,Walk-in,Surfboard,1 Hour,1,25.30,GoPro Mount,8.00,0.00,33.30,Finn Johnson,Lagoon Launch,Credit Card,Windy
WSR-2026-2436,2026-09-07,September,Monday,Fall,Online Booking,Stand-Up Paddle Board,2 Hours,1,48.30,None,0.00,0.00,48.30,Ava Martinez,Beachfront Hut,Credit Card,Sunny
WSR-2026-2437,2026-09-07,September,Monday,Fall,Resort Guest,Tandem Kayak,2 Hours,1,59.80,None,0.00,0.00,59.80,Emma Wilson,Marina Kiosk,Cash,Windy
WSR-2026-2438,2026-09-07,September,Monday,Fall,Walk-in,Tandem Kayak,2 Hours,1,59.80,GoPro Mount,8.00,0.00,67.80,Diego Ramirez,Marina Kiosk,Debit Card,Windy
WSR-2026-2439,2026-09-07,September,Monday,Fall,Online Booking,Stand-Up Paddle Board,2 Hours,1,48.30,None,0.00,0.00,48.30,Emma Wilson,Lagoon Launch,Cash,Sunny
WSR-2026-2440,2026-09-07,September,Monday,Fall,Online Booking,Snorkel Set,1 Hour,1,13.80,Phone Pouch,5.00,0.00,18.80,Grace Lee,Harbor Dock,Credit Card,Cloudy
WSR-2026-2441,2026-09-07,September,Monday,Fall,Online Booking,Fishing Kayak,1 Hour,1,36.80,Phone Pouch,5.00,2.09,39.71,Mia Thompson,Harbor Dock,Credit Card,Sunny
WSR-2026-2442,2026-09-08,September,Tuesday,Fall,Walk-in,Hydro Bike,Half Day,1,72.00,Phone Pouch,5.00,0.00,77.00,Chloe Nguyen,Beachfront Hut,Credit Card,Sunny
WSR-2026-2443,2026-09-08,September,Tuesday,Fall,Group/Event,Surfboard,2 Hours,1,36.00,None,0.00,1.80,34.20,Ava Martinez,Lagoon Launch,Credit Card,Sunny
WSR-2026-2444,2026-09-08,September,Tuesday,Fall,Online Booking,Wetsuit Rental,2 Hours,1,16.00,Dry Bag,6.00,1.10,20.90,Diego Ramirez,Resort Pier,Cash,Sunny
WSR-2026-2445,2026-09-08,September,Tuesday,Fall,Online Booking,Single Kayak,2 Hours,1,38.00,Dry Bag,6.00,0.00,44.00,Diego Ramirez,Beachfront Hut,Debit Card,Sunny
WSR-2026-2446,2026-09-08,September,Tuesday,Fall,Resort Guest,Stand-Up Paddle Board,Full Day,1,88.00,None,0.00,0.00,88.00,Mia Thompson,Resort Pier,Credit Card,Cloudy
WSR-2026-2447,2026-09-08,September,Tuesday,Fall,Walk-in,Stand-Up Paddle Board,1 Hour,1,26.00,None,0.00,0.00,26.00,Mia Thompson,Harbor Dock,Credit Card,Windy
WSR-2026-2448,2026-09-08,September,Tuesday,Fall,Online Booking,Single Kayak,1 Hour,1,24.00,None,0.00,0.00,24.00,Chloe Nguyen,Harbor Dock,Debit Card,Sunny
WSR-2026-2449,2026-09-09,September,Wednesday,Fall,Online Booking,Surfboard,2 Hours,1,36.00,Premium Life Jacket,7.00,0.00,43.00,Ava Martinez,Marina Kiosk,Credit Card,Sunny
WSR-2026-2450,2026-09-09,September,Wednesday,Fall,Resort Guest,Bodyboard,Half Day,1,34.00,Phone Pouch,5.00,0.00,39.00,Emma Wilson,Lagoon Launch,Debit Card,Sunny
WSR-2026-2451,2026-09-09,September,Wednesday,Fall,Group/Event,Bodyboard,1 Hour,1,14.00,None,0.00,0.70,13.30,Ben Carter,Lagoon Launch,Debit Card,Sunny
WSR-2026-2452,2026-09-09,September,Wednesday,Fall,Online Booking,Stand-Up Paddle Board,2 Hours,1,42.00,None,0.00,0.00,42.00,Grace Lee,Harbor Dock,Credit Card,Sunny
WSR-2026-2453,2026-09-09,September,Wednesday,Fall,Member,Bodyboard,Half Day,1,34.00,Phone Pouch,5.00,5.85,33.15,Isaac Patel,Harbor Dock,Gift Card,Sunny
WSR-2026-2454,2026-09-09,September,Wednesday,Fall,Member,Single Kayak,2 Hours,1,38.00,None,0.00,5.70,32.30,Emma Wilson,Beachfront Hut,Cash,Cloudy
WSR-2026-2455,2026-09-09,September,Wednesday,Fall,Online Booking,Single Kayak,2 Hours,1,38.00,None,0.00,0.00,38.00,Emma Wilson,Harbor Dock,Debit Card,Windy
WSR-2026-2456,2026-09-09,September,Wednesday,Fall,Online Booking,Surfboard,Half Day,1,54.00,Dry Bag,6.00,0.00,60.00,Diego Ramirez,Beachfront Hut,Debit Card,Sunny
WSR-2026-2457,2026-09-09,September,Wednesday,Fall,Online Booking,Tandem Kayak,Half Day,1,78.00,None,0.00,0.00,78.00,Ben Carter,Beachfront Hut,Credit Card,Sunny
WSR-2026-2458,2026-09-09,September,Wednesday,Fall,Group/Event,Wetsuit Rental,1 Hour,1,10.00,GoPro Mount,8.00,0.00,18.00,Ava Martinez,Resort Pier,Mobile Pay,Sunny
WSR-2026-2459,2026-09-09,September,Wednesday,Fall,Walk-in,Surfboard,Half Day,1,54.00,Phone Pouch,5.00,0.00,59.00,Chloe Nguyen,Beachfront Hut,Debit Card,Cloudy
WSR-2026-2460,2026-09-10,September,Thursday,Fall,Online Booking,Stand-Up Paddle Board,Half Day,1,62.00,None,0.00,0.00,62.00,Mia Thompson,Beachfront Hut,Debit Card,Windy
WSR-2026-2461,2026-09-10,September,Thursday,Fall,Walk-in,Surfboard,Half Day,1,54.00,Cooler Rental,10.00,0.00,64.00,Ben Carter,Beachfront Hut,Credit Card,Sunny
WSR-2026-2462,2026-09-10,September,Thursday,Fall,Online Booking,Wetsuit Rental,2 Hours,1,16.00,None,0.00,0.00,16.00,Grace Lee,Beachfront Hut,Credit Card,Windy
WSR-2026-2463,2026-09-10,September,Thursday,Fall,Member,Single Kayak,Half Day,1,58.00,Premium Life Jacket,7.00,9.75,55.25,Isaac Patel,Marina Kiosk,Mobile Pay,Windy
WSR-2026-2464,2026-09-10,September,Thursday,Fall,Walk-in,Single Kayak,Half Day,1,58.00,None,0.00,0.00,58.00,Ben Carter,Resort Pier,Credit Card,Sunny
WSR-2026-2465,2026-09-10,September,Thursday,Fall,Resort Guest,Tandem Kayak,1 Hour,1,34.00,Phone Pouch,5.00,0.00,39.00,Chloe Nguyen,Harbor Dock,Credit Card,Sunny
WSR-2026-2466,2026-09-11,September,Friday,Fall,Group/Event,Single Kayak,1 Hour,1,24.00,GoPro Mount,8.00,3.20,28.80,Diego Ramirez,Lagoon Launch,Cash,Cloudy
WSR-2026-2467,2026-09-11,September,Friday,Fall,Online Booking,Bodyboard,2 Hours,1,22.00,None,0.00,0.00,22.00,Emma Wilson,Beachfront Hut,Debit Card,Windy
WSR-2026-2468,2026-09-11,September,Friday,Fall,Online Booking,Single Kayak,Full Day,1,84.00,Cooler Rental,10.00,0.00,94.00,Emma Wilson,Beachfront Hut,Credit Card,Rainy
WSR-2026-2469,2026-09-11,September,Friday,Fall,Online Booking,Fishing Kayak,2 Hours,1,50.00,None,0.00,0.00,50.00,Mia Thompson,Marina Kiosk,Credit Card,Sunny
WSR-2026-2470,2026-09-11,September,Friday,Fall,Walk-in,Single Kayak,Half Day,1,58.00,Phone Pouch,5.00,0.00,63.00,Mia Thompson,Beachfront Hut,Credit Card,Cloudy
WSR-2026-2471,2026-09-11,September,Friday,Fall,Member,Bodyboard,Half Day,1,34.00,None,0.00,3.40,30.60,Hannah Brooks,Harbor Dock,Credit Card,Windy
WSR-2026-2472,2026-09-11,September,Friday,Fall,Walk-in,Tandem Kayak,1 Hour,1,34.00,Waterproof Speaker,12.00,0.00,46.00,Finn Johnson,Lagoon Launch,Credit Card,Sunny
WSR-2026-2473,2026-09-11,September,Friday,Fall,Group/Event,Snorkel Set,2 Hours,1,18.00,None,0.00,1.80,16.20,Ava Martinez,Lagoon Launch,Credit Card,Windy
WSR-2026-2474,2026-09-11,September,Friday,Fall,Walk-in,Stand-Up Paddle Board,Half Day,1,62.00,None,0.00,0.00,62.00,Mia Thompson,Harbor Dock,Debit Card,Sunny
WSR-2026-2475,2026-09-11,September,Friday,Fall,Online Booking,Bodyboard,Full Day,1,48.00,None,0.00,0.00,48.00,Finn Johnson,Harbor Dock,Credit Card,Sunny
WSR-2026-2476,2026-09-11,September,Friday,Fall,Walk-in,Bodyboard,2 Hours,1,22.00,None,0.00,1.10,20.90,Chloe Nguyen,Beachfront Hut,Credit Card,Sunny
WSR-2026-2477,2026-09-11,September,Friday,Fall,Walk-in,Single Kayak,2 Hours,1,38.00,Waterproof Speaker,12.00,0.00,50.00,Isaac Patel,Harbor Dock,Credit Card,Sunny
WSR-2026-2478,2026-09-11,September,Friday,Fall,Walk-in,Stand-Up Paddle Board,2 Hours,1,42.00,Dry Bag,6.00,0.00,48.00,Ava Martinez,Beachfront Hut,Credit Card,Sunny
WSR-2026-2479,2026-09-12,September,Saturday,Fall,Group/Event,Stand-Up Paddle Board,2 Hours,1,45.36,None,0.00,0.00,45.36,Hannah Brooks,Resort Pier,Credit Card,Sunny
WSR-2026-2480,2026-09-12,September,Saturday,Fall,Walk-in,Stand-Up Paddle Board,2 Hours,1,45.36,None,0.00,0.00,45.36,Hannah Brooks,Beachfront Hut,Debit Card,Sunny
WSR-2026-2481,2026-09-12,September,Saturday,Fall,Resort Guest,Bodyboard,1 Hour,1,15.12,None,0.00,0.00,15.12,Isaac Patel,Lagoon Launch,Credit Card,Sunny
WSR-2026-2482,2026-09-12,September,Saturday,Fall,Walk-in,Tandem Kayak,Half Day,1,84.24,None,0.00,0.00,84.24,Grace Lee,Resort Pier,Debit Card,Rainy
WSR-2026-2483,2026-09-12,September,Saturday,Fall,Walk-in,Tandem Kayak,2 Hours,1,56.16,Premium Life Jacket,7.00,0.00,63.16,Emma Wilson,Resort Pier,Credit Card,Sunny
WSR-2026-2484,2026-09-12,September,Saturday,Fall,Group/Event,Stand-Up Paddle Board,Half Day,1,66.96,None,0.00,0.00,66.96,Grace Lee,Beachfront Hut,Credit Card,Cloudy
WSR-2026-2485,2026-09-12,September,Saturday,Fall,Walk-in,Single Kayak,1 Hour,1,25.92,None,0.00,0.00,25.92,Isaac Patel,Resort Pier,Mobile Pay,Sunny
WSR-2026-2486,2026-09-12,September,Saturday,Fall,Group/Event,Snorkel Set,2 Hours,1,19.44,Dry Bag,6.00,2.54,22.90,Mia Thompson,Resort Pier,Credit Card,Rainy
WSR-2026-2487,2026-09-12,September,Saturday,Fall,Walk-in,Stand-Up Paddle Board,2 Hours,1,45.36,Dry Bag,6.00,0.00,51.36,Finn Johnson,Marina Kiosk,Credit Card,Sunny
WSR-2026-2488,2026-09-12,September,Saturday,Fall,Online Booking,Surfboard,Half Day,1,58.32,None,0.00,0.00,58.32,Ben Carter,Resort Pier,Debit Card,Sunny
WSR-2026-2489,2026-09-12,September,Saturday,Fall,Walk-in,Snorkel Set,Half Day,1,30.24,None,0.00,0.00,30.24,Emma Wilson,Lagoon Launch,Gift Card,Cloudy
WSR-2026-2490,2026-09-12,September,Saturday,Fall,Online Booking,Bodyboard,2 Hours,1,23.76,Premium Life Jacket,7.00,0.00,30.76,Finn Johnson,Resort Pier,Debit Card,Sunny
WSR-2026-2491,2026-09-12,September,Saturday,Fall,Resort Guest,Stand-Up Paddle Board,1 Hour,1,28.08,Cooler Rental,10.00,1.90,36.18,Isaac Patel,Marina Kiosk,Debit Card,Sunny
WSR-2026-2492,2026-09-13,September,Sunday,Fall,Walk-in,Tandem Kayak,2 Hours,1,56.16,None,0.00,0.00,56.16,Hannah Brooks,Lagoon Launch,Cash,Rainy
WSR-2026-2493,2026-09-13,September,Sunday,Fall,Walk-in,Wetsuit Rental,2 Hours,1,17.28,Dry Bag,6.00,0.00,23.28,Emma Wilson,Lagoon Launch,Credit Card,Sunny
WSR-2026-2494,2026-09-13,September,Sunday,Fall,Member,Surfboard,2 Hours,1,38.88,Phone Pouch,5.00,6.58,37.30,Emma Wilson,Lagoon Launch,Credit Card,Windy
WSR-2026-2495,2026-09-13,September,Sunday,Fall,Resort Guest,Snorkel Set,1 Hour,1,12.96,Premium Life Jacket,7.00,0.00,19.96,Isaac Patel,Marina Kiosk,Debit Card,Sunny
WSR-2026-2496,2026-09-13,September,Sunday,Fall,Walk-in,Fishing Kayak,Full Day,1,118.80,GoPro Mount,8.00,6.34,120.46,Diego Ramirez,Marina Kiosk,Credit Card,Cloudy
WSR-2026-2497,2026-09-13,September,Sunday,Fall,Walk-in,Hydro Bike,1 Hour,1,32.40,None,0.00,0.00,32.40,Hannah Brooks,Lagoon Launch,Mobile Pay,Cloudy
WSR-2026-2498,2026-09-13,September,Sunday,Fall,Resort Guest,Stand-Up Paddle Board,2 Hours,1,45.36,Dry Bag,6.00,0.00,51.36,Hannah Brooks,Harbor Dock,Credit Card,Sunny
WSR-2026-2499,2026-09-13,September,Sunday,Fall,Group/Event,Single Kayak,1 Hour,1,25.92,Cooler Rental,10.00,3.59,32.33,Chloe Nguyen,Marina Kiosk,Credit Card,Sunny
WSR-2026-2500,2026-09-13,September,Sunday,Fall,Online Booking,Stand-Up Paddle Board,Half Day,1,66.96,GoPro Mount,8.00,0.00,74.96,Hannah Brooks,Beachfront Hut,Debit Card,Sunny
WSR-2026-2501,2026-09-13,September,Sunday,Fall,Group/Event,Tandem Kayak,Half Day,1,84.24,Cooler Rental,10.00,9.42,84.82,Diego Ramirez,Lagoon Launch,Debit Card,Sunny
WSR-2026-2502,2026-09-13,September,Sunday,Fall,Resort Guest,Snorkel Set,1 Hour,1,12.96,Cooler Rental,10.00,0.00,22.96,Finn Johnson,Marina Kiosk,Debit Card,Sunny
WSR-2026-2503,2026-09-13,September,Sunday,Fall,Walk-in,Hydro Bike,2 Hours,1,51.84,None,0.00,0.00,51.84,Isaac Patel,Beachfront Hut,Mobile Pay,Windy
WSR-2026-2504,2026-09-13,September,Sunday,Fall,Online Booking,Stand-Up Paddle Board,2 Hours,1,45.36,None,0.00,0.00,45.36,Diego Ramirez,Marina Kiosk,Credit Card,Rainy
WSR-2026-2505,2026-09-13,September,Sunday,Fall,Walk-in,Snorkel Set,1 Hour,1,12.96,None,0.00,0.00,12.96,Chloe Nguyen,Resort Pier,Cash,Sunny
WSR-2026-2506,2026-09-13,September,Sunday,Fall,Walk-in,Snorkel Set,1 Hour,1,12.96,None,0.00,0.00,12.96,Ben Carter,Lagoon Launch,Credit Card,Sunny
WSR-2026-2507,2026-09-13,September,Sunday,Fall,Group/Event,Stand-Up Paddle Board,Half Day,1,66.96,None,0.00,0.00,66.96,Isaac Patel,Marina Kiosk,Credit Card,Windy
WSR-2026-2508,2026-09-13,September,Sunday,Fall,Walk-in,Stand-Up Paddle Board,Half Day,1,66.96,None,0.00,0.00,66.96,Chloe Nguyen,Marina Kiosk,Credit Card,Sunny
WSR-2026-2509,2026-09-13,September,Sunday,Fall,Group/Event,Single Kayak,2 Hours,1,41.04,Waterproof Speaker,12.00,5.30,47.74,Emma Wilson,Marina Kiosk,Credit Card,Sunny
WSR-2026-2510,2026-09-13,September,Sunday,Fall,Walk-in,Hydro Bike,2 Hours,1,51.84,None,0.00,0.00,51.84,Chloe Nguyen,Resort Pier,Cash,Sunny
WSR-2026-2511,2026-09-14,September,Monday,Fall,Resort Guest,Stand-Up Paddle Board,1 Hour,1,26.00,GoPro Mount,8.00,0.00,34.00,Isaac Patel,Beachfront Hut,Debit Card,Sunny
WSR-2026-2512,2026-09-14,September,Monday,Fall,Walk-in,Surfboard,1 Hour,1,22.00,None,0.00,0.00,22.00,Emma Wilson,Marina Kiosk,Credit Card,Sunny
WSR-2026-2513,2026-09-14,September,Monday,Fall,Walk-in,Stand-Up Paddle Board,1 Hour,1,26.00,None,0.00,0.00,26.00,Ben Carter,Beachfront Hut,Credit Card,Cloudy
WSR-2026-2514,2026-09-14,September,Monday,Fall,Walk-in,Hydro Bike,2 Hours,1,48.00,Cooler Rental,10.00,0.00,58.00,Hannah Brooks,Lagoon Launch,Credit Card,Cloudy
WSR-2026-2515,2026-09-14,September,Monday,Fall,Resort Guest,Single Kayak,Half Day,1,58.00,None,0.00,0.00,58.00,Mia Thompson,Lagoon Launch,Debit Card,Sunny
WSR-2026-2516,2026-09-14,September,Monday,Fall,Group/Event,Tandem Kayak,Full Day,1,112.00,Cooler Rental,10.00,0.00,122.00,Mia Thompson,Marina Kiosk,Gift Card,Cloudy
WSR-2026-2517,2026-09-15,September,Tuesday,Fall,Walk-in,Fishing Kayak,Half Day,1,76.00,Premium Life Jacket,7.00,0.00,83.00,Ava Martinez,Resort Pier,Cash,Sunny
WSR-2026-2518,2026-09-15,September,Tuesday,Fall,Online Booking,Snorkel Set,Half Day,1,28.00,GoPro Mount,8.00,0.00,36.00,Diego Ramirez,Harbor Dock,Debit Card,Cloudy
WSR-2026-2519,2026-09-15,September,Tuesday,Fall,Online Booking,Surfboard,2 Hours,1,36.00,None,0.00,0.00,36.00,Finn Johnson,Lagoon Launch,Debit Card,Cloudy
WSR-2026-2520,2026-09-15,September,Tuesday,Fall,Online Booking,Stand-Up Paddle Board,Full Day,1,88.00,None,0.00,0.00,88.00,Emma Wilson,Marina Kiosk,Mobile Pay,Sunny
WSR-2026-2521,2026-09-15,September,Tuesday,Fall,Online Booking,Snorkel Set,2 Hours,1,18.00,None,0.00,0.00,18.00,Hannah Brooks,Marina Kiosk,Credit Card,Cloudy
WSR-2026-2522,2026-09-16,September,Wednesday,Fall,Group/Event,Hydro Bike,2 Hours,1,48.00,Phone Pouch,5.00,0.00,53.00,Hannah Brooks,Beachfront Hut,Credit Card,Sunny
WSR-2026-2523,2026-09-16,September,Wednesday,Fall,Online Booking,Bodyboard,2 Hours,1,22.00,Dry Bag,6.00,0.00,28.00,Ben Carter,Beachfront Hut,Debit Card,Sunny
WSR-2026-2524,2026-09-16,September,Wednesday,Fall,Online Booking,Tandem Kayak,Half Day,1,78.00,Waterproof Speaker,12.00,0.00,90.00,Chloe Nguyen,Marina Kiosk,Debit Card,Cloudy
WSR-2026-2525,2026-09-17,September,Thursday,Fall,Walk-in,Stand-Up Paddle Board,Full Day,1,88.00,None,0.00,0.00,88.00,Isaac Patel,Resort Pier,Credit Card,Sunny
WSR-2026-2526,2026-09-17,September,Thursday,Fall,Walk-in,Stand-Up Paddle Board,2 Hours,1,42.00,Dry Bag,6.00,0.00,48.00,Chloe Nguyen,Resort Pier,Credit Card,Sunny
WSR-2026-2527,2026-09-17,September,Thursday,Fall,Walk-in,Tandem Kayak,1 Hour,1,34.00,None,0.00,0.00,34.00,Chloe Nguyen,Harbor Dock,Mobile Pay,Cloudy
WSR-2026-2528,2026-09-17,September,Thursday,Fall,Walk-in,Bodyboard,Full Day,1,48.00,Dry Bag,6.00,0.00,54.00,Isaac Patel,Harbor Dock,Debit Card,Cloudy
WSR-2026-2529,2026-09-17,September,Thursday,Fall,Online Booking,Snorkel Set,Half Day,1,28.00,Waterproof Speaker,12.00,0.00,40.00,Emma Wilson,Harbor Dock,Credit Card,Rainy
WSR-2026-2530,2026-09-17,September,Thursday,Fall,Online Booking,Fishing Kayak,1 Hour,1,32.00,None,0.00,0.00,32.00,Diego Ramirez,Lagoon Launch,Mobile Pay,Rainy
WSR-2026-2531,2026-09-17,September,Thursday,Fall,Walk-in,Hydro Bike,2 Hours,1,48.00,None,0.00,0.00,48.00,Emma Wilson,Resort Pier,Credit Card,Sunny
WSR-2026-2532,2026-09-18,September,Friday,Fall,Walk-in,Single Kayak,2 Hours,1,38.00,Cooler Rental,10.00,0.00,48.00,Ava Martinez,Resort Pier,Debit Card,Cloudy
WSR-2026-2533,2026-09-18,September,Friday,Fall,Group/Event,Bodyboard,Full Day,1,48.00,Premium Life Jacket,7.00,5.50,49.50,Mia Thompson,Lagoon Launch,Credit Card,Sunny
WSR-2026-2534,2026-09-18,September,Friday,Fall,Walk-in,Fishing Kayak,Half Day,1,76.00,None,0.00,0.00,76.00,Ben Carter,Beachfront Hut,Mobile Pay,Sunny
WSR-2026-2535,2026-09-18,September,Friday,Fall,Member,Tandem Kayak,2 Hours,1,52.00,None,0.00,5.20,46.80,Grace Lee,Beachfront Hut,Mobile Pay,Sunny
WSR-2026-2536,2026-09-18,September,Friday,Fall,Walk-in,Tandem Kayak,2 Hours,1,52.00,Phone Pouch,5.00,0.00,57.00,Ben Carter,Beachfront Hut,Credit Card,Cloudy
WSR-2026-2537,2026-09-18,September,Friday,Fall,Group/Event,Stand-Up Paddle Board,2 Hours,1,42.00,Premium Life Jacket,7.00,0.00,49.00,Isaac Patel,Harbor Dock,Credit Card,Sunny
WSR-2026-2538,2026-09-18,September,Friday,Fall,Walk-in,Single Kayak,Full Day,1,84.00,Premium Life Jacket,7.00,0.00,91.00,Diego Ramirez,Beachfront Hut,Credit Card,Sunny
WSR-2026-2539,2026-09-18,September,Friday,Fall,Group/Event,Bodyboard,2 Hours,1,22.00,Premium Life Jacket,7.00,1.45,27.55,Chloe Nguyen,Beachfront Hut,Credit Card,Sunny
WSR-2026-2540,2026-09-18,September,Friday,Fall,Walk-in,Single Kayak,2 Hours,1,38.00,Phone Pouch,5.00,0.00,43.00,Finn Johnson,Marina Kiosk,Credit Card,Sunny
WSR-2026-2541,2026-09-18,September,Friday,Fall,Online Booking,Bodyboard,1 Hour,1,14.00,GoPro Mount,8.00,0.00,22.00,Chloe Nguyen,Lagoon Launch,Credit Card,Windy
WSR-2026-2542,2026-09-18,September,Friday,Fall,Member,Single Kayak,2 Hours,1,38.00,Dry Bag,6.00,4.40,39.60,Ben Carter,Resort Pier,Mobile Pay,Cloudy
WSR-2026-2543,2026-09-18,September,Friday,Fall,Walk-in,Stand-Up Paddle Board,1 Hour,1,26.00,None,0.00,0.00,26.00,Hannah Brooks,Harbor Dock,Credit Card,Rainy
WSR-2026-2544,2026-09-18,September,Friday,Fall,Member,Fishing Kayak,Half Day,1,76.00,None,0.00,7.60,68.40,Ava Martinez,Resort Pier,Debit Card,Sunny
WSR-2026-2545,2026-09-18,September,Friday,Fall,Walk-in,Tandem Kayak,Half Day,1,78.00,Dry Bag,6.00,0.00,84.00,Emma Wilson,Beachfront Hut,Credit Card,Sunny
WSR-2026-2546,2026-09-18,September,Friday,Fall,Online Booking,Hydro Bike,2 Hours,1,48.00,None,0.00,0.00,48.00,Isaac Patel,Resort Pier,Cash,Rainy
WSR-2026-2547,2026-09-18,September,Friday,Fall,Walk-in,Single Kayak,1 Hour,1,24.00,Dry Bag,6.00,0.00,30.00,Ava Martinez,Harbor Dock,Credit Card,Sunny
WSR-2026-2548,2026-09-18,September,Friday,Fall,Online Booking,Single Kayak,Half Day,1,58.00,Waterproof Speaker,12.00,0.00,70.00,Emma Wilson,Beachfront Hut,Debit Card,Sunny
WSR-2026-2549,2026-09-18,September,Friday,Fall,Walk-in,Snorkel Set,1 Hour,1,12.00,Premium Life Jacket,7.00,0.00,19.00,Mia Thompson,Lagoon Launch,Debit Card,Cloudy
WSR-2026-2550,2026-09-18,September,Friday,Fall,Walk-in,Snorkel Set,1 Hour,1,12.00,None,0.00,0.00,12.00,Finn Johnson,Harbor Dock,Credit Card,Sunny
WSR-2026-2551,2026-09-18,September,Friday,Fall,Online Booking,Snorkel Set,1 Hour,1,12.00,Dry Bag,6.00,0.00,18.00,Grace Lee,Beachfront Hut,Mobile Pay,Rainy
WSR-2026-2552,2026-09-18,September,Friday,Fall,Walk-in,Stand-Up Paddle Board,Half Day,1,62.00,Dry Bag,6.00,0.00,68.00,Mia Thompson,Beachfront Hut,Credit Card,Sunny
WSR-2026-2553,2026-09-19,September,Saturday,Fall,Online Booking,Stand-Up Paddle Board,1 Hour,1,28.08,None,0.00,0.00,28.08,Grace Lee,Resort Pier,Mobile Pay,Sunny
WSR-2026-2554,2026-09-19,September,Saturday,Fall,Walk-in,Surfboard,1 Hour,1,23.76,Dry Bag,6.00,0.00,29.76,Emma Wilson,Marina Kiosk,Credit Card,Cloudy
WSR-2026-2555,2026-09-19,September,Saturday,Fall,Online Booking,Tandem Kayak,1 Hour,1,36.72,Phone Pouch,5.00,0.00,41.72,Hannah Brooks,Beachfront Hut,Debit Card,Sunny
WSR-2026-2556,2026-09-19,September,Saturday,Fall,Resort Guest,Surfboard,2 Hours,1,38.88,None,0.00,0.00,38.88,Mia Thompson,Resort Pier,Debit Card,Sunny
WSR-2026-2557,2026-09-19,September,Saturday,Fall,Walk-in,Tandem Kayak,2 Hours,1,56.16,Phone Pouch,5.00,0.00,61.16,Ben Carter,Resort Pier,Credit Card,Sunny
WSR-2026-2558,2026-09-19,September,Saturday,Fall,Walk-in,Single Kayak,Half Day,1,62.64,None,0.00,0.00,62.64,Emma Wilson,Resort Pier,Credit Card,Cloudy
WSR-2026-2559,2026-09-19,September,Saturday,Fall,Online Booking,Fishing Kayak,1 Hour,1,34.56,None,0.00,0.00,34.56,Ben Carter,Harbor Dock,Cash,Cloudy
WSR-2026-2560,2026-09-19,September,Saturday,Fall,Resort Guest,Pedal Boat,2 Hours,1,62.64,GoPro Mount,8.00,0.00,70.64,Finn Johnson,Resort Pier,Credit Card,Sunny
WSR-2026-2561,2026-09-19,September,Saturday,Fall,Online Booking,Snorkel Set,1 Hour,1,12.96,Dry Bag,6.00,0.95,18.01,Diego Ramirez,Lagoon Launch,Credit Card,Sunny
WSR-2026-2562,2026-09-19,September,Saturday,Fall,Member,Surfboard,Half Day,1,58.32,None,0.00,5.83,52.49,Grace Lee,Resort Pier,Credit Card,Sunny
WSR-2026-2563,2026-09-19,September,Saturday,Fall,Walk-in,Bodyboard,2 Hours,1,23.76,Dry Bag,6.00,0.00,29.76,Hannah Brooks,Marina Kiosk,Cash,Sunny
WSR-2026-2564,2026-09-19,September,Saturday,Fall,Walk-in,Snorkel Set,Half Day,1,30.24,Phone Pouch,5.00,0.00,35.24,Isaac Patel,Lagoon Launch,Cash,Windy
WSR-2026-2565,2026-09-19,September,Saturday,Fall,Group/Event,Surfboard,1 Hour,1,23.76,Dry Bag,6.00,0.00,29.76,Grace Lee,Harbor Dock,Cash,Sunny
WSR-2026-2566,2026-09-19,September,Saturday,Fall,Walk-in,Tandem Kayak,1 Hour,1,36.72,None,0.00,0.00,36.72,Diego Ramirez,Resort Pier,Cash,Cloudy
WSR-2026-2567,2026-09-19,September,Saturday,Fall,Online Booking,Pedal Boat,2 Hours,1,62.64,Dry Bag,6.00,3.43,65.21,Mia Thompson,Lagoon Launch,Credit Card,Sunny
WSR-2026-2568,2026-09-19,September,Saturday,Fall,Walk-in,Stand-Up Paddle Board,1 Hour,1,28.08,None,0.00,0.00,28.08,Chloe Nguyen,Harbor Dock,Credit Card,Cloudy
WSR-2026-2569,2026-09-19,September,Saturday,Fall,Group/Event,Single Kayak,2 Hours,1,41.04,Phone Pouch,5.00,4.60,41.44,Chloe Nguyen,Beachfront Hut,Mobile Pay,Cloudy
WSR-2026-2570,2026-09-19,September,Saturday,Fall,Online Booking,Stand-Up Paddle Board,2 Hours,1,45.36,None,0.00,0.00,45.36,Ava Martinez,Lagoon Launch,Gift Card,Sunny
WSR-2026-2571,2026-09-20,September,Sunday,Fall,Online Booking,Fishing Kayak,Full Day,1,118.80,None,0.00,0.00,118.80,Hannah Brooks,Harbor Dock,Cash,Cloudy
WSR-2026-2572,2026-09-20,September,Sunday,Fall,Walk-in,Stand-Up Paddle Board,2 Hours,1,45.36,None,0.00,0.00,45.36,Ava Martinez,Lagoon Launch,Cash,Sunny
WSR-2026-2573,2026-09-20,September,Sunday,Fall,Online Booking,Fishing Kayak,2 Hours,1,54.00,Dry Bag,6.00,0.00,60.00,Grace Lee,Harbor Dock,Debit Card,Sunny
WSR-2026-2574,2026-09-20,September,Sunday,Fall,Walk-in,Snorkel Set,Half Day,1,30.24,None,0.00,0.00,30.24,Isaac Patel,Harbor Dock,Cash,Sunny
WSR-2026-2575,2026-09-20,September,Sunday,Fall,Walk-in,Stand-Up Paddle Board,2 Hours,1,45.36,None,0.00,0.00,45.36,Chloe Nguyen,Resort Pier,Cash,Sunny
WSR-2026-2576,2026-09-20,September,Sunday,Fall,Online Booking,Hydro Bike,2 Hours,1,51.84,None,0.00,2.59,49.25,Grace Lee,Lagoon Launch,Credit Card,Cloudy
WSR-2026-2577,2026-09-20,September,Sunday,Fall,Group/Event,Wetsuit Rental,Half Day,1,25.92,Premium Life Jacket,7.00,1.65,31.27,Ava Martinez,Beachfront Hut,Credit Card,Sunny
WSR-2026-2578,2026-09-20,September,Sunday,Fall,Walk-in,Single Kayak,Half Day,1,62.64,None,0.00,0.00,62.64,Diego Ramirez,Resort Pier,Credit Card,Rainy
WSR-2026-2579,2026-09-20,September,Sunday,Fall,Walk-in,Stand-Up Paddle Board,Full Day,1,95.04,None,0.00,0.00,95.04,Diego Ramirez,Resort Pier,Credit Card,Sunny
WSR-2026-2580,2026-09-20,September,Sunday,Fall,Group/Event,Bodyboard,2 Hours,1,23.76,Waterproof Speaker,12.00,1.79,33.97,Grace Lee,Beachfront Hut,Debit Card,Sunny
WSR-2026-2581,2026-09-21,September,Monday,Fall,Group/Event,Stand-Up Paddle Board,1 Hour,1,26.00,Cooler Rental,10.00,1.80,34.20,Finn Johnson,Harbor Dock,Credit Card,Cloudy
WSR-2026-2582,2026-09-21,September,Monday,Fall,Walk-in,Snorkel Set,Half Day,1,28.00,None,0.00,0.00,28.00,Grace Lee,Resort Pier,Credit Card,Sunny
WSR-2026-2583,2026-09-21,September,Monday,Fall,Member,Wetsuit Rental,Half Day,1,24.00,Premium Life Jacket,7.00,3.10,27.90,Finn Johnson,Harbor Dock,Debit Card,Sunny
WSR-2026-2584,2026-09-21,September,Monday,Fall,Walk-in,Fishing Kayak,2 Hours,1,50.00,None,0.00,0.00,50.00,Chloe Nguyen,Resort Pier,Credit Card,Sunny
WSR-2026-2585,2026-09-21,September,Monday,Fall,Online Booking,Surfboard,1 Hour,1,22.00,None,0.00,0.00,22.00,Isaac Patel,Marina Kiosk,Mobile Pay,Sunny
WSR-2026-2586,2026-09-21,September,Monday,Fall,Online Booking,Hydro Bike,2 Hours,1,48.00,None,0.00,0.00,48.00,Emma Wilson,Lagoon Launch,Credit Card,Sunny
WSR-2026-2587,2026-09-21,September,Monday,Fall,Walk-in,Bodyboard,1 Hour,1,14.00,None,0.00,0.00,14.00,Diego Ramirez,Harbor Dock,Credit Card,Sunny
WSR-2026-2588,2026-09-21,September,Monday,Fall,Online Booking,Surfboard,2 Hours,1,36.00,None,0.00,0.00,36.00,Diego Ramirez,Resort Pier,Debit Card,Sunny
WSR-2026-2589,2026-09-21,September,Monday,Fall,Walk-in,Stand-Up Paddle Board,2 Hours,1,42.00,Cooler Rental,10.00,0.00,52.00,Diego Ramirez,Lagoon Launch,Cash,Sunny
WSR-2026-2590,2026-09-21,September,Monday,Fall,Resort Guest,Hydro Bike,1 Hour,1,30.00,None,0.00,0.00,30.00,Emma Wilson,Marina Kiosk,Credit Card,Windy
WSR-2026-2591,2026-09-21,September,Monday,Fall,Walk-in,Hydro Bike,1 Hour,1,30.00,None,0.00,0.00,30.00,Hannah Brooks,Harbor Dock,Debit Card,Rainy
WSR-2026-2592,2026-09-21,September,Monday,Fall,Walk-in,Snorkel Set,1 Hour,1,12.00,None,0.00,0.00,12.00,Emma Wilson,Harbor Dock,Debit Card,Sunny
WSR-2026-2593,2026-09-21,September,Monday,Fall,Online Booking,Wetsuit Rental,2 Hours,1,16.00,Cooler Rental,10.00,0.00,26.00,Finn Johnson,Lagoon Launch,Credit Card,Sunny
WSR-2026-2594,2026-09-22,September,Tuesday,Fall,Online Booking,Fishing Kayak,1 Hour,1,32.00,None,0.00,0.00,32.00,Diego Ramirez,Resort Pier,Credit Card,Sunny
WSR-2026-2595,2026-09-22,September,Tuesday,Fall,Member,Tandem Kayak,1 Hour,1,34.00,Phone Pouch,5.00,5.85,33.15,Ava Martinez,Resort Pier,Credit Card,Cloudy
WSR-2026-2596,2026-09-22,September,Tuesday,Fall,Walk-in,Stand-Up Paddle Board,2 Hours,1,42.00,None,0.00,0.00,42.00,Diego Ramirez,Lagoon Launch,Credit Card,Sunny
WSR-2026-2597,2026-09-22,September,Tuesday,Fall,Resort Guest,Hydro Bike,Half Day,1,72.00,Cooler Rental,10.00,0.00,82.00,Finn Johnson,Marina Kiosk,Credit Card,Sunny
WSR-2026-2598,2026-09-22,September,Tuesday,Fall,Walk-in,Bodyboard,2 Hours,1,22.00,Cooler Rental,10.00,0.00,32.00,Mia Thompson,Harbor Dock,Cash,Sunny
WSR-2026-2599,2026-09-22,September,Tuesday,Fall,Online Booking,Tandem Kayak,Half Day,1,78.00,Premium Life Jacket,7.00,0.00,85.00,Ava Martinez,Harbor Dock,Debit Card,Sunny
WSR-2026-2600,2026-09-22,September,Tuesday,Fall,Online Booking,Hydro Bike,Full Day,1,104.00,Phone Pouch,5.00,0.00,109.00,Mia Thompson,Resort Pier,Debit Card,Cloudy
WSR-2026-2601,2026-09-23,September,Wednesday,Fall,Walk-in,Hydro Bike,1 Hour,1,30.00,Dry Bag,6.00,0.00,36.00,Finn Johnson,Harbor Dock,Debit Card,Sunny
WSR-2026-2602,2026-09-23,September,Wednesday,Fall,Resort Guest,Wetsuit Rental,2 Hours,1,16.00,None,0.00,0.00,16.00,Ben Carter,Marina Kiosk,Credit Card,Sunny
WSR-2026-2603,2026-09-23,September,Wednesday,Fall,Online Booking,Stand-Up Paddle Board,Half Day,1,62.00,None,0.00,0.00,62.00,Hannah Brooks,Marina Kiosk,Debit Card,Cloudy
WSR-2026-2604,2026-09-23,September,Wednesday,Fall,Online Booking,Tandem Kayak,1 Hour,1,34.00,Phone Pouch,5.00,0.00,39.00,Emma Wilson,Lagoon Launch,Debit Card,Sunny
WSR-2026-2605,2026-09-23,September,Wednesday,Fall,Resort Guest,Snorkel Set,1 Hour,1,12.00,Dry Bag,6.00,0.00,18.00,Grace Lee,Resort Pier,Credit Card,Sunny
WSR-2026-2606,2026-09-23,September,Wednesday,Fall,Resort Guest,Tandem Kayak,Full Day,1,112.00,Dry Bag,6.00,0.00,118.00,Isaac Patel,Lagoon Launch,Debit Card,Cloudy
WSR-2026-2607,2026-09-23,September,Wednesday,Fall,Walk-in,Single Kayak,1 Hour,1,24.00,Dry Bag,6.00,0.00,30.00,Hannah Brooks,Beachfront Hut,Credit Card,Sunny
WSR-2026-2608,2026-09-23,September,Wednesday,Fall,Walk-in,Single Kayak,1 Hour,1,24.00,None,0.00,1.20,22.80,Emma Wilson,Lagoon Launch,Credit Card,Cloudy
WSR-2026-2609,2026-09-23,September,Wednesday,Fall,Online Booking,Wetsuit Rental,1 Hour,1,10.00,Phone Pouch,5.00,0.00,15.00,Emma Wilson,Resort Pier,Credit Card,Cloudy
WSR-2026-2610,2026-09-24,September,Thursday,Fall,Walk-in,Fishing Kayak,Full Day,1,110.00,Premium Life Jacket,7.00,0.00,117.00,Hannah Brooks,Harbor Dock,Debit Card,Windy
WSR-2026-2611,2026-09-24,September,Thursday,Fall,Walk-in,Bodyboard,1 Hour,1,14.00,Phone Pouch,5.00,0.00,19.00,Finn Johnson,Beachfront Hut,Credit Card,Sunny
WSR-2026-2612,2026-09-24,September,Thursday,Fall,Walk-in,Single Kayak,Half Day,1,58.00,Premium Life Jacket,7.00,0.00,65.00,Mia Thompson,Marina Kiosk,Cash,Rainy
WSR-2026-2613,2026-09-24,September,Thursday,Fall,Walk-in,Snorkel Set,Half Day,1,28.00,Dry Bag,6.00,0.00,34.00,Diego Ramirez,Resort Pier,Credit Card,Cloudy
WSR-2026-2614,2026-09-24,September,Thursday,Fall,Resort Guest,Bodyboard,Full Day,1,48.00,None,0.00,0.00,48.00,Grace Lee,Lagoon Launch,Mobile Pay,Cloudy
WSR-2026-2615,2026-09-24,September,Thursday,Fall,Online Booking,Single Kayak,1 Hour,1,24.00,Phone Pouch,5.00,0.00,29.00,Mia Thompson,Lagoon Launch,Cash,Windy
WSR-2026-2616,2026-09-25,September,Friday,Fall,Walk-in,Stand-Up Paddle Board,Half Day,1,62.00,Premium Life Jacket,7.00,0.00,69.00,Chloe Nguyen,Lagoon Launch,Debit Card,Sunny
WSR-2026-2617,2026-09-25,September,Friday,Fall,Walk-in,Snorkel Set,1 Hour,1,12.00,None,0.00,0.00,12.00,Hannah Brooks,Resort Pier,Debit Card,Cloudy
WSR-2026-2618,2026-09-25,September,Friday,Fall,Online Booking,Snorkel Set,1 Hour,1,12.00,None,0.00,0.00,12.00,Ava Martinez,Lagoon Launch,Credit Card,Sunny
WSR-2026-2619,2026-09-25,September,Friday,Fall,Walk-in,Pedal Boat,2 Hours,1,58.00,Dry Bag,6.00,0.00,64.00,Mia Thompson,Marina Kiosk,Debit Card,Cloudy
WSR-2026-2620,2026-09-25,September,Friday,Fall,Group/Event,Surfboard,Full Day,1,76.00,Waterproof Speaker,12.00,4.40,83.60,Diego Ramirez,Beachfront Hut,Credit Card,Rainy
WSR-2026-2621,2026-09-25,September,Friday,Fall,Walk-in,Tandem Kayak,2 Hours,1,52.00,None,0.00,0.00,52.00,Mia Thompson,Harbor Dock,Credit Card,Sunny
WSR-2026-2622,2026-09-25,September,Friday,Fall,Walk-in,Tandem Kayak,2 Hours,1,52.00,Dry Bag,6.00,0.00,58.00,Diego Ramirez,Lagoon Launch,Debit Card,Sunny
WSR-2026-2623,2026-09-25,September,Friday,Fall,Online Booking,Snorkel Set,1 Hour,1,12.00,Phone Pouch,5.00,0.00,17.00,Mia Thompson,Beachfront Hut,Cash,Sunny
WSR-2026-2624,2026-09-25,September,Friday,Fall,Online Booking,Snorkel Set,2 Hours,1,18.00,Phone Pouch,5.00,0.00,23.00,Ava Martinez,Marina Kiosk,Credit Card,Sunny
WSR-2026-2625,2026-09-26,September,Saturday,Fall,Online Booking,Single Kayak,1 Hour,1,25.92,Dry Bag,6.00,0.00,31.92,Grace Lee,Harbor Dock,Debit Card,Cloudy
WSR-2026-2626,2026-09-26,September,Saturday,Fall,Group/Event,Tandem Kayak,1 Hour,1,36.72,None,0.00,1.84,34.88,Grace Lee,Marina Kiosk,Credit Card,Sunny
WSR-2026-2627,2026-09-26,September,Saturday,Fall,Walk-in,Tandem Kayak,2 Hours,1,56.16,None,0.00,0.00,56.16,Grace Lee,Beachfront Hut,Debit Card,Sunny
WSR-2026-2628,2026-09-26,September,Saturday,Fall,Resort Guest,Hydro Bike,1 Hour,1,32.40,None,0.00,0.00,32.40,Grace Lee,Marina Kiosk,Debit Card,Sunny
WSR-2026-2629,2026-09-26,September,Saturday,Fall,Member,Single Kayak,Half Day,1,62.64,Phone Pouch,5.00,10.15,57.49,Grace Lee,Harbor Dock,Debit Card,Cloudy
WSR-2026-2630,2026-09-26,September,Saturday,Fall,Walk-in,Stand-Up Paddle Board,2 Hours,1,45.36,Premium Life Jacket,7.00,0.00,52.36,Diego Ramirez,Harbor Dock,Debit Card,Sunny
WSR-2026-2631,2026-09-26,September,Saturday,Fall,Walk-in,Wetsuit Rental,Full Day,1,36.72,None,0.00,0.00,36.72,Grace Lee,Lagoon Launch,Mobile Pay,Sunny
WSR-2026-2632,2026-09-26,September,Saturday,Fall,Online Booking,Single Kayak,1 Hour,1,25.92,Phone Pouch,5.00,0.00,30.92,Finn Johnson,Resort Pier,Credit Card,Cloudy
WSR-2026-2633,2026-09-26,September,Saturday,Fall,Group/Event,Surfboard,1 Hour,1,23.76,Dry Bag,6.00,0.00,29.76,Hannah Brooks,Lagoon Launch,Debit Card,Cloudy
WSR-2026-2634,2026-09-26,September,Saturday,Fall,Group/Event,Pedal Boat,1 Hour,1,38.88,Phone Pouch,5.00,0.00,43.88,Diego Ramirez,Marina Kiosk,Credit Card,Cloudy
WSR-2026-2635,2026-09-26,September,Saturday,Fall,Walk-in,Pedal Boat,2 Hours,1,62.64,None,0.00,0.00,62.64,Hannah Brooks,Lagoon Launch,Credit Card,Windy
WSR-2026-2636,2026-09-26,September,Saturday,Fall,Group/Event,Snorkel Set,1 Hour,1,12.96,GoPro Mount,8.00,0.00,20.96,Mia Thompson,Beachfront Hut,Credit Card,Sunny
WSR-2026-2637,2026-09-26,September,Saturday,Fall,Online Booking,Stand-Up Paddle Board,Full Day,1,95.04,Dry Bag,6.00,0.00,101.04,Mia Thompson,Lagoon Launch,Cash,Windy
WSR-2026-2638,2026-09-26,September,Saturday,Fall,Online Booking,Stand-Up Paddle Board,2 Hours,1,45.36,Cooler Rental,10.00,0.00,55.36,Ben Carter,Lagoon Launch,Credit Card,Sunny
WSR-2026-2639,2026-09-26,September,Saturday,Fall,Walk-in,Single Kayak,2 Hours,1,41.04,None,0.00,0.00,41.04,Diego Ramirez,Lagoon Launch,Credit Card,Sunny
WSR-2026-2640,2026-09-27,September,Sunday,Fall,Online Booking,Surfboard,1 Hour,1,23.76,Dry Bag,6.00,0.00,29.76,Chloe Nguyen,Marina Kiosk,Debit Card,Sunny
WSR-2026-2641,2026-09-27,September,Sunday,Fall,Online Booking,Surfboard,Half Day,1,58.32,None,0.00,0.00,58.32,Isaac Patel,Harbor Dock,Credit Card,Sunny
WSR-2026-2642,2026-09-27,September,Sunday,Fall,Group/Event,Stand-Up Paddle Board,Full Day,1,95.04,Waterproof Speaker,12.00,10.70,96.34,Emma Wilson,Beachfront Hut,Mobile Pay,Cloudy
WSR-2026-2643,2026-09-27,September,Sunday,Fall,Walk-in,Stand-Up Paddle Board,1 Hour,1,28.08,None,0.00,0.00,28.08,Diego Ramirez,Marina Kiosk,Credit Card,Cloudy
WSR-2026-2644,2026-09-27,September,Sunday,Fall,Member,Stand-Up Paddle Board,Full Day,1,95.04,None,0.00,9.50,85.54,Chloe Nguyen,Lagoon Launch,Mobile Pay,Windy
WSR-2026-2645,2026-09-27,September,Sunday,Fall,Member,Surfboard,Half Day,1,58.32,Phone Pouch,5.00,6.33,56.99,Isaac Patel,Resort Pier,Credit Card,Sunny
WSR-2026-2646,2026-09-27,September,Sunday,Fall,Walk-in,Single Kayak,2 Hours,1,41.04,Dry Bag,6.00,0.00,47.04,Hannah Brooks,Resort Pier,Mobile Pay,Sunny
WSR-2026-2647,2026-09-27,September,Sunday,Fall,Group/Event,Surfboard,Half Day,1,58.32,None,0.00,0.00,58.32,Ava Martinez,Harbor Dock,Debit Card,Rainy
WSR-2026-2648,2026-09-27,September,Sunday,Fall,Online Booking,Stand-Up Paddle Board,1 Hour,1,28.08,None,0.00,0.00,28.08,Diego Ramirez,Marina Kiosk,Credit Card,Sunny
WSR-2026-2649,2026-09-27,September,Sunday,Fall,Resort Guest,Stand-Up Paddle Board,1 Hour,1,28.08,None,0.00,0.00,28.08,Chloe Nguyen,Harbor Dock,Cash,Sunny
WSR-2026-2650,2026-09-27,September,Sunday,Fall,Resort Guest,Bodyboard,1 Hour,1,15.12,Dry Bag,6.00,0.00,21.12,Diego Ramirez,Marina Kiosk,Credit Card,Cloudy
WSR-2026-2651,2026-09-27,September,Sunday,Fall,Member,Surfboard,Full Day,1,82.08,Phone Pouch,5.00,13.06,74.02,Ava Martinez,Resort Pier,Credit Card,Sunny
WSR-2026-2652,2026-09-27,September,Sunday,Fall,Resort Guest,Surfboard,1 Hour,1,23.76,None,0.00,0.00,23.76,Emma Wilson,Resort Pier,Credit Card,Sunny
WSR-2026-2653,2026-09-27,September,Sunday,Fall,Group/Event,Bodyboard,2 Hours,1,23.76,None,0.00,1.19,22.57,Chloe Nguyen,Marina Kiosk,Debit Card,Windy
WSR-2026-2654,2026-09-28,September,Monday,Fall,Walk-in,Hydro Bike,Full Day,1,104.00,GoPro Mount,8.00,5.60,106.40,Emma Wilson,Beachfront Hut,Gift Card,Sunny
WSR-2026-2655,2026-09-28,September,Monday,Fall,Walk-in,Surfboard,2 Hours,1,36.00,GoPro Mount,8.00,0.00,44.00,Mia Thompson,Beachfront Hut,Credit Card,Sunny
WSR-2026-2656,2026-09-28,September,Monday,Fall,Walk-in,Tandem Kayak,Full Day,1,112.00,GoPro Mount,8.00,0.00,120.00,Finn Johnson,Beachfront Hut,Credit Card,Sunny
WSR-2026-2657,2026-09-28,September,Monday,Fall,Group/Event,Hydro Bike,Half Day,1,72.00,Cooler Rental,10.00,4.10,77.90,Finn Johnson,Lagoon Launch,Debit Card,Cloudy
WSR-2026-2658,2026-09-28,September,Monday,Fall,Online Booking,Single Kayak,2 Hours,1,38.00,None,0.00,0.00,38.00,Isaac Patel,Lagoon Launch,Cash,Cloudy
WSR-2026-2659,2026-09-28,September,Monday,Fall,Walk-in,Single Kayak,2 Hours,1,38.00,Phone Pouch,5.00,2.15,40.85,Hannah Brooks,Lagoon Launch,Credit Card,Windy
WSR-2026-2660,2026-09-28,September,Monday,Fall,Online Booking,Surfboard,1 Hour,1,22.00,Premium Life Jacket,7.00,0.00,29.00,Ava Martinez,Resort Pier,Debit Card,Cloudy
WSR-2026-2661,2026-09-28,September,Monday,Fall,Walk-in,Surfboard,1 Hour,1,22.00,None,0.00,0.00,22.00,Ben Carter,Harbor Dock,Credit Card,Rainy
WSR-2026-2662,2026-09-28,September,Monday,Fall,Member,Stand-Up Paddle Board,Full Day,1,88.00,None,0.00,8.80,79.20,Emma Wilson,Marina Kiosk,Debit Card,Cloudy
WSR-2026-2663,2026-09-29,September,Tuesday,Fall,Online Booking,Stand-Up Paddle Board,2 Hours,1,42.00,None,0.00,0.00,42.00,Mia Thompson,Beachfront Hut,Credit Card,Windy
WSR-2026-2664,2026-09-29,September,Tuesday,Fall,Group/Event,Fishing Kayak,1 Hour,1,32.00,Phone Pouch,5.00,3.70,33.30,Mia Thompson,Resort Pier,Credit Card,Sunny
WSR-2026-2665,2026-09-29,September,Tuesday,Fall,Online Booking,Tandem Kayak,2 Hours,1,52.00,None,0.00,0.00,52.00,Finn Johnson,Marina Kiosk,Credit Card,Windy
WSR-2026-2666,2026-09-29,September,Tuesday,Fall,Resort Guest,Surfboard,Half Day,1,54.00,None,0.00,0.00,54.00,Chloe Nguyen,Lagoon Launch,Cash,Sunny
WSR-2026-2667,2026-09-29,September,Tuesday,Fall,Online Booking,Hydro Bike,2 Hours,1,48.00,None,0.00,0.00,48.00,Diego Ramirez,Beachfront Hut,Credit Card,Sunny
WSR-2026-2668,2026-09-30,September,Wednesday,Fall,Walk-in,Surfboard,1 Hour,1,22.00,None,0.00,0.00,22.00,Ben Carter,Marina Kiosk,Credit Card,Cloudy
WSR-2026-2669,2026-09-30,September,Wednesday,Fall,Resort Guest,Single Kayak,1 Hour,1,24.00,Phone Pouch,5.00,0.00,29.00,Ava Martinez,Marina Kiosk,Credit Card,Sunny
WSR-2026-2670,2026-10-01,October,Thursday,Fall,Online Booking,Tandem Kayak,2 Hours,1,52.00,Dry Bag,6.00,0.00,58.00,Grace Lee,Harbor Dock,Mobile Pay,Sunny
WSR-2026-2671,2026-10-01,October,Thursday,Fall,Walk-in,Stand-Up Paddle Board,Half Day,1,62.00,Phone Pouch,5.00,0.00,67.00,Diego Ramirez,Marina Kiosk,Debit Card,Sunny
WSR-2026-2672,2026-10-02,October,Friday,Fall,Walk-in,Tandem Kayak,1 Hour,1,34.00,Cooler Rental,10.00,0.00,44.00,Emma Wilson,Lagoon Launch,Credit Card,Sunny
WSR-2026-2673,2026-10-02,October,Friday,Fall,Walk-in,Wetsuit Rental,1 Hour,1,10.00,Premium Life Jacket,7.00,0.00,17.00,Emma Wilson,Beachfront Hut,Debit Card,Sunny
WSR-2026-2674,2026-10-02,October,Friday,Fall,Online Booking,Surfboard,2 Hours,1,36.00,GoPro Mount,8.00,0.00,44.00,Diego Ramirez,Resort Pier,Credit Card,Sunny
WSR-2026-2675,2026-10-03,October,Saturday,Fall,Resort Guest,Stand-Up Paddle Board,1 Hour,1,28.08,None,0.00,0.00,28.08,Finn Johnson,Marina Kiosk,Credit Card,Sunny
WSR-2026-2676,2026-10-03,October,Saturday,Fall,Online Booking,Snorkel Set,2 Hours,1,19.44,Premium Life Jacket,7.00,0.00,26.44,Grace Lee,Harbor Dock,Debit Card,Sunny
WSR-2026-2677,2026-10-03,October,Saturday,Fall,Group/Event,Surfboard,1 Hour,1,23.76,None,0.00,2.38,21.38,Grace Lee,Beachfront Hut,Credit Card,Cloudy
WSR-2026-2678,2026-10-03,October,Saturday,Fall,Walk-in,Wetsuit Rental,2 Hours,1,17.28,None,0.00,0.00,17.28,Ben Carter,Marina Kiosk,Debit Card,Sunny
WSR-2026-2679,2026-10-03,October,Saturday,Fall,Online Booking,Surfboard,1 Hour,1,23.76,Waterproof Speaker,12.00,0.00,35.76,Mia Thompson,Harbor Dock,Credit Card,Windy
WSR-2026-2680,2026-10-03,October,Saturday,Fall,Walk-in,Hydro Bike,2 Hours,1,51.84,Dry Bag,6.00,0.00,57.84,Mia Thompson,Marina Kiosk,Credit Card,Windy
WSR-2026-2681,2026-10-04,October,Sunday,Fall,Member,Tandem Kayak,Half Day,1,84.24,Premium Life Jacket,7.00,9.12,82.12,Chloe Nguyen,Marina Kiosk,Cash,Cloudy
WSR-2026-2682,2026-10-04,October,Sunday,Fall,Online Booking,Single Kayak,1 Hour,1,25.92,Dry Bag,6.00,0.00,31.92,Grace Lee,Beachfront Hut,Credit Card,Sunny
WSR-2026-2683,2026-10-04,October,Sunday,Fall,Online Booking,Wetsuit Rental,Half Day,1,25.92,None,0.00,0.00,25.92,Grace Lee,Marina Kiosk,Debit Card,Windy
WSR-2026-2684,2026-10-04,October,Sunday,Fall,Walk-in,Tandem Kayak,1 Hour,1,36.72,Phone Pouch,5.00,0.00,41.72,Chloe Nguyen,Marina Kiosk,Debit Card,Sunny
WSR-2026-2685,2026-10-04,October,Sunday,Fall,Online Booking,Wetsuit Rental,2 Hours,1,17.28,None,0.00,0.00,17.28,Grace Lee,Lagoon Launch,Credit Card,Sunny
WSR-2026-2686,2026-10-04,October,Sunday,Fall,Walk-in,Bodyboard,1 Hour,1,15.12,Waterproof Speaker,12.00,1.36,25.76,Hannah Brooks,Lagoon Launch,Mobile Pay,Cloudy
WSR-2026-2687,2026-10-05,October,Monday,Fall,Online Booking,Bodyboard,1 Hour,1,14.00,Cooler Rental,10.00,0.00,24.00,Finn Johnson,Harbor Dock,Debit Card,Sunny
WSR-2026-2688,2026-10-05,October,Monday,Fall,Online Booking,Single Kayak,Half Day,1,58.00,None,0.00,0.00,58.00,Isaac Patel,Marina Kiosk,Credit Card,Cloudy
WSR-2026-2689,2026-10-05,October,Monday,Fall,Walk-in,Snorkel Set,1 Hour,1,12.00,Dry Bag,6.00,0.00,18.00,Chloe Nguyen,Resort Pier,Credit Card,Cloudy
WSR-2026-2690,2026-10-05,October,Monday,Fall,Group/Event,Single Kayak,Full Day,1,84.00,Phone Pouch,5.00,0.00,89.00,Mia Thompson,Lagoon Launch,Credit Card,Sunny
WSR-2026-2691,2026-10-05,October,Monday,Fall,Online Booking,Wetsuit Rental,1 Hour,1,10.00,GoPro Mount,8.00,0.00,18.00,Mia Thompson,Lagoon Launch,Debit Card,Windy
WSR-2026-2692,2026-10-06,October,Tuesday,Fall,Walk-in,Stand-Up Paddle Board,Full Day,1,88.00,None,0.00,0.00,88.00,Chloe Nguyen,Resort Pier,Cash,Sunny
WSR-2026-2693,2026-10-06,October,Tuesday,Fall,Resort Guest,Stand-Up Paddle Board,2 Hours,1,42.00,None,0.00,0.00,42.00,Ben Carter,Resort Pier,Debit Card,Windy
WSR-2026-2694,2026-10-06,October,Tuesday,Fall,Walk-in,Wetsuit Rental,2 Hours,1,16.00,None,0.00,0.00,16.00,Grace Lee,Marina Kiosk,Cash,Sunny
WSR-2026-2695,2026-10-06,October,Tuesday,Fall,Walk-in,Stand-Up Paddle Board,Half Day,1,62.00,None,0.00,0.00,62.00,Mia Thompson,Lagoon Launch,Debit Card,Cloudy
WSR-2026-2696,2026-10-06,October,Tuesday,Fall,Resort Guest,Stand-Up Paddle Board,1 Hour,1,26.00,None,0.00,0.00,26.00,Finn Johnson,Harbor Dock,Credit Card,Windy
WSR-2026-2697,2026-10-07,October,Wednesday,Fall,Online Booking,Stand-Up Paddle Board,Half Day,1,62.00,None,0.00,0.00,62.00,Emma Wilson,Lagoon Launch,Credit Card,Cloudy
WSR-2026-2698,2026-10-07,October,Wednesday,Fall,Walk-in,Single Kayak,Full Day,1,84.00,None,0.00,0.00,84.00,Emma Wilson,Beachfront Hut,Cash,Cloudy
WSR-2026-2699,2026-10-08,October,Thursday,Fall,Walk-in,Snorkel Set,2 Hours,1,18.00,Cooler Rental,10.00,0.00,28.00,Chloe Nguyen,Beachfront Hut,Credit Card,Sunny
WSR-2026-2700,2026-10-08,October,Thursday,Fall,Walk-in,Surfboard,2 Hours,1,36.00,Cooler Rental,10.00,0.00,46.00,Grace Lee,Beachfront Hut,Cash,Cloudy
WSR-2026-2701,2026-10-08,October,Thursday,Fall,Resort Guest,Single Kayak,2 Hours,1,38.00,None,0.00,0.00,38.00,Isaac Patel,Resort Pier,Credit Card,Sunny
WSR-2026-2702,2026-10-08,October,Thursday,Fall,Walk-in,Single Kayak,2 Hours,1,38.00,None,0.00,0.00,38.00,Grace Lee,Harbor Dock,Credit Card,Sunny
WSR-2026-2703,2026-10-08,October,Thursday,Fall,Walk-in,Stand-Up Paddle Board,Half Day,1,62.00,GoPro Mount,8.00,0.00,70.00,Ava Martinez,Resort Pier,Debit Card,Sunny
WSR-2026-2704,2026-10-08,October,Thursday,Fall,Walk-in,Hydro Bike,1 Hour,1,30.00,None,0.00,0.00,30.00,Ava Martinez,Harbor Dock,Credit Card,Windy
WSR-2026-2705,2026-10-09,October,Friday,Fall,Online Booking,Stand-Up Paddle Board,Half Day,1,62.00,None,0.00,0.00,62.00,Chloe Nguyen,Marina Kiosk,Credit Card,Cloudy
WSR-2026-2706,2026-10-09,October,Friday,Fall,Resort Guest,Wetsuit Rental,2 Hours,1,16.00,None,0.00,0.00,16.00,Grace Lee,Lagoon Launch,Mobile Pay,Sunny
WSR-2026-2707,2026-10-09,October,Friday,Fall,Walk-in,Single Kayak,2 Hours,1,38.00,GoPro Mount,8.00,0.00,46.00,Ben Carter,Beachfront Hut,Debit Card,Cloudy
WSR-2026-2708,2026-10-09,October,Friday,Fall,Walk-in,Wetsuit Rental,Half Day,1,24.00,None,0.00,0.00,24.00,Mia Thompson,Lagoon Launch,Mobile Pay,Sunny
WSR-2026-2709,2026-10-09,October,Friday,Fall,Walk-in,Snorkel Set,Half Day,1,28.00,Premium Life Jacket,7.00,0.00,35.00,Mia Thompson,Resort Pier,Cash,Sunny
WSR-2026-2710,2026-10-09,October,Friday,Fall,Resort Guest,Stand-Up Paddle Board,2 Hours,1,42.00,None,0.00,0.00,42.00,Isaac Patel,Marina Kiosk,Credit Card,Sunny
WSR-2026-2711,2026-10-09,October,Friday,Fall,Walk-in,Wetsuit Rental,2 Hours,1,16.00,None,0.00,0.00,16.00,Isaac Patel,Marina Kiosk,Credit Card,Sunny
WSR-2026-2712,2026-10-09,October,Friday,Fall,Online Booking,Pedal Boat,1 Hour,1,36.00,Dry Bag,6.00,0.00,42.00,Mia Thompson,Marina Kiosk,Credit Card,Sunny
WSR-2026-2713,2026-10-10,October,Saturday,Fall,Online Booking,Fishing Kayak,1 Hour,1,34.56,None,0.00,1.73,32.83,Ben Carter,Lagoon Launch,Debit Card,Cloudy
WSR-2026-2714,2026-10-10,October,Saturday,Fall,Resort Guest,Surfboard,2 Hours,1,38.88,Dry Bag,6.00,0.00,44.88,Ava Martinez,Beachfront Hut,Debit Card,Cloudy
WSR-2026-2715,2026-10-10,October,Saturday,Fall,Online Booking,Stand-Up Paddle Board,Full Day,1,95.04,GoPro Mount,8.00,0.00,103.04,Ava Martinez,Harbor Dock,Mobile Pay,Cloudy
WSR-2026-2716,2026-10-10,October,Saturday,Fall,Walk-in,Stand-Up Paddle Board,1 Hour,1,28.08,None,0.00,0.00,28.08,Isaac Patel,Resort Pier,Debit Card,Sunny
WSR-2026-2717,2026-10-11,October,Sunday,Fall,Resort Guest,Surfboard,1 Hour,1,23.76,Cooler Rental,10.00,0.00,33.76,Diego Ramirez,Beachfront Hut,Debit Card,Sunny
WSR-2026-2718,2026-10-11,October,Sunday,Fall,Online Booking,Wetsuit Rental,2 Hours,1,17.28,None,0.00,0.00,17.28,Grace Lee,Marina Kiosk,Mobile Pay,Sunny
WSR-2026-2719,2026-10-11,October,Sunday,Fall,Online Booking,Stand-Up Paddle Board,1 Hour,1,28.08,None,0.00,0.00,28.08,Finn Johnson,Beachfront Hut,Credit Card,Sunny
WSR-2026-2720,2026-10-11,October,Sunday,Fall,Walk-in,Single Kayak,2 Hours,1,41.04,Dry Bag,6.00,0.00,47.04,Grace Lee,Resort Pier,Credit Card,Cloudy
WSR-2026-2721,2026-10-11,October,Sunday,Fall,Online Booking,Pedal Boat,2 Hours,1,62.64,None,0.00,0.00,62.64,Chloe Nguyen,Marina Kiosk,Debit Card,Cloudy
WSR-2026-2722,2026-10-12,October,Monday,Fall,Online Booking,Snorkel Set,1 Hour,1,12.00,None,0.00,0.00,12.00,Emma Wilson,Resort Pier,Cash,Cloudy
WSR-2026-2723,2026-10-12,October,Monday,Fall,Online Booking,Wetsuit Rental,2 Hours,1,16.00,None,0.00,0.00,16.00,Finn Johnson,Marina Kiosk,Debit Card,Sunny
WSR-2026-2724,2026-10-12,October,Monday,Fall,Walk-in,Stand-Up Paddle Board,1 Hour,1,26.00,None,0.00,0.00,26.00,Grace Lee,Marina Kiosk,Credit Card,Windy
WSR-2026-2725,2026-10-12,October,Monday,Fall,Walk-in,Stand-Up Paddle Board,2 Hours,1,42.00,None,0.00,0.00,42.00,Ava Martinez,Resort Pier,Cash,Windy
WSR-2026-2726,2026-10-12,October,Monday,Fall,Group/Event,Tandem Kayak,1 Hour,1,34.00,None,0.00,0.00,34.00,Mia Thompson,Marina Kiosk,Credit Card,Windy
WSR-2026-2727,2026-10-12,October,Monday,Fall,Walk-in,Single Kayak,1 Hour,1,24.00,Cooler Rental,10.00,0.00,34.00,Chloe Nguyen,Beachfront Hut,Credit Card,Sunny
WSR-2026-2728,2026-10-13,October,Tuesday,Fall,Walk-in,Stand-Up Paddle Board,Half Day,1,62.00,None,0.00,0.00,62.00,Grace Lee,Marina Kiosk,Credit Card,Cloudy
WSR-2026-2729,2026-10-13,October,Tuesday,Fall,Walk-in,Pedal Boat,1 Hour,1,36.00,Dry Bag,6.00,0.00,42.00,Isaac Patel,Beachfront Hut,Credit Card,Sunny
WSR-2026-2730,2026-10-13,October,Tuesday,Fall,Walk-in,Wetsuit Rental,Full Day,1,34.00,None,0.00,0.00,34.00,Mia Thompson,Lagoon Launch,Debit Card,Sunny
WSR-2026-2731,2026-10-13,October,Tuesday,Fall,Online Booking,Wetsuit Rental,Half Day,1,24.00,Dry Bag,6.00,0.00,30.00,Ben Carter,Marina Kiosk,Credit Card,Sunny
WSR-2026-2732,2026-10-13,October,Tuesday,Fall,Walk-in,Surfboard,2 Hours,1,36.00,None,0.00,0.00,36.00,Ben Carter,Lagoon Launch,Credit Card,Sunny
WSR-2026-2733,2026-10-14,October,Wednesday,Fall,Online Booking,Bodyboard,1 Hour,1,14.00,None,0.00,0.00,14.00,Finn Johnson,Resort Pier,Mobile Pay,Rainy
WSR-2026-2734,2026-10-14,October,Wednesday,Fall,Walk-in,Stand-Up Paddle Board,Full Day,1,88.00,None,0.00,0.00,88.00,Mia Thompson,Marina Kiosk,Credit Card,Sunny
WSR-2026-2735,2026-10-14,October,Wednesday,Fall,Online Booking,Snorkel Set,1 Hour,1,12.00,Phone Pouch,5.00,0.00,17.00,Emma Wilson,Marina Kiosk,Credit Card,Sunny
WSR-2026-2736,2026-10-15,October,Thursday,Fall,Online Booking,Stand-Up Paddle Board,1 Hour,1,26.00,None,0.00,0.00,26.00,Ava Martinez,Beachfront Hut,Mobile Pay,Sunny
WSR-2026-2737,2026-10-15,October,Thursday,Fall,Online Booking,Stand-Up Paddle Board,Half Day,1,62.00,Cooler Rental,10.00,0.00,72.00,Ben Carter,Harbor Dock,Debit Card,Sunny
WSR-2026-2738,2026-10-15,October,Thursday,Fall,Walk-in,Snorkel Set,Half Day,1,28.00,Dry Bag,6.00,0.00,34.00,Hannah Brooks,Resort Pier,Mobile Pay,Sunny
WSR-2026-2739,2026-10-15,October,Thursday,Fall,Walk-in,Single Kayak,2 Hours,1,38.00,Dry Bag,6.00,0.00,44.00,Ben Carter,Resort Pier,Credit Card,Sunny
WSR-2026-2740,2026-10-15,October,Thursday,Fall,Online Booking,Tandem Kayak,1 Hour,1,34.00,None,0.00,0.00,34.00,Hannah Brooks,Marina Kiosk,Credit Card,Sunny
WSR-2026-2741,2026-10-15,October,Thursday,Fall,Online Booking,Stand-Up Paddle Board,1 Hour,1,26.00,GoPro Mount,8.00,0.00,34.00,Chloe Nguyen,Beachfront Hut,Credit Card,Sunny
WSR-2026-2742,2026-10-16,October,Friday,Fall,Walk-in,Wetsuit Rental,Half Day,1,24.00,Dry Bag,6.00,0.00,30.00,Ben Carter,Harbor Dock,Credit Card,Sunny
WSR-2026-2743,2026-10-16,October,Friday,Fall,Walk-in,Stand-Up Paddle Board,1 Hour,1,26.00,Premium Life Jacket,7.00,0.00,33.00,Isaac Patel,Resort Pier,Credit Card,Sunny
WSR-2026-2744,2026-10-16,October,Friday,Fall,Resort Guest,Snorkel Set,2 Hours,1,18.00,Waterproof Speaker,12.00,0.00,30.00,Finn Johnson,Beachfront Hut,Debit Card,Sunny
WSR-2026-2745,2026-10-17,October,Saturday,Fall,Online Booking,Stand-Up Paddle Board,1 Hour,1,28.08,GoPro Mount,8.00,0.00,36.08,Emma Wilson,Harbor Dock,Mobile Pay,Cloudy
WSR-2026-2746,2026-10-17,October,Saturday,Fall,Resort Guest,Hydro Bike,2 Hours,1,51.84,Cooler Rental,10.00,0.00,61.84,Grace Lee,Resort Pier,Credit Card,Sunny
WSR-2026-2747,2026-10-17,October,Saturday,Fall,Resort Guest,Stand-Up Paddle Board,2 Hours,1,45.36,None,0.00,0.00,45.36,Ava Martinez,Lagoon Launch,Credit Card,Sunny
WSR-2026-2748,2026-10-17,October,Saturday,Fall,Walk-in,Snorkel Set,2 Hours,1,19.44,Cooler Rental,10.00,0.00,29.44,Grace Lee,Lagoon Launch,Credit Card,Rainy
WSR-2026-2749,2026-10-17,October,Saturday,Fall,Walk-in,Fishing Kayak,Half Day,1,82.08,None,0.00,0.00,82.08,Isaac Patel,Harbor Dock,Credit Card,Sunny
WSR-2026-2750,2026-10-17,October,Saturday,Fall,Online Booking,Surfboard,2 Hours,1,38.88,None,0.00,1.94,36.94,Mia Thompson,Marina Kiosk,Credit Card,Sunny
WSR-2026-2751,2026-10-17,October,Saturday,Fall,Walk-in,Hydro Bike,2 Hours,1,51.84,None,0.00,0.00,51.84,Hannah Brooks,Lagoon Launch,Cash,Sunny
WSR-2026-2752,2026-10-17,October,Saturday,Fall,Resort Guest,Stand-Up Paddle Board,1 Hour,1,28.08,None,0.00,0.00,28.08,Emma Wilson,Lagoon Launch,Cash,Sunny
WSR-2026-2753,2026-10-17,October,Saturday,Fall,Group/Event,Tandem Kayak,1 Hour,1,36.72,Waterproof Speaker,12.00,2.44,46.28,Chloe Nguyen,Resort Pier,Debit Card,Rainy
WSR-2026-2754,2026-10-17,October,Saturday,Fall,Walk-in,Stand-Up Paddle Board,2 Hours,1,45.36,Dry Bag,6.00,0.00,51.36,Diego Ramirez,Resort Pier,Credit Card,Sunny
WSR-2026-2755,2026-10-18,October,Sunday,Fall,Walk-in,Bodyboard,Full Day,1,51.84,Cooler Rental,10.00,3.09,58.75,Ben Carter,Marina Kiosk,Credit Card,Rainy
WSR-2026-2756,2026-10-18,October,Sunday,Fall,Walk-in,Snorkel Set,2 Hours,1,19.44,Waterproof Speaker,12.00,0.00,31.44,Ava Martinez,Harbor Dock,Credit Card,Rainy
WSR-2026-2757,2026-10-18,October,Sunday,Fall,Walk-in,Surfboard,2 Hours,1,38.88,GoPro Mount,8.00,0.00,46.88,Chloe Nguyen,Harbor Dock,Credit Card,Sunny
WSR-2026-2758,2026-10-18,October,Sunday,Fall,Member,Single Kayak,2 Hours,1,41.04,None,0.00,6.16,34.88,Isaac Patel,Marina Kiosk,Cash,Cloudy
WSR-2026-2759,2026-10-18,October,Sunday,Fall,Online Booking,Hydro Bike,2 Hours,1,51.84,Dry Bag,6.00,0.00,57.84,Mia Thompson,Beachfront Hut,Credit Card,Sunny
WSR-2026-2760,2026-10-19,October,Monday,Fall,Online Booking,Wetsuit Rental,Full Day,1,34.00,None,0.00,0.00,34.00,Emma Wilson,Beachfront Hut,Debit Card,Sunny
WSR-2026-2761,2026-10-19,October,Monday,Fall,Resort Guest,Fishing Kayak,2 Hours,1,50.00,GoPro Mount,8.00,0.00,58.00,Emma Wilson,Harbor Dock,Credit Card,Windy
WSR-2026-2762,2026-10-19,October,Monday,Fall,Resort Guest,Stand-Up Paddle Board,2 Hours,1,42.00,Cooler Rental,10.00,0.00,52.00,Chloe Nguyen,Harbor Dock,Credit Card,Sunny
WSR-2026-2763,2026-10-19,October,Monday,Fall,Member,Tandem Kayak,1 Hour,1,34.00,None,0.00,5.10,28.90,Emma Wilson,Beachfront Hut,Credit Card,Cloudy
WSR-2026-2764,2026-10-20,October,Tuesday,Fall,Resort Guest,Surfboard,2 Hours,1,36.00,Premium Life Jacket,7.00,0.00,43.00,Diego Ramirez,Beachfront Hut,Credit Card,Rainy
WSR-2026-2765,2026-10-20,October,Tuesday,Fall,Resort Guest,Stand-Up Paddle Board,Half Day,1,62.00,Phone Pouch,5.00,0.00,67.00,Mia Thompson,Harbor Dock,Credit Card,Cloudy
WSR-2026-2766,2026-10-21,October,Wednesday,Fall,Online Booking,Surfboard,1 Hour,1,22.00,Premium Life Jacket,7.00,0.00,29.00,Diego Ramirez,Harbor Dock,Mobile Pay,Cloudy
WSR-2026-2767,2026-10-21,October,Wednesday,Fall,Walk-in,Bodyboard,2 Hours,1,22.00,None,0.00,0.00,22.00,Isaac Patel,Marina Kiosk,Debit Card,Sunny
WSR-2026-2768,2026-10-21,October,Wednesday,Fall,Walk-in,Surfboard,Half Day,1,54.00,Waterproof Speaker,12.00,0.00,66.00,Hannah Brooks,Lagoon Launch,Mobile Pay,Sunny
WSR-2026-2769,2026-10-21,October,Wednesday,Fall,Resort Guest,Stand-Up Paddle Board,2 Hours,1,42.00,None,0.00,0.00,42.00,Hannah Brooks,Resort Pier,Credit Card,Sunny
WSR-2026-2770,2026-10-21,October,Wednesday,Fall,Member,Snorkel Set,Full Day,1,40.00,None,0.00,4.00,36.00,Hannah Brooks,Marina Kiosk,Mobile Pay,Sunny
WSR-2026-2771,2026-10-22,October,Thursday,Fall,Walk-in,Wetsuit Rental,2 Hours,1,16.00,Dry Bag,6.00,0.00,22.00,Isaac Patel,Lagoon Launch,Debit Card,Sunny
WSR-2026-2772,2026-10-22,October,Thursday,Fall,Walk-in,Fishing Kayak,1 Hour,1,32.00,None,0.00,0.00,32.00,Finn Johnson,Resort Pier,Credit Card,Windy
WSR-2026-2773,2026-10-22,October,Thursday,Fall,Online Booking,Snorkel Set,2 Hours,1,18.00,GoPro Mount,8.00,0.00,26.00,Finn Johnson,Harbor Dock,Credit Card,Sunny
WSR-2026-2774,2026-10-23,October,Friday,Fall,Walk-in,Wetsuit Rental,2 Hours,1,16.00,None,0.00,0.00,16.00,Finn Johnson,Beachfront Hut,Credit Card,Sunny
WSR-2026-2775,2026-10-23,October,Friday,Fall,Resort Guest,Snorkel Set,Full Day,1,40.00,Premium Life Jacket,7.00,0.00,47.00,Hannah Brooks,Beachfront Hut,Credit Card,Sunny
WSR-2026-2776,2026-10-24,October,Saturday,Fall,Walk-in,Pedal Boat,2 Hours,1,62.64,Phone Pouch,5.00,0.00,67.64,Mia Thompson,Harbor Dock,Credit Card,Sunny
WSR-2026-2777,2026-10-24,October,Saturday,Fall,Resort Guest,Wetsuit Rental,Half Day,1,25.92,GoPro Mount,8.00,0.00,33.92,Chloe Nguyen,Harbor Dock,Credit Card,Windy
WSR-2026-2778,2026-10-24,October,Saturday,Fall,Resort Guest,Stand-Up Paddle Board,2 Hours,1,45.36,Premium Life Jacket,7.00,0.00,52.36,Finn Johnson,Harbor Dock,Credit Card,Sunny
WSR-2026-2779,2026-10-24,October,Saturday,Fall,Resort Guest,Tandem Kayak,1 Hour,1,36.72,Dry Bag,6.00,0.00,42.72,Ben Carter,Lagoon Launch,Debit Card,Sunny
WSR-2026-2780,2026-10-24,October,Saturday,Fall,Resort Guest,Surfboard,1 Hour,1,23.76,Premium Life Jacket,7.00,0.00,30.76,Isaac Patel,Marina Kiosk,Debit Card,Sunny
WSR-2026-2781,2026-10-24,October,Saturday,Fall,Walk-in,Wetsuit Rental,1 Hour,1,10.80,None,0.00,0.00,10.80,Grace Lee,Marina Kiosk,Mobile Pay,Sunny
WSR-2026-2782,2026-10-24,October,Saturday,Fall,Group/Event,Wetsuit Rental,Half Day,1,25.92,Premium Life Jacket,7.00,3.29,29.63,Diego Ramirez,Resort Pier,Credit Card,Rainy
WSR-2026-2783,2026-10-24,October,Saturday,Fall,Walk-in,Hydro Bike,2 Hours,1,51.84,None,0.00,0.00,51.84,Hannah Brooks,Resort Pier,Cash,Sunny
WSR-2026-2784,2026-10-24,October,Saturday,Fall,Walk-in,Tandem Kayak,2 Hours,1,56.16,Phone Pouch,5.00,0.00,61.16,Chloe Nguyen,Harbor Dock,Credit Card,Sunny
WSR-2026-2785,2026-10-24,October,Saturday,Fall,Online Booking,Snorkel Set,Half Day,1,30.24,None,0.00,0.00,30.24,Chloe Nguyen,Resort Pier,Debit Card,Sunny
WSR-2026-2786,2026-10-24,October,Saturday,Fall,Group/Event,Stand-Up Paddle Board,1 Hour,1,28.08,None,0.00,2.81,25.27,Grace Lee,Resort Pier,Cash,Cloudy
WSR-2026-2787,2026-10-24,October,Saturday,Fall,Group/Event,Wetsuit Rental,1 Hour,1,10.80,None,0.00,1.08,9.72,Hannah Brooks,Marina Kiosk,Mobile Pay,Sunny
WSR-2026-2788,2026-10-24,October,Saturday,Fall,Online Booking,Fishing Kayak,1 Hour,1,34.56,Dry Bag,6.00,0.00,40.56,Chloe Nguyen,Beachfront Hut,Mobile Pay,Sunny
WSR-2026-2789,2026-10-25,October,Sunday,Fall,Walk-in,Fishing Kayak,2 Hours,1,54.00,None,0.00,0.00,54.00,Hannah Brooks,Beachfront Hut,Cash,Cloudy
WSR-2026-2790,2026-10-25,October,Sunday,Fall,Online Booking,Stand-Up Paddle Board,Half Day,1,66.96,Dry Bag,6.00,0.00,72.96,Isaac Patel,Harbor Dock,Credit Card,Rainy
WSR-2026-2791,2026-10-25,October,Sunday,Fall,Walk-in,Tandem Kayak,2 Hours,1,56.16,Phone Pouch,5.00,3.06,58.10,Finn Johnson,Marina Kiosk,Credit Card,Sunny
WSR-2026-2792,2026-10-25,October,Sunday,Fall,Resort Guest,Snorkel Set,2 Hours,1,19.44,Phone Pouch,5.00,0.00,24.44,Mia Thompson,Beachfront Hut,Cash,Sunny
WSR-2026-2793,2026-10-25,October,Sunday,Fall,Group/Event,Fishing Kayak,1 Hour,1,34.56,Dry Bag,6.00,4.06,36.50,Ben Carter,Lagoon Launch,Mobile Pay,Rainy
WSR-2026-2794,2026-10-25,October,Sunday,Fall,Walk-in,Stand-Up Paddle Board,1 Hour,1,28.08,Phone Pouch,5.00,0.00,33.08,Grace Lee,Beachfront Hut,Credit Card,Sunny
WSR-2026-2795,2026-10-25,October,Sunday,Fall,Walk-in,Tandem Kayak,2 Hours,1,56.16,Phone Pouch,5.00,0.00,61.16,Finn Johnson,Resort Pier,Mobile Pay,Sunny
WSR-2026-2796,2026-10-25,October,Sunday,Fall,Group/Event,Tandem Kayak,2 Hours,1,56.16,Dry Bag,6.00,6.22,55.94,Isaac Patel,Marina Kiosk,Mobile Pay,Sunny
WSR-2026-2797,2026-10-26,October,Monday,Fall,Online Booking,Stand-Up Paddle Board,2 Hours,1,42.00,None,0.00,0.00,42.00,Chloe Nguyen,Harbor Dock,Credit Card,Sunny
WSR-2026-2798,2026-10-26,October,Monday,Fall,Group/Event,Tandem Kayak,2 Hours,1,52.00,None,0.00,5.20,46.80,Emma Wilson,Beachfront Hut,Mobile Pay,Sunny
WSR-2026-2799,2026-10-26,October,Monday,Fall,Walk-in,Bodyboard,Half Day,1,34.00,None,0.00,0.00,34.00,Chloe Nguyen,Beachfront Hut,Credit Card,Sunny
WSR-2026-2800,2026-10-26,October,Monday,Fall,Online Booking,Single Kayak,1 Hour,1,24.00,None,0.00,0.00,24.00,Emma Wilson,Beachfront Hut,Debit Card,Sunny
WSR-2026-2801,2026-10-27,October,Tuesday,Fall,Walk-in,Tandem Kayak,2 Hours,1,52.00,None,0.00,0.00,52.00,Isaac Patel,Beachfront Hut,Cash,Sunny
WSR-2026-2802,2026-10-27,October,Tuesday,Fall,Online Booking,Stand-Up Paddle Board,Half Day,1,62.00,None,0.00,0.00,62.00,Chloe Nguyen,Marina Kiosk,Gift Card,Cloudy
WSR-2026-2803,2026-10-27,October,Tuesday,Fall,Walk-in,Tandem Kayak,2 Hours,1,52.00,None,0.00,2.60,49.40,Finn Johnson,Harbor Dock,Debit Card,Sunny
WSR-2026-2804,2026-10-27,October,Tuesday,Fall,Walk-in,Stand-Up Paddle Board,Half Day,1,62.00,Phone Pouch,5.00,0.00,67.00,Finn Johnson,Marina Kiosk,Cash,Sunny
WSR-2026-2805,2026-10-27,October,Tuesday,Fall,Online Booking,Stand-Up Paddle Board,1 Hour,1,26.00,Phone Pouch,5.00,0.00,31.00,Ava Martinez,Harbor Dock,Credit Card,Sunny
WSR-2026-2806,2026-10-27,October,Tuesday,Fall,Online Booking,Single Kayak,2 Hours,1,38.00,Phone Pouch,5.00,0.00,43.00,Grace Lee,Beachfront Hut,Credit Card,Sunny
WSR-2026-2807,2026-10-28,October,Wednesday,Fall,Online Booking,Snorkel Set,1 Hour,1,12.00,Premium Life Jacket,7.00,0.00,19.00,Chloe Nguyen,Harbor Dock,Credit Card,Cloudy
WSR-2026-2808,2026-10-28,October,Wednesday,Fall,Walk-in,Tandem Kayak,Half Day,1,78.00,None,0.00,0.00,78.00,Isaac Patel,Lagoon Launch,Credit Card,Sunny
WSR-2026-2809,2026-10-28,October,Wednesday,Fall,Member,Hydro Bike,2 Hours,1,48.00,GoPro Mount,8.00,5.60,50.40,Isaac Patel,Resort Pier,Credit Card,Cloudy
WSR-2026-2810,2026-10-29,October,Thursday,Fall,Walk-in,Fishing Kayak,Half Day,1,76.00,None,0.00,0.00,76.00,Diego Ramirez,Marina Kiosk,Mobile Pay,Sunny
WSR-2026-2811,2026-10-29,October,Thursday,Fall,Walk-in,Bodyboard,1 Hour,1,14.00,None,0.00,0.00,14.00,Mia Thompson,Harbor Dock,Mobile Pay,Sunny
WSR-2026-2812,2026-10-30,October,Friday,Fall,Online Booking,Stand-Up Paddle Board,1 Hour,1,26.00,None,0.00,0.00,26.00,Chloe Nguyen,Lagoon Launch,Debit Card,Sunny
WSR-2026-2813,2026-10-30,October,Friday,Fall,Online Booking,Snorkel Set,1 Hour,1,12.00,None,0.00,0.00,12.00,Isaac Patel,Beachfront Hut,Debit Card,Cloudy
WSR-2026-2814,2026-10-30,October,Friday,Fall,Walk-in,Tandem Kayak,1 Hour,1,34.00,GoPro Mount,8.00,0.00,42.00,Mia Thompson,Marina Kiosk,Debit Card,Rainy
WSR-2026-2815,2026-10-30,October,Friday,Fall,Resort Guest,Stand-Up Paddle Board,Half Day,1,62.00,None,0.00,0.00,62.00,Grace Lee,Lagoon Launch,Credit Card,Sunny
WSR-2026-2816,2026-10-30,October,Friday,Fall,Member,Single Kayak,2 Hours,1,38.00,Waterproof Speaker,12.00,7.50,42.50,Emma Wilson,Resort Pier,Credit Card,Sunny
WSR-2026-2817,2026-10-31,October,Saturday,Fall,Walk-in,Stand-Up Paddle Board,1 Hour,1,28.08,None,0.00,1.40,26.68,Grace Lee,Lagoon Launch,Debit Card,Sunny
WSR-2026-2818,2026-10-31,October,Saturday,Fall,Resort Guest,Wetsuit Rental,Half Day,1,25.92,Dry Bag,6.00,1.60,30.32,Ava Martinez,Harbor Dock,Mobile Pay,Cloudy
WSR-2026-2819,2026-10-31,October,Saturday,Fall,Resort Guest,Hydro Bike,1 Hour,1,32.40,Cooler Rental,10.00,0.00,42.40,Grace Lee,Resort Pier,Debit Card,Sunny
WSR-2026-2820,2026-10-31,October,Saturday,Fall,Walk-in,Tandem Kayak,Full Day,1,120.96,Dry Bag,6.00,0.00,126.96,Ava Martinez,Lagoon Launch,Cash,Sunny
WSR-2026-2821,2026-10-31,October,Saturday,Fall,Resort Guest,Hydro Bike,1 Hour,1,32.40,None,0.00,0.00,32.40,Emma Wilson,Lagoon Launch,Cash,Sunny
WSR-2026-2822,2026-10-31,October,Saturday,Fall,Online Booking,Bodyboard,Full Day,1,51.84,Phone Pouch,5.00,0.00,56.84,Hannah Brooks,Lagoon Launch,Debit Card,Sunny
WSR-2026-2823,2026-10-31,October,Saturday,Fall,Online Booking,Stand-Up Paddle Board,Half Day,1,66.96,None,0.00,0.00,66.96,Finn Johnson,Harbor Dock,Credit Card,Sunny
WSR-2026-2824,2026-10-31,October,Saturday,Fall,Online Booking,Stand-Up Paddle Board,2 Hours,1,45.36,None,0.00,0.00,45.36,Chloe Nguyen,Marina Kiosk,Gift Card,Sunny
WSR-2026-2825,2026-10-31,October,Saturday,Fall,Resort Guest,Tandem Kayak,Half Day,1,84.24,None,0.00,0.00,84.24,Finn Johnson,Lagoon Launch,Mobile Pay,Sunny
WSR-2026-2826,2026-10-31,October,Saturday,Fall,Resort Guest,Fishing Kayak,1 Hour,1,34.56,Cooler Rental,10.00,0.00,44.56,Mia Thompson,Beachfront Hut,Credit Card,Sunny
WSR-2026-2827,2026-10-31,October,Saturday,Fall,Resort Guest,Stand-Up Paddle Board,2 Hours,1,45.36,None,0.00,0.00,45.36,Ben Carter,Marina Kiosk,Credit Card,Cloudy
WSR-2026-2828,2026-10-31,October,Saturday,Fall,Online Booking,Single Kayak,2 Hours,1,41.04,Dry Bag,6.00,0.00,47.04,Chloe Nguyen,Marina Kiosk,Credit Card,Windy
WSR-2026-2829,2026-10-31,October,Saturday,Fall,Resort Guest,Snorkel Set,Half Day,1,30.24,Dry Bag,6.00,0.00,36.24,Emma Wilson,Resort Pier,Credit Card,Sunny
WSR-2026-2830,2026-10-31,October,Saturday,Fall,Online Booking,Fishing Kayak,1 Hour,1,34.56,None,0.00,0.00,34.56,Isaac Patel,Beachfront Hut,Debit Card,Sunny
WSR-2026-2831,2026-10-31,October,Saturday,Fall,Walk-in,Surfboard,2 Hours,1,38.88,Cooler Rental,10.00,0.00,48.88,Hannah Brooks,Resort Pier,Mobile Pay,Sunny
WSR-2026-2832,2026-10-31,October,Saturday,Fall,Resort Guest,Surfboard,1 Hour,1,23.76,None,0.00,0.00,23.76,Finn Johnson,Marina Kiosk,Debit Card,Sunny
WSR-2026-2833,2026-10-31,October,Saturday,Fall,Resort Guest,Fishing Kayak,2 Hours,1,54.00,None,0.00,0.00,54.00,Chloe Nguyen,Resort Pier,Gift Card,Windy
WSR-2026-2834,2026-11-01,November,Sunday,Fall,Walk-in,Wetsuit Rental,2 Hours,1,17.28,None,0.00,0.00,17.28,Mia Thompson,Lagoon Launch,Mobile Pay,Sunny
WSR-2026-2835,2026-11-01,November,Sunday,Fall,Online Booking,Single Kayak,Full Day,1,90.72,Dry Bag,6.00,0.00,96.72,Hannah Brooks,Beachfront Hut,Credit Card,Cloudy
WSR-2026-2836,2026-11-01,November,Sunday,Fall,Walk-in,Stand-Up Paddle Board,2 Hours,1,45.36,None,0.00,0.00,45.36,Finn Johnson,Marina Kiosk,Credit Card,Cloudy
WSR-2026-2837,2026-11-02,November,Monday,Fall,Online Booking,Tandem Kayak,2 Hours,1,52.00,Dry Bag,6.00,0.00,58.00,Emma Wilson,Resort Pier,Cash,Sunny
WSR-2026-2838,2026-11-02,November,Monday,Fall,Member,Bodyboard,Half Day,1,34.00,None,0.00,5.10,28.90,Emma Wilson,Beachfront Hut,Mobile Pay,Sunny
WSR-2026-2839,2026-11-02,November,Monday,Fall,Online Booking,Stand-Up Paddle Board,Full Day,1,88.00,None,0.00,0.00,88.00,Mia Thompson,Beachfront Hut,Gift Card,Cloudy
WSR-2026-2840,2026-11-03,November,Tuesday,Fall,Walk-in,Stand-Up Paddle Board,Full Day,1,88.00,Premium Life Jacket,7.00,0.00,95.00,Ava Martinez,Marina Kiosk,Debit Card,Sunny
WSR-2026-2841,2026-11-05,November,Thursday,Fall,Group/Event,Fishing Kayak,Half Day,1,76.00,None,0.00,0.00,76.00,Grace Lee,Harbor Dock,Debit Card,Sunny
WSR-2026-2842,2026-11-05,November,Thursday,Fall,Walk-in,Stand-Up Paddle Board,1 Hour,1,26.00,Phone Pouch,5.00,0.00,31.00,Chloe Nguyen,Beachfront Hut,Mobile Pay,Sunny
WSR-2026-2843,2026-11-05,November,Thursday,Fall,Member,Surfboard,2 Hours,1,36.00,None,0.00,3.60,32.40,Grace Lee,Beachfront Hut,Credit Card,Rainy
WSR-2026-2844,2026-11-06,November,Friday,Fall,Resort Guest,Single Kayak,Half Day,1,58.00,None,0.00,0.00,58.00,Chloe Nguyen,Lagoon Launch,Cash,Sunny
WSR-2026-2845,2026-11-06,November,Friday,Fall,Resort Guest,Stand-Up Paddle Board,1 Hour,1,26.00,None,0.00,0.00,26.00,Chloe Nguyen,Marina Kiosk,Debit Card,Sunny
WSR-2026-2846,2026-11-06,November,Friday,Fall,Walk-in,Hydro Bike,1 Hour,1,30.00,None,0.00,0.00,30.00,Diego Ramirez,Marina Kiosk,Gift Card,Sunny
WSR-2026-2847,2026-11-06,November,Friday,Fall,Online Booking,Wetsuit Rental,1 Hour,1,10.00,None,0.00,0.00,10.00,Diego Ramirez,Lagoon Launch,Credit Card,Windy
WSR-2026-2848,2026-11-07,November,Saturday,Fall,Online Booking,Stand-Up Paddle Board,1 Hour,1,28.08,None,0.00,0.00,28.08,Ava Martinez,Resort Pier,Credit Card,Cloudy
WSR-2026-2849,2026-11-07,November,Saturday,Fall,Online Booking,Single Kayak,2 Hours,1,41.04,Phone Pouch,5.00,0.00,46.04,Isaac Patel,Lagoon Launch,Credit Card,Cloudy
WSR-2026-2850,2026-11-07,November,Saturday,Fall,Group/Event,Single Kayak,1 Hour,1,25.92,Waterproof Speaker,12.00,3.79,34.13,Grace Lee,Harbor Dock,Credit Card,Sunny
WSR-2026-2851,2026-11-07,November,Saturday,Fall,Walk-in,Stand-Up Paddle Board,Half Day,1,66.96,None,0.00,0.00,66.96,Diego Ramirez,Lagoon Launch,Debit Card,Sunny
WSR-2026-2852,2026-11-08,November,Sunday,Fall,Walk-in,Wetsuit Rental,1 Hour,1,10.80,None,0.00,0.00,10.80,Hannah Brooks,Resort Pier,Cash,Sunny
WSR-2026-2853,2026-11-09,November,Monday,Fall,Walk-in,Hydro Bike,1 Hour,1,30.00,None,0.00,0.00,30.00,Finn Johnson,Resort Pier,Credit Card,Cloudy
WSR-2026-2854,2026-11-09,November,Monday,Fall,Walk-in,Stand-Up Paddle Board,1 Hour,1,26.00,GoPro Mount,8.00,0.00,34.00,Finn Johnson,Beachfront Hut,Mobile Pay,Sunny
WSR-2026-2855,2026-11-09,November,Monday,Fall,Member,Wetsuit Rental,1 Hour,1,10.00,None,0.00,1.00,9.00,Finn Johnson,Lagoon Launch,Mobile Pay,Cloudy
WSR-2026-2856,2026-11-10,November,Tuesday,Fall,Online Booking,Stand-Up Paddle Board,2 Hours,1,42.00,None,0.00,0.00,42.00,Emma Wilson,Harbor Dock,Mobile Pay,Cloudy
WSR-2026-2857,2026-11-10,November,Tuesday,Fall,Online Booking,Single Kayak,1 Hour,1,24.00,None,0.00,0.00,24.00,Ava Martinez,Marina Kiosk,Debit Card,Windy
WSR-2026-2858,2026-11-10,November,Tuesday,Fall,Resort Guest,Fishing Kayak,2 Hours,1,50.00,Dry Bag,6.00,0.00,56.00,Chloe Nguyen,Beachfront Hut,Debit Card,Cloudy
WSR-2026-2859,2026-11-11,November,Wednesday,Fall,Walk-in,Pedal Boat,Half Day,1,86.00,Waterproof Speaker,12.00,0.00,98.00,Finn Johnson,Harbor Dock,Credit Card,Sunny
WSR-2026-2860,2026-11-13,November,Friday,Fall,Walk-in,Single Kayak,1 Hour,1,24.00,None,0.00,0.00,24.00,Mia Thompson,Beachfront Hut,Mobile Pay,Sunny
WSR-2026-2861,2026-11-13,November,Friday,Fall,Walk-in,Bodyboard,2 Hours,1,22.00,None,0.00,1.10,20.90,Chloe Nguyen,Resort Pier,Credit Card,Cloudy
WSR-2026-2862,2026-11-13,November,Friday,Fall,Walk-in,Surfboard,2 Hours,1,36.00,Dry Bag,6.00,0.00,42.00,Diego Ramirez,Beachfront Hut,Credit Card,Cloudy
WSR-2026-2863,2026-11-13,November,Friday,Fall,Walk-in,Pedal Boat,Half Day,1,86.00,None,0.00,0.00,86.00,Diego Ramirez,Resort Pier,Debit Card,Windy
WSR-2026-2864,2026-11-14,November,Saturday,Fall,Online Booking,Tandem Kayak,Half Day,1,84.24,Dry Bag,6.00,0.00,90.24,Isaac Patel,Marina Kiosk,Credit Card,Windy
WSR-2026-2865,2026-11-14,November,Saturday,Fall,Walk-in,Stand-Up Paddle Board,Half Day,1,66.96,None,0.00,0.00,66.96,Chloe Nguyen,Beachfront Hut,Debit Card,Sunny
WSR-2026-2866,2026-11-14,November,Saturday,Fall,Online Booking,Hydro Bike,2 Hours,1,51.84,None,0.00,0.00,51.84,Grace Lee,Marina Kiosk,Debit Card,Windy
WSR-2026-2867,2026-11-14,November,Saturday,Fall,Group/Event,Tandem Kayak,2 Hours,1,56.16,Phone Pouch,5.00,3.06,58.10,Diego Ramirez,Marina Kiosk,Debit Card,Cloudy
WSR-2026-2868,2026-11-14,November,Saturday,Fall,Walk-in,Single Kayak,2 Hours,1,41.04,Dry Bag,6.00,0.00,47.04,Emma Wilson,Beachfront Hut,Debit Card,Sunny
WSR-2026-2869,2026-11-15,November,Sunday,Fall,Walk-in,Surfboard,Half Day,1,58.32,GoPro Mount,8.00,0.00,66.32,Diego Ramirez,Harbor Dock,Debit Card,Cloudy
WSR-2026-2870,2026-11-15,November,Sunday,Fall,Walk-in,Tandem Kayak,2 Hours,1,56.16,None,0.00,0.00,56.16,Grace Lee,Marina Kiosk,Credit Card,Sunny
WSR-2026-2871,2026-11-15,November,Sunday,Fall,Walk-in,Snorkel Set,2 Hours,1,19.44,None,0.00,0.00,19.44,Mia Thompson,Marina Kiosk,Credit Card,Rainy
WSR-2026-2872,2026-11-15,November,Sunday,Fall,Online Booking,Wetsuit Rental,2 Hours,1,17.28,None,0.00,0.00,17.28,Emma Wilson,Harbor Dock,Mobile Pay,Cloudy
WSR-2026-2873,2026-11-16,November,Monday,Fall,Resort Guest,Wetsuit Rental,1 Hour,1,10.00,None,0.00,0.00,10.00,Grace Lee,Harbor Dock,Mobile Pay,Cloudy
WSR-2026-2874,2026-11-16,November,Monday,Fall,Member,Single Kayak,2 Hours,1,38.00,Dry Bag,6.00,6.60,37.40,Finn Johnson,Resort Pier,Credit Card,Windy
WSR-2026-2875,2026-11-16,November,Monday,Fall,Online Booking,Single Kayak,1 Hour,1,24.00,Phone Pouch,5.00,0.00,29.00,Isaac Patel,Harbor Dock,Credit Card,Sunny
WSR-2026-2876,2026-11-16,November,Monday,Fall,Member,Stand-Up Paddle Board,1 Hour,1,26.00,None,0.00,3.90,22.10,Ava Martinez,Beachfront Hut,Credit Card,Rainy
WSR-2026-2877,2026-11-17,November,Tuesday,Fall,Online Booking,Surfboard,Half Day,1,54.00,None,0.00,0.00,54.00,Mia Thompson,Marina Kiosk,Credit Card,Sunny
WSR-2026-2878,2026-11-17,November,Tuesday,Fall,Group/Event,Wetsuit Rental,1 Hour,1,10.00,Dry Bag,6.00,0.00,16.00,Ava Martinez,Marina Kiosk,Credit Card,Sunny
WSR-2026-2879,2026-11-17,November,Tuesday,Fall,Resort Guest,Surfboard,2 Hours,1,36.00,None,0.00,1.80,34.20,Diego Ramirez,Lagoon Launch,Debit Card,Sunny
WSR-2026-2880,2026-11-18,November,Wednesday,Fall,Resort Guest,Snorkel Set,2 Hours,1,18.00,Dry Bag,6.00,1.20,22.80,Ava Martinez,Beachfront Hut,Debit Card,Windy
WSR-2026-2881,2026-11-18,November,Wednesday,Fall,Online Booking,Stand-Up Paddle Board,2 Hours,1,42.00,None,0.00,0.00,42.00,Grace Lee,Lagoon Launch,Debit Card,Windy
WSR-2026-2882,2026-11-18,November,Wednesday,Fall,Resort Guest,Stand-Up Paddle Board,2 Hours,1,42.00,None,0.00,0.00,42.00,Isaac Patel,Beachfront Hut,Credit Card,Sunny
WSR-2026-2883,2026-11-19,November,Thursday,Fall,Resort Guest,Bodyboard,2 Hours,1,22.00,Phone Pouch,5.00,0.00,27.00,Chloe Nguyen,Marina Kiosk,Credit Card,Sunny
WSR-2026-2884,2026-11-19,November,Thursday,Fall,Walk-in,Snorkel Set,2 Hours,1,18.00,GoPro Mount,8.00,0.00,26.00,Diego Ramirez,Beachfront Hut,Credit Card,Windy
WSR-2026-2885,2026-11-19,November,Thursday,Fall,Group/Event,Wetsuit Rental,Half Day,1,24.00,GoPro Mount,8.00,1.60,30.40,Hannah Brooks,Resort Pier,Credit Card,Sunny
WSR-2026-2886,2026-11-19,November,Thursday,Fall,Resort Guest,Snorkel Set,Full Day,1,40.00,None,0.00,0.00,40.00,Diego Ramirez,Harbor Dock,Cash,Sunny
WSR-2026-2887,2026-11-20,November,Friday,Fall,Walk-in,Surfboard,1 Hour,1,22.00,None,0.00,0.00,22.00,Emma Wilson,Harbor Dock,Credit Card,Cloudy
WSR-2026-2888,2026-11-20,November,Friday,Fall,Member,Single Kayak,1 Hour,1,24.00,GoPro Mount,8.00,4.80,27.20,Ben Carter,Harbor Dock,Debit Card,Sunny
WSR-2026-2889,2026-11-20,November,Friday,Fall,Online Booking,Tandem Kayak,1 Hour,1,34.00,Dry Bag,6.00,0.00,40.00,Chloe Nguyen,Beachfront Hut,Credit Card,Rainy
WSR-2026-2890,2026-11-20,November,Friday,Fall,Group/Event,Snorkel Set,1 Hour,1,12.00,None,0.00,0.00,12.00,Mia Thompson,Resort Pier,Credit Card,Cloudy
WSR-2026-2891,2026-11-21,November,Saturday,Fall,Online Booking,Single Kayak,2 Hours,1,41.04,None,0.00,0.00,41.04,Finn Johnson,Lagoon Launch,Debit Card,Cloudy
WSR-2026-2892,2026-11-21,November,Saturday,Fall,Online Booking,Single Kayak,2 Hours,1,41.04,None,0.00,0.00,41.04,Ava Martinez,Marina Kiosk,Cash,Sunny
WSR-2026-2893,2026-11-21,November,Saturday,Fall,Online Booking,Tandem Kayak,Full Day,1,120.96,Cooler Rental,10.00,6.55,124.41,Ben Carter,Marina Kiosk,Credit Card,Sunny
WSR-2026-2894,2026-11-21,November,Saturday,Fall,Group/Event,Wetsuit Rental,2 Hours,1,17.28,None,0.00,0.86,16.42,Chloe Nguyen,Beachfront Hut,Cash,Sunny
WSR-2026-2895,2026-11-21,November,Saturday,Fall,Resort Guest,Fishing Kayak,2 Hours,1,54.00,Cooler Rental,10.00,0.00,64.00,Ben Carter,Harbor Dock,Mobile Pay,Cloudy
WSR-2026-2896,2026-11-21,November,Saturday,Fall,Online Booking,Stand-Up Paddle Board,Half Day,1,66.96,Dry Bag,6.00,0.00,72.96,Diego Ramirez,Lagoon Launch,Credit Card,Sunny
WSR-2026-2897,2026-11-21,November,Saturday,Fall,Resort Guest,Stand-Up Paddle Board,1 Hour,1,28.08,Waterproof Speaker,12.00,0.00,40.08,Mia Thompson,Beachfront Hut,Credit Card,Sunny
WSR-2026-2898,2026-11-22,November,Sunday,Fall,Online Booking,Stand-Up Paddle Board,2 Hours,1,45.36,GoPro Mount,8.00,0.00,53.36,Ben Carter,Beachfront Hut,Credit Card,Windy
WSR-2026-2899,2026-11-22,November,Sunday,Fall,Online Booking,Pedal Boat,2 Hours,1,62.64,Phone Pouch,5.00,0.00,67.64,Mia Thompson,Resort Pier,Debit Card,Sunny
WSR-2026-2900,2026-11-22,November,Sunday,Fall,Walk-in,Tandem Kayak,1 Hour,1,36.72,None,0.00,0.00,36.72,Ava Martinez,Lagoon Launch,Credit Card,Windy
WSR-2026-2901,2026-11-22,November,Sunday,Fall,Group/Event,Fishing Kayak,1 Hour,1,34.56,Premium Life Jacket,7.00,0.00,41.56,Diego Ramirez,Harbor Dock,Debit Card,Rainy
WSR-2026-2902,2026-11-23,November,Monday,Fall,Walk-in,Stand-Up Paddle Board,Half Day,1,62.00,Premium Life Jacket,7.00,0.00,69.00,Finn Johnson,Lagoon Launch,Credit Card,Sunny
WSR-2026-2903,2026-11-24,November,Tuesday,Fall,Group/Event,Bodyboard,1 Hour,1,14.00,Cooler Rental,10.00,2.40,21.60,Chloe Nguyen,Lagoon Launch,Debit Card,Sunny
WSR-2026-2904,2026-11-24,November,Tuesday,Fall,Online Booking,Snorkel Set,2 Hours,1,18.00,Waterproof Speaker,12.00,0.00,30.00,Diego Ramirez,Resort Pier,Cash,Sunny
WSR-2026-2905,2026-11-25,November,Wednesday,Fall,Group/Event,Single Kayak,Full Day,1,84.00,None,0.00,4.20,79.80,Ava Martinez,Marina Kiosk,Credit Card,Sunny
WSR-2026-2906,2026-11-25,November,Wednesday,Fall,Walk-in,Single Kayak,1 Hour,1,24.00,None,0.00,0.00,24.00,Ben Carter,Lagoon Launch,Credit Card,Sunny
WSR-2026-2907,2026-11-26,November,Thursday,Fall,Walk-in,Pedal Boat,Full Day,1,124.00,Cooler Rental,10.00,0.00,134.00,Hannah Brooks,Marina Kiosk,Credit Card,Sunny
WSR-2026-2908,2026-11-26,November,Thursday,Fall,Online Booking,Bodyboard,1 Hour,1,14.00,Cooler Rental,10.00,0.00,24.00,Isaac Patel,Harbor Dock,Credit Card,Sunny
WSR-2026-2909,2026-11-26,November,Thursday,Fall,Online Booking,Surfboard,1 Hour,1,22.00,None,0.00,0.00,22.00,Finn Johnson,Harbor Dock,Mobile Pay,Sunny
WSR-2026-2910,2026-11-27,November,Friday,Fall,Walk-in,Stand-Up Paddle Board,Half Day,1,62.00,Cooler Rental,10.00,0.00,72.00,Diego Ramirez,Beachfront Hut,Credit Card,Sunny
WSR-2026-2911,2026-11-27,November,Friday,Fall,Group/Event,Pedal Boat,1 Hour,1,36.00,None,0.00,3.60,32.40,Grace Lee,Beachfront Hut,Credit Card,Sunny
WSR-2026-2912,2026-11-28,November,Saturday,Fall,Resort Guest,Single Kayak,2 Hours,1,41.04,None,0.00,0.00,41.04,Mia Thompson,Lagoon Launch,Mobile Pay,Cloudy
WSR-2026-2913,2026-11-28,November,Saturday,Fall,Online Booking,Stand-Up Paddle Board,Full Day,1,95.04,GoPro Mount,8.00,0.00,103.04,Emma Wilson,Beachfront Hut,Gift Card,Windy
WSR-2026-2914,2026-11-28,November,Saturday,Fall,Walk-in,Wetsuit Rental,2 Hours,1,17.28,None,0.00,0.00,17.28,Grace Lee,Beachfront Hut,Cash,Sunny
WSR-2026-2915,2026-11-28,November,Saturday,Fall,Resort Guest,Pedal Boat,2 Hours,1,62.64,GoPro Mount,8.00,0.00,70.64,Hannah Brooks,Harbor Dock,Credit Card,Sunny
WSR-2026-2916,2026-11-28,November,Saturday,Fall,Walk-in,Stand-Up Paddle Board,2 Hours,1,45.36,GoPro Mount,8.00,0.00,53.36,Hannah Brooks,Resort Pier,Credit Card,Sunny
WSR-2026-2917,2026-11-28,November,Saturday,Fall,Walk-in,Surfboard,2 Hours,1,38.88,None,0.00,0.00,38.88,Hannah Brooks,Harbor Dock,Cash,Sunny
WSR-2026-2918,2026-11-28,November,Saturday,Fall,Online Booking,Surfboard,Full Day,1,82.08,None,0.00,0.00,82.08,Mia Thompson,Harbor Dock,Credit Card,Cloudy
WSR-2026-2919,2026-11-28,November,Saturday,Fall,Online Booking,Tandem Kayak,1 Hour,1,36.72,None,0.00,0.00,36.72,Hannah Brooks,Lagoon Launch,Debit Card,Sunny
WSR-2026-2920,2026-11-29,November,Sunday,Fall,Resort Guest,Stand-Up Paddle Board,1 Hour,1,28.08,Cooler Rental,10.00,0.00,38.08,Emma Wilson,Harbor Dock,Credit Card,Sunny
WSR-2026-2921,2026-11-29,November,Sunday,Fall,Online Booking,Stand-Up Paddle Board,2 Hours,1,45.36,None,0.00,0.00,45.36,Hannah Brooks,Beachfront Hut,Cash,Cloudy
WSR-2026-2922,2026-11-30,November,Monday,Fall,Resort Guest,Single Kayak,2 Hours,1,38.00,GoPro Mount,8.00,0.00,46.00,Ava Martinez,Beachfront Hut,Cash,Sunny
WSR-2026-2923,2026-12-01,December,Tuesday,Winter,Walk-in,Snorkel Set,1 Hour,1,12.00,None,0.00,0.00,12.00,Finn Johnson,Beachfront Hut,Gift Card,Windy
WSR-2026-2924,2026-12-01,December,Tuesday,Winter,Online Booking,Fishing Kayak,Full Day,1,110.00,None,0.00,0.00,110.00,Emma Wilson,Resort Pier,Debit Card,Rainy
WSR-2026-2925,2026-12-01,December,Tuesday,Winter,Online Booking,Stand-Up Paddle Board,2 Hours,1,42.00,Cooler Rental,10.00,0.00,52.00,Grace Lee,Beachfront Hut,Debit Card,Windy
WSR-2026-2926,2026-12-02,December,Wednesday,Winter,Online Booking,Wetsuit Rental,2 Hours,1,16.00,None,0.00,0.00,16.00,Emma Wilson,Lagoon Launch,Cash,Cloudy
WSR-2026-2927,2026-12-02,December,Wednesday,Winter,Resort Guest,Snorkel Set,1 Hour,1,12.00,Phone Pouch,5.00,0.00,17.00,Grace Lee,Lagoon Launch,Debit Card,Sunny
WSR-2026-2928,2026-12-04,December,Friday,Winter,Online Booking,Surfboard,Full Day,1,76.00,None,0.00,0.00,76.00,Isaac Patel,Beachfront Hut,Debit Card,Sunny
WSR-2026-2929,2026-12-04,December,Friday,Winter,Online Booking,Stand-Up Paddle Board,Half Day,1,62.00,None,0.00,0.00,62.00,Chloe Nguyen,Marina Kiosk,Credit Card,Cloudy
WSR-2026-2930,2026-12-04,December,Friday,Winter,Walk-in,Surfboard,1 Hour,1,22.00,Premium Life Jacket,7.00,1.45,27.55,Isaac Patel,Beachfront Hut,Debit Card,Sunny
WSR-2026-2931,2026-12-05,December,Saturday,Winter,Online Booking,Single Kayak,Half Day,1,62.64,None,0.00,0.00,62.64,Ben Carter,Beachfront Hut,Credit Card,Cloudy
WSR-2026-2932,2026-12-05,December,Saturday,Winter,Group/Event,Bodyboard,1 Hour,1,15.12,GoPro Mount,8.00,0.00,23.12,Ava Martinez,Harbor Dock,Mobile Pay,Sunny
WSR-2026-2933,2026-12-05,December,Saturday,Winter,Group/Event,Tandem Kayak,2 Hours,1,56.16,None,0.00,2.81,53.35,Emma Wilson,Beachfront Hut,Debit Card,Cloudy
WSR-2026-2934,2026-12-05,December,Saturday,Winter,Walk-in,Single Kayak,Half Day,1,62.64,None,0.00,0.00,62.64,Finn Johnson,Resort Pier,Credit Card,Cloudy
WSR-2026-2935,2026-12-05,December,Saturday,Winter,Walk-in,Surfboard,Full Day,1,82.08,Dry Bag,6.00,0.00,88.08,Finn Johnson,Lagoon Launch,Gift Card,Sunny
WSR-2026-2936,2026-12-06,December,Sunday,Winter,Walk-in,Stand-Up Paddle Board,Full Day,1,95.04,Phone Pouch,5.00,0.00,100.04,Grace Lee,Harbor Dock,Credit Card,Sunny
WSR-2026-2937,2026-12-06,December,Sunday,Winter,Group/Event,Stand-Up Paddle Board,Full Day,1,95.04,Cooler Rental,10.00,10.50,94.54,Chloe Nguyen,Lagoon Launch,Mobile Pay,Cloudy
WSR-2026-2938,2026-12-07,December,Monday,Winter,Group/Event,Single Kayak,Half Day,1,58.00,None,0.00,0.00,58.00,Mia Thompson,Resort Pier,Debit Card,Cloudy
WSR-2026-2939,2026-12-07,December,Monday,Winter,Online Booking,Hydro Bike,1 Hour,1,30.00,None,0.00,0.00,30.00,Grace Lee,Beachfront Hut,Credit Card,Windy
WSR-2026-2940,2026-12-08,December,Tuesday,Winter,Walk-in,Stand-Up Paddle Board,1 Hour,1,26.00,None,0.00,0.00,26.00,Ava Martinez,Beachfront Hut,Debit Card,Sunny
WSR-2026-2941,2026-12-09,December,Wednesday,Winter,Walk-in,Bodyboard,1 Hour,1,14.00,Dry Bag,6.00,0.00,20.00,Ben Carter,Harbor Dock,Credit Card,Windy
WSR-2026-2942,2026-12-09,December,Wednesday,Winter,Resort Guest,Snorkel Set,1 Hour,1,12.00,None,0.00,0.00,12.00,Mia Thompson,Lagoon Launch,Credit Card,Cloudy
WSR-2026-2943,2026-12-10,December,Thursday,Winter,Online Booking,Surfboard,Full Day,1,76.00,None,0.00,0.00,76.00,Hannah Brooks,Resort Pier,Credit Card,Sunny
WSR-2026-2944,2026-12-10,December,Thursday,Winter,Group/Event,Snorkel Set,Half Day,1,28.00,None,0.00,2.80,25.20,Ben Carter,Marina Kiosk,Debit Card,Cloudy
WSR-2026-2945,2026-12-10,December,Thursday,Winter,Group/Event,Single Kayak,1 Hour,1,24.00,None,0.00,1.20,22.80,Ava Martinez,Beachfront Hut,Mobile Pay,Sunny
WSR-2026-2946,2026-12-12,December,Saturday,Winter,Group/Event,Stand-Up Paddle Board,1 Hour,1,28.08,None,0.00,0.00,28.08,Ben Carter,Lagoon Launch,Cash,Windy
WSR-2026-2947,2026-12-12,December,Saturday,Winter,Resort Guest,Tandem Kayak,Half Day,1,84.24,None,0.00,0.00,84.24,Finn Johnson,Resort Pier,Credit Card,Sunny
WSR-2026-2948,2026-12-13,December,Sunday,Winter,Walk-in,Stand-Up Paddle Board,2 Hours,1,45.36,Dry Bag,6.00,0.00,51.36,Ben Carter,Harbor Dock,Credit Card,Windy
WSR-2026-2949,2026-12-13,December,Sunday,Winter,Resort Guest,Bodyboard,Half Day,1,36.72,Dry Bag,6.00,0.00,42.72,Ava Martinez,Lagoon Launch,Debit Card,Sunny
WSR-2026-2950,2026-12-14,December,Monday,Winter,Member,Single Kayak,2 Hours,1,38.00,None,0.00,3.80,34.20,Finn Johnson,Marina Kiosk,Credit Card,Sunny
WSR-2026-2951,2026-12-15,December,Tuesday,Winter,Walk-in,Tandem Kayak,Half Day,1,78.00,Dry Bag,6.00,0.00,84.00,Emma Wilson,Harbor Dock,Debit Card,Sunny
WSR-2026-2952,2026-12-15,December,Tuesday,Winter,Resort Guest,Stand-Up Paddle Board,2 Hours,1,42.00,None,0.00,0.00,42.00,Ben Carter,Marina Kiosk,Mobile Pay,Cloudy
WSR-2026-2953,2026-12-15,December,Tuesday,Winter,Member,Surfboard,Full Day,1,76.00,Phone Pouch,5.00,8.10,72.90,Mia Thompson,Harbor Dock,Credit Card,Cloudy
WSR-2026-2954,2026-12-15,December,Tuesday,Winter,Walk-in,Snorkel Set,Full Day,1,40.00,None,0.00,0.00,40.00,Hannah Brooks,Lagoon Launch,Credit Card,Windy
WSR-2026-2955,2026-12-15,December,Tuesday,Winter,Walk-in,Single Kayak,1 Hour,1,24.00,None,0.00,0.00,24.00,Mia Thompson,Lagoon Launch,Mobile Pay,Sunny
WSR-2026-2956,2026-12-17,December,Thursday,Winter,Online Booking,Stand-Up Paddle Board,1 Hour,1,26.00,None,0.00,0.00,26.00,Hannah Brooks,Lagoon Launch,Credit Card,Windy
WSR-2026-2957,2026-12-17,December,Thursday,Winter,Walk-in,Stand-Up Paddle Board,Half Day,1,62.00,Phone Pouch,5.00,0.00,67.00,Ben Carter,Harbor Dock,Cash,Windy
WSR-2026-2958,2026-12-17,December,Thursday,Winter,Resort Guest,Tandem Kayak,2 Hours,1,52.00,Phone Pouch,5.00,0.00,57.00,Emma Wilson,Harbor Dock,Credit Card,Rainy
WSR-2026-2959,2026-12-17,December,Thursday,Winter,Walk-in,Bodyboard,Full Day,1,48.00,GoPro Mount,8.00,0.00,56.00,Emma Wilson,Harbor Dock,Mobile Pay,Windy
WSR-2026-2960,2026-12-17,December,Thursday,Winter,Resort Guest,Surfboard,2 Hours,1,36.00,None,0.00,0.00,36.00,Emma Wilson,Harbor Dock,Credit Card,Cloudy
WSR-2026-2961,2026-12-18,December,Friday,Winter,Resort Guest,Stand-Up Paddle Board,2 Hours,1,42.00,None,0.00,0.00,42.00,Chloe Nguyen,Beachfront Hut,Gift Card,Sunny
WSR-2026-2962,2026-12-18,December,Friday,Winter,Online Booking,Snorkel Set,1 Hour,1,12.00,GoPro Mount,8.00,0.00,20.00,Isaac Patel,Harbor Dock,Debit Card,Windy
WSR-2026-2963,2026-12-18,December,Friday,Winter,Online Booking,Single Kayak,2 Hours,1,38.00,None,0.00,0.00,38.00,Chloe Nguyen,Harbor Dock,Cash,Sunny
WSR-2026-2964,2026-12-19,December,Saturday,Winter,Walk-in,Fishing Kayak,Half Day,1,82.08,Cooler Rental,10.00,0.00,92.08,Emma Wilson,Beachfront Hut,Debit Card,Cloudy
WSR-2026-2965,2026-12-19,December,Saturday,Winter,Resort Guest,Tandem Kayak,2 Hours,1,56.16,Cooler Rental,10.00,0.00,66.16,Ben Carter,Lagoon Launch,Mobile Pay,Windy
WSR-2026-2966,2026-12-19,December,Saturday,Winter,Member,Single Kayak,2 Hours,1,41.04,GoPro Mount,8.00,7.36,41.68,Chloe Nguyen,Harbor Dock,Credit Card,Windy
WSR-2026-2967,2026-12-19,December,Saturday,Winter,Resort Guest,Fishing Kayak,Full Day,1,118.80,Premium Life Jacket,7.00,0.00,125.80,Emma Wilson,Beachfront Hut,Cash,Sunny
WSR-2026-2968,2026-12-20,December,Sunday,Winter,Walk-in,Surfboard,2 Hours,1,38.88,Phone Pouch,5.00,0.00,43.88,Isaac Patel,Beachfront Hut,Credit Card,Sunny
WSR-2026-2969,2026-12-20,December,Sunday,Winter,Walk-in,Single Kayak,1 Hour,1,25.92,None,0.00,0.00,25.92,Chloe Nguyen,Marina Kiosk,Mobile Pay,Sunny
WSR-2026-2970,2026-12-21,December,Monday,Winter,Resort Guest,Stand-Up Paddle Board,2 Hours,1,42.00,None,0.00,0.00,42.00,Hannah Brooks,Beachfront Hut,Credit Card,Sunny
WSR-2026-2971,2026-12-21,December,Monday,Winter,Walk-in,Stand-Up Paddle Board,2 Hours,1,42.00,None,0.00,0.00,42.00,Ben Carter,Lagoon Launch,Debit Card,Sunny
WSR-2026-2972,2026-12-21,December,Monday,Winter,Walk-in,Single Kayak,Half Day,1,58.00,GoPro Mount,8.00,0.00,66.00,Ben Carter,Harbor Dock,Debit Card,Windy
WSR-2026-2973,2026-12-21,December,Monday,Winter,Walk-in,Snorkel Set,Full Day,1,40.00,Dry Bag,6.00,0.00,46.00,Chloe Nguyen,Harbor Dock,Mobile Pay,Rainy
WSR-2026-2974,2026-12-23,December,Wednesday,Winter,Walk-in,Single Kayak,2 Hours,1,38.00,GoPro Mount,8.00,2.30,43.70,Chloe Nguyen,Lagoon Launch,Debit Card,Sunny
WSR-2026-2975,2026-12-23,December,Wednesday,Winter,Walk-in,Wetsuit Rental,Full Day,1,34.00,None,0.00,0.00,34.00,Diego Ramirez,Lagoon Launch,Mobile Pay,Rainy
WSR-2026-2976,2026-12-23,December,Wednesday,Winter,Online Booking,Wetsuit Rental,Full Day,1,34.00,None,0.00,0.00,34.00,Ava Martinez,Lagoon Launch,Mobile Pay,Cloudy
WSR-2026-2977,2026-12-24,December,Thursday,Winter,Member,Bodyboard,1 Hour,1,14.00,Cooler Rental,10.00,3.60,20.40,Grace Lee,Marina Kiosk,Credit Card,Sunny
WSR-2026-2978,2026-12-24,December,Thursday,Winter,Online Booking,Single Kayak,1 Hour,1,24.00,None,0.00,0.00,24.00,Ben Carter,Beachfront Hut,Mobile Pay,Rainy
WSR-2026-2979,2026-12-24,December,Thursday,Winter,Group/Event,Stand-Up Paddle Board,2 Hours,1,42.00,Phone Pouch,5.00,4.70,42.30,Ava Martinez,Marina Kiosk,Cash,Windy
WSR-2026-2980,2026-12-25,December,Friday,Winter,Online Booking,Stand-Up Paddle Board,2 Hours,1,42.00,Phone Pouch,5.00,0.00,47.00,Mia Thompson,Lagoon Launch,Mobile Pay,Cloudy
WSR-2026-2981,2026-12-25,December,Friday,Winter,Walk-in,Single Kayak,Half Day,1,58.00,None,0.00,0.00,58.00,Finn Johnson,Marina Kiosk,Debit Card,Rainy
WSR-2026-2982,2026-12-26,December,Saturday,Winter,Walk-in,Single Kayak,1 Hour,1,25.92,GoPro Mount,8.00,0.00,33.92,Isaac Patel,Harbor Dock,Credit Card,Windy
WSR-2026-2983,2026-12-26,December,Saturday,Winter,Walk-in,Bodyboard,2 Hours,1,23.76,GoPro Mount,8.00,0.00,31.76,Emma Wilson,Harbor Dock,Debit Card,Sunny
WSR-2026-2984,2026-12-26,December,Saturday,Winter,Resort Guest,Surfboard,2 Hours,1,38.88,Dry Bag,6.00,0.00,44.88,Ben Carter,Beachfront Hut,Debit Card,Sunny
WSR-2026-2985,2026-12-26,December,Saturday,Winter,Online Booking,Tandem Kayak,Half Day,1,84.24,None,0.00,0.00,84.24,Ava Martinez,Marina Kiosk,Mobile Pay,Cloudy
WSR-2026-2986,2026-12-27,December,Sunday,Winter,Online Booking,Stand-Up Paddle Board,2 Hours,1,45.36,None,0.00,2.27,43.09,Ava Martinez,Marina Kiosk,Mobile Pay,Windy
WSR-2026-2987,2026-12-27,December,Sunday,Winter,Group/Event,Wetsuit Rental,Full Day,1,36.72,Phone Pouch,5.00,2.09,39.63,Ben Carter,Lagoon Launch,Debit Card,Cloudy
WSR-2026-2988,2026-12-27,December,Sunday,Winter,Online Booking,Tandem Kayak,Half Day,1,84.24,None,0.00,0.00,84.24,Hannah Brooks,Beachfront Hut,Debit Card,Windy
WSR-2026-2989,2026-12-27,December,Sunday,Winter,Online Booking,Stand-Up Paddle Board,Full Day,1,95.04,Dry Bag,6.00,0.00,101.04,Mia Thompson,Harbor Dock,Credit Card,Cloudy
WSR-2026-2990,2026-12-28,December,Monday,Winter,Walk-in,Stand-Up Paddle Board,Full Day,1,88.00,Phone Pouch,5.00,0.00,93.00,Grace Lee,Lagoon Launch,Credit Card,Rainy
WSR-2026-2991,2026-12-29,December,Tuesday,Winter,Group/Event,Snorkel Set,1 Hour,1,12.00,Cooler Rental,10.00,2.20,19.80,Chloe Nguyen,Lagoon Launch,Credit Card,Rainy
WSR-2026-2992,2026-12-30,December,Wednesday,Winter,Group/Event,Stand-Up Paddle Board,2 Hours,1,42.00,Cooler Rental,10.00,0.00,52.00,Chloe Nguyen,Lagoon Launch,Cash,Windy
WSR-2026-2993,2026-12-30,December,Wednesday,Winter,Walk-in,Fishing Kayak,Full Day,1,110.00,None,0.00,0.00,110.00,Emma Wilson,Marina Kiosk,Cash,Windy
WSR-2026-2994,2026-12-30,December,Wednesday,Winter,Online Booking,Bodyboard,2 Hours,1,22.00,Phone Pouch,5.00,1.35,25.65,Ben Carter,Lagoon Launch,Credit Card,Cloudy
WSR-2026-2995,2026-12-31,December,Thursday,Winter,Resort Guest,Wetsuit Rental,2 Hours,1,16.00,None,0.00,0.00,16.00,Isaac Patel,Harbor Dock,Mobile Pay,Windy
WSR-2026-2996,2026-12-31,December,Thursday,Winter,Online Booking,Wetsuit Rental,Full Day,1,34.00,Dry Bag,6.00,0.00,40.00,Ava Martinez,Harbor Dock,Debit Card,Cloudy
WSR-2026-2997,2026-12-31,December,Thursday,Winter,Walk-in,Single Kayak,2 Hours,1,38.00,Waterproof Speaker,12.00,0.00,50.00,Diego Ramirez,Harbor Dock,Mobile Pay,Rainy
WSR-2026-2998,2026-12-31,December,Thursday,Winter,Resort Guest,Fishing Kayak,1 Hour,1,32.00,None,0.00,0.00,32.00,Ben Carter,Lagoon Launch,Mobile Pay,Cloudy
WSR-2026-2999,2026-12-31,December,Thursday,Winter,Online Booking,Wetsuit Rental,Half Day,1,24.00,Waterproof Speaker,12.00,0.00,36.00,Hannah Brooks,Beachfront Hut,Credit Card,Rainy
WSR-2026-3000,2026-12-31,December,Thursday,Winter,Online Booking,Bodyboard,Full Day,1,48.00,Cooler Rental,10.00,0.00,58.00,Emma Wilson,Harbor Dock,Debit Card,Cloudy
